datetime,CO,NO2,TEMP,RH,AH
2004-03-10T18:00:00Z,2.6,113,13.6,48.9,0.7578
2004-03-10T19:00:00Z,2,92,13.3,47.7,0.7255
2004-03-10T20:00:00Z,2.2,114,11.9,54,0.7502
2004-03-10T21:00:00Z,2.2,122,11,60,0.7867
2004-03-10T22:00:00Z,1.6,116,11.2,59.6,0.7888
2004-03-10T23:00:00Z,1.2,96,11.2,59.2,0.7848
2004-03-11T00:00:00Z,1.2,77,11.3,56.8,0.7603
2004-03-11T01:00:00Z,1,76,10.7,60,0.7702
2004-03-11T02:00:00Z,0.9,60,10.7,59.7,0.7648
2004-03-11T05:00:00Z,0.7,28,11,56.2,0.7366
2004-03-11T06:00:00Z,0.7,48,10.5,58.1,0.7353
2004-03-11T07:00:00Z,1.1,82,10.2,59.6,0.7417
2004-03-11T08:00:00Z,2,112,10.8,57.4,0.7408
2004-03-11T09:00:00Z,2.2,101,10.5,60.6,0.7691
2004-03-11T10:00:00Z,1.7,98,10.8,58.4,0.7552
2004-03-11T11:00:00Z,1.5,92,10.5,57.9,0.7352
2004-03-11T12:00:00Z,1.6,95,9.5,66.8,0.7951
2004-03-11T13:00:00Z,1.9,112,8.3,76.4,0.8393
2004-03-11T14:00:00Z,2.9,128,8,81.1,0.8736
2004-03-11T15:00:00Z,2.2,126,8.3,79.8,0.8778
2004-03-11T16:00:00Z,2.2,131,9.7,71.2,0.8569
2004-03-11T17:00:00Z,2.9,135,9.8,67.6,0.8185
2004-03-11T18:00:00Z,4.8,151,10.3,64.2,0.8065
2004-03-11T19:00:00Z,6.9,172,9.7,69.3,0.8319
2004-03-11T20:00:00Z,6.1,165,9.6,67.8,0.8133
2004-03-11T21:00:00Z,3.9,136,9.1,64,0.7419
2004-03-11T22:00:00Z,1.5,85,8.2,63.4,0.6905
2004-03-11T23:00:00Z,1,53,8.2,60.8,0.6657
2004-03-12T00:00:00Z,1.7,97,8.3,58.5,0.6438
2004-03-12T01:00:00Z,1.9,110,7.7,59.7,0.6308
2004-03-12T02:00:00Z,1.4,91,7.1,61.8,0.6276
2004-03-12T05:00:00Z,0.6,44,6.3,65,0.6233
2004-03-12T06:00:00Z,0.8,71,6.8,62.9,0.6234
2004-03-12T07:00:00Z,1.4,104,6.4,65.1,0.6316
2004-03-12T08:00:00Z,4.4,141,7.3,63.1,0.6499
2004-03-12T10:00:00Z,3.1,122,13.2,41.7,0.632
2004-03-12T11:00:00Z,2.7,143,14.3,38.4,0.6243
2004-03-12T12:00:00Z,2.1,113,15,36.5,0.6195
2004-03-12T13:00:00Z,2.5,116,16.1,34.5,0.6262
2004-03-12T14:00:00Z,2.7,123,16.3,35.7,0.656
2004-03-12T15:00:00Z,2.9,126,15.8,37,0.661
2004-03-12T16:00:00Z,2.8,120,15.9,37.2,0.6657
2004-03-12T17:00:00Z,2.4,119,16.9,34.3,0.6549
2004-03-12T18:00:00Z,3.9,149,15.1,39.6,0.6766
2004-03-12T19:00:00Z,3.7,145,14.4,43.4,0.7084
2004-03-12T20:00:00Z,6.6,170,12.9,50.5,0.7478
2004-03-12T21:00:00Z,4.4,149,12.1,53.3,0.7536
2004-03-12T22:00:00Z,3.5,139,11,59.1,0.774
2004-03-12T23:00:00Z,5.4,134,9.7,64.6,0.7771
2004-03-13T00:00:00Z,2.7,113,9.5,64.1,0.7597
2004-03-13T01:00:00Z,1.9,97,9.1,63.9,0.7423
2004-03-13T02:00:00Z,1.6,82,8.8,63.9,0.7256
2004-03-13T05:00:00Z,1,65,8.3,63.6,0.6982
2004-03-13T06:00:00Z,1.2,60,7.2,67.5,0.6887
2004-03-13T07:00:00Z,1.5,77,6.3,71.9,0.6932
2004-03-13T08:00:00Z,2.7,96,6.5,71.6,0.6945
2004-03-13T09:00:00Z,3.7,119,9.6,59.7,0.7124
2004-03-13T10:00:00Z,3.2,126,12.4,51.2,0.7335
2004-03-13T11:00:00Z,4.1,158,15.6,42.2,0.7451
2004-03-13T12:00:00Z,3.6,161,18.4,33.8,0.709
2004-03-13T13:00:00Z,2.8,124,19.4,31.3,0.695
2004-03-13T14:00:00Z,2,102,18,34.8,0.7127
2004-03-13T15:00:00Z,2,116,18.4,33.6,0.7042
2004-03-13T16:00:00Z,2.5,124,17.6,35.1,0.7012
2004-03-13T17:00:00Z,2.3,125,16.7,37.8,0.7117
2004-03-13T18:00:00Z,3.2,148,16.1,41,0.7451
2004-03-13T19:00:00Z,4.2,165,15.8,42.4,0.7569
2004-03-13T20:00:00Z,4.2,161,15.7,44.1,0.7786
2004-03-13T21:00:00Z,4.2,159,15.3,46.8,0.8091
2004-03-13T22:00:00Z,3.1,143,14.6,48.6,0.806
2004-03-13T23:00:00Z,2.6,130,14.7,49.3,0.8193
2004-03-14T00:00:00Z,2.9,129,13.9,53.6,0.8498
2004-03-14T01:00:00Z,2.8,119,14.6,51.5,0.8536
2004-03-14T02:00:00Z,2.5,104,12.5,58.9,0.8537
2004-03-14T05:00:00Z,1.2,70,11.5,63.1,0.8533
2004-03-14T06:00:00Z,1,63,11.6,62.2,0.8473
2004-03-14T07:00:00Z,0.9,67,10.4,67.6,0.853
2004-03-14T08:00:00Z,1.4,84,11.6,62.7,0.853
2004-03-14T09:00:00Z,1.6,83,12.4,60,0.8627
2004-03-14T10:00:00Z,2.2,98,14.5,53.1,0.8728
2004-03-14T11:00:00Z,2.8,114,16.9,46.1,0.8789
2004-03-14T12:00:00Z,2.8,119,19.3,38.3,0.8474
2004-03-14T13:00:00Z,2,104,21.2,31.4,0.7812
2004-03-14T14:00:00Z,1.8,102,21.4,30.2,0.7616
2004-03-14T15:00:00Z,1.9,107,21.9,29,0.7525
2004-03-14T16:00:00Z,3,129,22.2,28.4,0.7516
2004-03-14T17:00:00Z,2.9,128,21.3,30.8,0.7696
2004-03-14T18:00:00Z,2.5,121,19.7,36.7,0.8307
2004-03-14T19:00:00Z,4.6,157,18.4,41.7,0.8732
2004-03-14T20:00:00Z,5.9,173,17.6,46.1,0.921
2004-03-14T21:00:00Z,3.4,146,16.7,49.6,0.932
2004-03-14T22:00:00Z,2.1,121,16.3,51,0.9341
2004-03-14T23:00:00Z,2.2,119,14.7,55.9,0.9314
2004-03-15T00:00:00Z,1.8,99,14.8,54.7,0.9164
2004-03-15T01:00:00Z,1.8,93,14,57,0.9094
2004-03-15T02:00:00Z,1.8,88,13.4,61.3,0.9361
2004-03-15T05:00:00Z,1,74,11.9,67.4,0.9375
2004-03-15T06:00:00Z,1.4,80,11.4,70.5,0.9475
2004-03-15T07:00:00Z,2.2,89,11.3,70.2,0.9401
2004-03-15T08:00:00Z,5.5,114,12.4,63.9,0.917
2004-03-15T09:00:00Z,8.1,149,14.8,54.3,0.9076
2004-03-15T10:00:00Z,5.8,157,17.4,45.6,0.8993
2004-03-15T11:00:00Z,4.2,155,19.8,38.5,0.8801
2004-03-15T12:00:00Z,3.1,134,22,34.1,0.8904
2004-03-15T13:00:00Z,2.9,119,23.3,32.2,0.9096
2004-03-15T14:00:00Z,2.9,111,23.9,30,0.8757
2004-03-15T15:00:00Z,2.5,104,24.4,28.9,0.8736
2004-03-15T16:00:00Z,2.3,99,24.4,29.4,0.8848
2004-03-15T17:00:00Z,2.8,110,23.8,31.3,0.9137
2004-03-15T18:00:00Z,6.1,162,22.5,35.4,0.9547
2004-03-15T19:00:00Z,8,187,20.4,42.5,1.0086
2004-03-15T20:00:00Z,6.5,165,18.3,52.6,1.0945
2004-03-15T21:00:00Z,4.2,145,16.7,57.4,1.0786
2004-03-15T22:00:00Z,3.2,125,15.7,60.2,1.0654
2004-03-15T23:00:00Z,1.4,101,15.3,61.4,1.058
2004-03-16T00:00:00Z,2.1,103,14.1,65.7,1.0494
2004-03-16T01:00:00Z,1.2,88,14.8,60.6,1.0148
2004-03-16T02:00:00Z,0.8,61,14.8,59.2,0.9879
2004-03-16T05:00:00Z,0.6,52,12.8,63.2,0.9283
2004-03-16T06:00:00Z,0.9,64,11.2,68.5,0.9081
2004-03-16T07:00:00Z,1.3,70,11,66.5,0.8705
2004-03-16T08:00:00Z,3.4,97,11.7,63.7,0.8719
2004-03-16T09:00:00Z,3.7,95,13.6,56.3,0.8743
2004-03-16T10:00:00Z,5.3,150,17.8,42.9,0.8672
2004-03-16T11:00:00Z,4.1,162,21.4,33.3,0.8417
2004-03-16T12:00:00Z,3.3,154,24.4,27.4,0.8231
2004-03-16T13:00:00Z,4,161,25.3,26.1,0.8264
2004-03-16T14:00:00Z,3.8,161,25.8,23.2,0.7589
2004-03-16T15:00:00Z,2.8,128,27,20.2,0.7094
2004-03-16T16:00:00Z,2.9,129,28.2,18.6,0.7014
2004-03-16T17:00:00Z,2.9,133,28,19.1,0.7098
2004-03-16T18:00:00Z,3.4,139,23.9,25.7,0.7519
2004-03-16T19:00:00Z,3.9,137,21.3,34.8,0.873
2004-03-16T20:00:00Z,3.2,143,20.4,36.7,0.8704
2004-03-16T21:00:00Z,5.1,177,19,41.3,0.9007
2004-03-16T22:00:00Z,2.6,138,17.9,45.9,0.9342
2004-03-16T23:00:00Z,1.7,117,16.7,48.9,0.9226
2004-03-17T00:00:00Z,1.7,107,15.5,52.9,0.9271
2004-03-17T01:00:00Z,1.2,90,15.5,51.9,0.9059
2004-03-17T02:00:00Z,0.9,79,14.1,55.6,0.891
2004-03-17T05:00:00Z,0.5,40,11.8,58,0.8026
2004-03-17T06:00:00Z,0.5,53,11.9,57.4,0.7978
2004-03-17T07:00:00Z,1.6,84,9.9,65.2,0.7956
2004-03-17T08:00:00Z,4.1,108,11.1,60.2,0.7958
2004-03-17T09:00:00Z,6.6,127,14.1,50,0.802
2004-03-17T10:00:00Z,4.3,134,17.7,40.1,0.8048
2004-03-17T11:00:00Z,2.9,135,21.1,33.4,0.8265
2004-03-17T12:00:00Z,2.5,142,24.3,28.3,0.8471
2004-03-17T13:00:00Z,2.8,153,25.6,25.6,0.8254
2004-03-17T14:00:00Z,2.6,123,25.9,25.9,0.8503
2004-03-17T15:00:00Z,2,104,26.8,18.7,0.65
2004-03-17T16:00:00Z,2.9,129,29.3,15.8,0.6309
2004-03-17T17:00:00Z,2.5,114,28.5,14.9,0.5708
2004-03-17T18:00:00Z,5,158,25.9,16,0.5237
2004-03-17T19:00:00Z,7.6,194,23.1,26.5,0.7403
2004-03-17T20:00:00Z,6.7,182,20.5,38.2,0.9133
2004-03-17T21:00:00Z,5.7,180,19.1,42.6,0.9294
2004-03-17T22:00:00Z,2.8,136,17.2,44.1,0.8558
2004-03-17T23:00:00Z,2.6,127,16,50.9,0.9206
2004-03-18T00:00:00Z,2.3,116,14.8,53.9,0.9024
2004-03-18T01:00:00Z,1.4,107,14.3,55.4,0.8975
2004-03-18T02:00:00Z,1,88,14.8,52.1,0.8686
2004-03-18T05:00:00Z,0.6,57,12,58.9,0.8233
2004-03-18T06:00:00Z,0.7,71,10.9,62.1,0.8113
2004-03-18T07:00:00Z,1.5,85,10.6,63.3,0.8067
2004-03-18T08:00:00Z,4.7,124,11.5,60,0.8117
2004-03-18T09:00:00Z,6.6,151,14.3,50.6,0.8186
2004-03-18T10:00:00Z,4.5,150,17.8,40.5,0.821
2004-03-18T11:00:00Z,2.8,152,20.8,34.4,0.8365
2004-03-18T12:00:00Z,2.2,139,23.8,28.2,0.8219
2004-03-18T13:00:00Z,2.2,133,24.2,28.7,0.8515
2004-03-18T14:00:00Z,2.3,126,25.2,24.9,0.7829
2004-03-18T15:00:00Z,2.2,128,27,17.8,0.6275
2004-03-18T16:00:00Z,2.8,169,27.1,23.1,0.818
2004-03-18T17:00:00Z,2.7,149,25.8,23.9,0.7832
2004-03-18T18:00:00Z,3.7,156,23,26.8,0.7446
2004-03-18T19:00:00Z,5.1,168,20.7,31.1,0.7523
2004-03-18T20:00:00Z,5.1,176,18.6,36.2,0.7676
2004-03-18T21:00:00Z,3.2,135,16,48.4,0.8768
2004-03-18T22:00:00Z,2.1,121,14.5,57.8,0.9456
2004-03-18T23:00:00Z,1.7,99,13.1,64.2,0.9606
2004-03-19T00:00:00Z,2,106,12,69.7,0.9735
2004-03-19T01:00:00Z,1.6,96,11.9,71.1,0.9915
2004-03-19T02:00:00Z,0.9,63,12.5,69.3,1.0029
2004-03-19T05:00:00Z,0.5,28,12.5,66.8,0.962
2004-03-19T06:00:00Z,0.7,61,12.3,66.3,0.9487
2004-03-19T07:00:00Z,1.5,99,12.4,64.9,0.9332
2004-03-19T08:00:00Z,4.8,157,13,61.6,0.9209
2004-03-19T09:00:00Z,6.2,166,13.6,58.8,0.912
2004-03-19T10:00:00Z,4,149,13.9,57.1,0.9032
2004-03-19T11:00:00Z,3.3,135,14.5,54.4,0.8917
2004-03-19T12:00:00Z,2.8,127,15.5,50.1,0.8744
2004-03-19T13:00:00Z,3,122,16.1,47.6,0.8655
2004-03-19T14:00:00Z,3.3,135,16.3,47.1,0.864
2004-03-19T15:00:00Z,3.5,139,16.4,47.5,0.8791
2004-03-19T16:00:00Z,4,147,16.1,50.2,0.9094
2004-03-19T17:00:00Z,4.6,158,16,50.7,0.9142
2004-03-19T18:00:00Z,4.1,146,15.8,50.3,0.8989
2004-03-19T19:00:00Z,4.5,144,15.5,50.6,0.884
2004-03-19T20:00:00Z,3.9,138,15.4,51.4,0.8956
2004-03-19T21:00:00Z,4,143,15.2,53.1,0.9117
2004-03-19T22:00:00Z,2.2,116,14.7,57.6,0.9573
2004-03-19T23:00:00Z,2.1,109,14.2,58.3,0.938
2004-03-20T00:00:00Z,1.7,92,13.8,57.9,0.9085
2004-03-20T01:00:00Z,1.6,83,13.9,55.9,0.8842
2004-03-20T02:00:00Z,1.3,81,13.9,55.6,0.8765
2004-03-20T05:00:00Z,0.8,53,13.6,55.1,0.856
2004-03-20T06:00:00Z,0.8,67,13.6,59,0.9129
2004-03-20T07:00:00Z,1.1,91,13.5,58.4,0.896
2004-03-20T08:00:00Z,2.1,113,13.8,58,0.9083
2004-03-20T09:00:00Z,2.4,102,14.6,53.1,0.8765
2004-03-20T10:00:00Z,2.6,107,15,52.3,0.8881
2004-03-20T11:00:00Z,2.8,113,15.4,52.1,0.9046
2004-03-20T12:00:00Z,2.6,108,16.3,50,0.9158
2004-03-20T13:00:00Z,2.6,105,17.1,47.9,0.9281
2004-03-20T14:00:00Z,2.1,93,19,42.9,0.937
2004-03-20T15:00:00Z,1.7,87,19.5,42.3,0.9476
2004-03-20T16:00:00Z,1.6,76,19.5,42.3,0.9493
2004-03-20T17:00:00Z,2.1,94,19.1,43.8,0.9556
2004-03-20T18:00:00Z,2.3,110,18.5,46.3,0.9744
2004-03-20T19:00:00Z,3.5,136,17.4,51.6,1.0159
2004-03-20T20:00:00Z,3.9,139,17.1,51.3,0.9914
2004-03-20T21:00:00Z,3.3,125,16.4,53.8,0.9964
2004-03-20T22:00:00Z,2.3,111,16.2,55.4,1.0132
2004-03-20T23:00:00Z,2.1,97,15.9,57.7,1.0356
2004-03-21T00:00:00Z,2.8,107,15.7,58.6,1.0396
2004-03-21T01:00:00Z,2.1,90,15.1,60.9,1.0398
2004-03-21T02:00:00Z,1.6,84,15.6,56.6,0.9951
2004-03-21T05:00:00Z,1.1,66,14.9,60.6,1.0196
2004-03-21T06:00:00Z,0.7,36,14.5,63,1.0316
2004-03-21T07:00:00Z,0.8,62,14.2,66.2,1.063
2004-03-21T08:00:00Z,1.2,91,14.5,65.3,1.0704
2004-03-21T09:00:00Z,1.4,89,15.3,62.1,1.073
2004-03-21T10:00:00Z,1.7,93,16.3,59,1.0868
2004-03-21T11:00:00Z,1.8,81,18.9,49.6,1.07
2004-03-21T12:00:00Z,1.8,82,19.4,46.1,1.0249
2004-03-21T13:00:00Z,1.9,80,20.8,41.6,1.0091
2004-03-21T14:00:00Z,1.3,48,21.4,40.3,1.0126
2004-03-21T15:00:00Z,1.6,61,21.2,39.3,0.9791
2004-03-21T16:00:00Z,1.9,89,20.3,38,0.8942
2004-03-21T17:00:00Z,2.3,105,19.4,41.3,0.9206
2004-03-21T18:00:00Z,3.8,116,18.5,43.8,0.9252
2004-03-21T19:00:00Z,3.5,119,17.8,48.1,0.9689
2004-03-21T20:00:00Z,4.3,144,17.9,46.9,0.952
2004-03-21T21:00:00Z,2.8,123,17.4,49.1,0.9688
2004-03-21T22:00:00Z,1.9,105,17,51.7,0.9914
2004-03-21T23:00:00Z,1.9,93,16.4,55.1,1.0198
2004-03-22T00:00:00Z,1.7,86,16.1,60,1.0919
2004-03-22T01:00:00Z,1.5,76,15.8,60.5,1.0805
2004-03-22T02:00:00Z,0.6,33,16.3,57,1.0491
2004-03-22T05:00:00Z,0.3,23,16.5,53.9,1.0049
2004-03-22T06:00:00Z,0.6,46,16.4,54,0.9979
2004-03-22T07:00:00Z,1.2,76,15.7,57.6,1.0195
2004-03-22T08:00:00Z,3.6,116,15.8,53.7,0.9571
2004-03-22T09:00:00Z,3.7,115,17.4,42.1,0.8281
2004-03-22T10:00:00Z,1.8,83,17.9,38.4,0.7793
2004-03-22T11:00:00Z,1.6,87,18.5,36.7,0.7764
2004-03-22T12:00:00Z,1.9,90,21,29.6,0.7263
2004-03-22T13:00:00Z,2,87,21.3,28.1,0.7067
2004-03-22T14:00:00Z,2.2,99,21.3,26.1,0.6539
2004-03-22T15:00:00Z,2.1,99,21.3,26.8,0.6681
2004-03-22T16:00:00Z,2.3,101,21.3,24.2,0.606
2004-03-22T17:00:00Z,2.6,103,20.2,28.5,0.6682
2004-03-22T18:00:00Z,3.8,129,17,43.1,0.8264
2004-03-22T19:00:00Z,4.4,143,15.6,47.4,0.8347
2004-03-22T20:00:00Z,4.5,146,15.3,47.4,0.8178
2004-03-22T21:00:00Z,3.3,124,14.5,49.7,0.8177
2004-03-22T22:00:00Z,2,113,13.9,52,0.8231
2004-03-22T23:00:00Z,1.1,80,14.5,49.4,0.8106
2004-03-23T00:00:00Z,0.9,72,13.8,51.4,0.8071
2004-03-23T01:00:00Z,0.8,64,14,51.3,0.8163
2004-03-23T02:00:00Z,0.7,70,13,56.8,0.8444
2004-03-23T05:00:00Z,0.3,22,8.8,80.5,0.9147
2004-03-23T06:00:00Z,0.5,47,9.6,75.4,0.9004
2004-03-23T07:00:00Z,1.1,88,9.8,75,0.9093
2004-03-23T08:00:00Z,3,130,10,74.2,0.9117
2004-03-23T09:00:00Z,3.8,132,11.2,69.7,0.9232
2004-03-23T10:00:00Z,3.4,132,12,62.9,0.8803
2004-03-23T11:00:00Z,3,131,12.8,55.8,0.821
2004-03-23T12:00:00Z,2.7,129,13.1,54.8,0.8234
2004-03-23T13:00:00Z,3.5,132,13.8,53.4,0.8351
2004-03-23T14:00:00Z,2.8,110,16,42.4,0.7674
2004-03-23T15:00:00Z,1.9,99,14.1,49.8,0.7971
2004-03-23T16:00:00Z,2,100,12,61.1,0.8537
2004-03-23T17:00:00Z,3,122,13.6,54.6,0.8465
2004-03-23T18:00:00Z,1.9,97,13.7,49.5,0.7695
2004-03-23T19:00:00Z,2.7,112,11.7,57.1,0.7822
2004-03-23T20:00:00Z,3.3,128,11.5,58.2,0.7867
2004-03-23T21:00:00Z,1.7,101,12.6,54.2,0.7881
2004-03-23T22:00:00Z,1.3,96,12,54.9,0.7664
2004-03-23T23:00:00Z,1.3,86,11,61.4,0.8057
2004-03-24T00:00:00Z,1.2,85,11.1,62.2,0.8199
2004-03-24T01:00:00Z,1.1,79,10.8,62.5,0.8082
2004-03-24T02:00:00Z,0.9,61,11.3,60,0.8025
2004-03-24T05:00:00Z,0.6,54,10.9,58.6,0.7628
2004-03-24T06:00:00Z,0.8,57,10.8,57.2,0.7382
2004-03-24T07:00:00Z,1.2,75,10.4,59.2,0.7455
2004-03-24T08:00:00Z,3.1,97,11,57.3,0.7501
2004-03-24T09:00:00Z,4.4,110,11.2,56.9,0.7565
2004-03-24T10:00:00Z,3.4,113,12.1,54.9,0.7734
2004-03-24T11:00:00Z,1.7,88,15.1,44.3,0.7535
2004-03-24T12:00:00Z,1.5,85,15.6,40.6,0.7146
2004-03-24T13:00:00Z,1.7,96,16.9,34.6,0.6597
2004-03-24T14:00:00Z,2.2,106,16.6,35.6,0.6697
2004-03-24T16:00:00Z,2.7,126,9.6,81.1,0.972
2004-03-24T17:00:00Z,2.8,130,11.7,69.1,0.9497
2004-03-24T18:00:00Z,2.7,111,10.7,68.5,0.8794
2004-03-24T19:00:00Z,4.5,134,10.7,67.3,0.8643
2004-03-24T20:00:00Z,3.5,136,10.8,65.7,0.8486
2004-03-24T21:00:00Z,2.6,125,10.3,66.3,0.8336
2004-03-24T22:00:00Z,1.7,108,10.1,66.9,0.8248
2004-03-24T23:00:00Z,1.3,87,10.4,61.1,0.7717
2004-03-25T00:00:00Z,1.3,89,10.3,59.9,0.7516
2004-03-25T01:00:00Z,1,58,11,58.4,0.7686
2004-03-25T02:00:00Z,0.7,54,9.1,68.1,0.789
2004-03-25T04:00:00Z,0.5,28,9.3,72.3,0.8496
2004-03-25T05:00:00Z,0.5,20,9.9,66.8,0.8152
2004-03-25T06:00:00Z,0.6,51,7.6,83.2,0.8695
2004-03-25T07:00:00Z,1.1,82,8.1,79,0.8544
2004-03-25T08:00:00Z,2.7,112,8.7,74.6,0.8429
2004-03-25T09:00:00Z,3.5,119,8.6,75.1,0.8415
2004-03-25T10:00:00Z,2.3,99,9.7,69.7,0.8389
2004-03-25T11:00:00Z,1.6,98,11,64.4,0.8447
2004-03-25T12:00:00Z,1.3,88,13.6,53,0.8209
2004-03-25T13:00:00Z,2,96,14.2,48.4,0.778
2004-03-25T14:00:00Z,1.9,81,14.2,46.3,0.7438
2004-03-25T15:00:00Z,1.9,92,16,41.3,0.7462
2004-03-25T16:00:00Z,2.2,105,17.7,35.4,0.7094
2004-03-25T17:00:00Z,2,88,17.1,37.4,0.7225
2004-03-25T18:00:00Z,2.9,103,14.9,40.5,0.6835
2004-03-25T19:00:00Z,5.2,141,13.4,47.8,0.7293
2004-03-25T20:00:00Z,4.6,133,12.6,52.5,0.7642
2004-03-25T21:00:00Z,2.5,119,12.2,53.2,0.7555
2004-03-25T22:00:00Z,1.5,106,10.6,56.1,0.714
2004-03-25T23:00:00Z,1.2,92,9.9,59.5,0.7276
2004-03-26T00:00:00Z,1.7,97,9.6,61.1,0.7323
2004-03-26T01:00:00Z,1.4,91,9.7,61.6,0.7425
2004-03-26T02:00:00Z,1.2,83,9.4,62.6,0.7398
2004-03-26T04:00:00Z,0.7,59,8,69.4,0.7459
2004-03-26T05:00:00Z,0.8,73,7.7,72.4,0.7655
2004-03-26T06:00:00Z,0.9,78,8,71.8,0.7711
2004-03-26T07:00:00Z,1.6,90,8.5,66.3,0.7375
2004-03-26T08:00:00Z,3.4,110,9.8,59.6,0.7214
2004-03-26T09:00:00Z,3.8,114,11.2,57,0.7544
2004-03-26T10:00:00Z,3.1,119,14.8,44.1,0.7407
2004-03-26T11:00:00Z,2.7,121,16.8,35.3,0.6729
2004-03-26T12:00:00Z,2,97,19.2,27.1,0.5976
2004-03-26T13:00:00Z,2.3,99,19.1,26.2,0.5741
2004-03-26T14:00:00Z,1.9,85,16.3,30.8,0.5683
2004-03-26T15:00:00Z,1.3,75,14.2,36.8,0.5922
2004-03-26T16:00:00Z,1.9,87,13.4,41,0.6292
2004-03-26T17:00:00Z,2.3,102,14.2,43.3,0.6982
2004-03-26T18:00:00Z,2.4,105,12.1,45.6,0.6403
2004-03-26T19:00:00Z,2.7,98,10.4,48,0.6046
2004-03-26T20:00:00Z,2.6,93,10,51.1,0.628
2004-03-26T21:00:00Z,1.5,91,9.8,50.8,0.6172
2004-03-26T22:00:00Z,1.2,85,9.7,50.4,0.6063
2004-03-26T23:00:00Z,1.1,74,9.9,50.2,0.6103
2004-03-27T00:00:00Z,1.5,87,9.4,53.4,0.63
2004-03-27T01:00:00Z,1,79,8.6,57.8,0.6488
2004-03-27T02:00:00Z,1.2,78,8.1,62.1,0.6746
2004-03-27T05:00:00Z,0.8,48,8.2,58.9,0.6444
2004-03-27T06:00:00Z,0.9,59,6.3,66.6,0.641
2004-03-27T07:00:00Z,1.1,65,7.2,62.9,0.6396
2004-03-27T08:00:00Z,1.5,71,7.2,63.9,0.65
2004-03-27T09:00:00Z,1.8,84,11.1,50.5,0.6654
2004-03-27T10:00:00Z,2.1,93,15.5,36.1,0.6313
2004-03-27T11:00:00Z,2.1,99,17.8,29.2,0.592
2004-03-27T12:00:00Z,1.9,93,17.6,30.1,0.6013
2004-03-27T13:00:00Z,2.1,96,19.1,26.8,0.5861
2004-03-27T14:00:00Z,2.5,114,17.7,28.6,0.5735
2004-03-27T15:00:00Z,1.9,101,17.8,28.4,0.5737
2004-03-27T16:00:00Z,2.2,108,18.7,26,0.5555
2004-03-27T17:00:00Z,2.3,117,17.1,31.3,0.6038
2004-03-27T18:00:00Z,2.7,125,15.8,36.1,0.644
2004-03-27T19:00:00Z,3,133,14.7,40.1,0.6657
2004-03-27T20:00:00Z,2.8,119,13.6,44.9,0.6991
2004-03-27T21:00:00Z,2.2,107,12.5,48.1,0.6946
2004-03-27T22:00:00Z,1.6,96,11.8,50.8,0.7042
2004-03-27T23:00:00Z,2.1,105,10.9,56.1,0.7326
2004-03-28T00:00:00Z,2.3,102,10.9,55.9,0.7277
2004-03-28T01:00:00Z,2.3,97,10.3,58.1,0.7278
2004-03-28T02:00:00Z,1.7,79,9.3,62.2,0.7294
2004-03-28T04:00:00Z,1.3,69,8.3,64.9,0.7124
2004-03-28T05:00:00Z,0.8,52,9.6,58.5,0.7
2004-03-28T06:00:00Z,1.1,62,7.7,66.4,0.699
2004-03-28T07:00:00Z,1.4,69,7.4,68,0.7043
2004-03-28T08:00:00Z,1.3,75,9.7,58.6,0.7035
2004-03-28T09:00:00Z,1.9,83,12.5,50.1,0.7242
2004-03-28T10:00:00Z,2.3,94,16.8,36.9,0.7018
2004-03-28T11:00:00Z,2.3,96,19.2,31.3,0.6887
2004-03-28T12:00:00Z,1.8,86,21.3,26.4,0.6607
2004-03-28T13:00:00Z,1.4,72,21.2,23.1,0.5768
2004-03-28T14:00:00Z,1,53,18.6,25,0.5319
2004-03-28T15:00:00Z,1.4,65,18,27.3,0.5594
2004-03-28T16:00:00Z,1.3,70,18.2,28.3,0.5848
2004-03-28T17:00:00Z,1.3,75,17,31.4,0.6048
2004-03-28T18:00:00Z,1.4,86,15.6,35,0.617
2004-03-28T19:00:00Z,1.9,94,14.1,40.2,0.6438
2004-03-28T20:00:00Z,1.8,103,13.4,43.2,0.6623
2004-03-28T21:00:00Z,1.1,81,12.3,46.8,0.6686
2004-03-28T22:00:00Z,1.1,80,11.9,46.5,0.6449
2004-03-28T23:00:00Z,1.1,77,11.5,46.6,0.6319
2004-03-29T00:00:00Z,0.9,58,10.6,48,0.6135
2004-03-29T01:00:00Z,0.6,31,10.7,45.8,0.5895
2004-03-29T02:00:00Z,0.5,38,10.4,46.6,0.5901
2004-03-29T04:00:00Z,0.6,59,11.3,46.9,0.628
2004-03-29T05:00:00Z,0.7,70,10.1,51.2,0.6341
2004-03-29T06:00:00Z,0.9,75,9.9,50.7,0.6167
2004-03-29T07:00:00Z,2.9,103,8.1,56.8,0.615
2004-03-29T08:00:00Z,4.1,134,10.9,44.1,0.5748
2004-03-29T09:00:00Z,1.5,98,11.8,37.6,0.5184
2004-03-29T10:00:00Z,1.5,97,13.9,33.2,0.5222
2004-03-29T11:00:00Z,1.5,98,15.6,30.1,0.5285
2004-03-29T12:00:00Z,1.4,78,16.5,29,0.5406
2004-03-29T13:00:00Z,1.6,83,17.5,27.9,0.5517
2004-03-29T14:00:00Z,1.5,92,17.9,26.8,0.5446
2004-03-29T15:00:00Z,1.4,81,18.2,26.1,0.5387
2004-03-29T16:00:00Z,1.5,90,18,27.1,0.5522
2004-03-29T17:00:00Z,1.9,95,17,28.9,0.5558
2004-03-29T18:00:00Z,2.5,114,16.1,31.3,0.568
2004-03-29T19:00:00Z,2.1,106,14.5,35.4,0.5839
2004-03-29T20:00:00Z,1.6,99,13.2,37.9,0.5733
2004-03-29T21:00:00Z,1.2,90,13.1,34.4,0.517
2004-03-29T22:00:00Z,1.1,82,13.5,28.5,0.4405
2004-03-29T23:00:00Z,1,74,12.4,31.9,0.4583
2004-03-30T00:00:00Z,1,76,13.1,26.8,0.4023
2004-03-30T01:00:00Z,0.7,66,11.6,33.6,0.4595
2004-03-30T02:00:00Z,0.7,73,10.5,42.9,0.5442
2004-03-30T05:00:00Z,0.7,71,12.9,33.9,0.5037
2004-03-30T06:00:00Z,1.1,98,11.3,40.3,0.5376
2004-03-30T07:00:00Z,2.6,115,11.9,38.4,0.5341
2004-03-30T08:00:00Z,4,130,13.3,35.6,0.5416
2004-03-30T09:00:00Z,4.2,150,16.3,28.8,0.5305
2004-03-30T10:00:00Z,4.7,159,17.9,28.2,0.5741
2004-03-30T11:00:00Z,3.9,146,18.3,26.6,0.5529
2004-03-30T12:00:00Z,3.7,138,20.8,22.5,0.5463
2004-03-30T13:00:00Z,3.4,128,22.4,20,0.5352
2004-03-30T14:00:00Z,2.2,97,20.9,21.7,0.5295
2004-03-30T15:00:00Z,1.9,91,19.1,26.5,0.579
2004-03-30T16:00:00Z,1.6,81,18.1,30.6,0.6295
2004-03-30T17:00:00Z,2.1,99,17.3,34.7,0.6788
2004-03-30T18:00:00Z,2.2,101,15.8,40.4,0.7228
2004-03-30T19:00:00Z,2.7,106,15.9,42,0.7541
2004-03-30T20:00:00Z,2.4,102,15.9,43.5,0.779
2004-03-30T21:00:00Z,1.3,84,15,46.1,0.7833
2004-03-30T22:00:00Z,1.2,81,15.1,44.6,0.7574
2004-03-30T23:00:00Z,1.5,91,14.9,43.5,0.7302
2004-03-31T00:00:00Z,1.3,82,14.8,41,0.685
2004-03-31T01:00:00Z,1,64,14.8,40.8,0.6814
2004-03-31T02:00:00Z,0.9,70,14.8,40.8,0.6834
2004-03-31T04:00:00Z,0.5,26,14.5,36.1,0.5928
2004-03-31T05:00:00Z,0.6,58,14.6,36,0.5947
2004-03-31T06:00:00Z,1,93,14.4,38.5,0.6291
2004-03-31T07:00:00Z,3.1,110,13.8,58.2,0.9129
2004-03-31T08:00:00Z,4.1,115,13.2,61.1,0.9256
2004-03-31T09:00:00Z,2.2,125,10.4,74.4,0.9384
2004-03-31T10:00:00Z,1.7,118,11.5,71,0.9582
2004-03-31T11:00:00Z,1.9,109,12.2,70,0.9924
2004-03-31T12:00:00Z,2.9,123,12.3,73.3,1.0442
2004-03-31T13:00:00Z,2.2,114,11.3,78.1,1.0411
2004-03-31T14:00:00Z,2.6,114,13.6,69.2,1.0746
2004-03-31T15:00:00Z,3.1,119,14.9,59.3,0.9974
2004-03-31T16:00:00Z,2.3,111,15.7,50.9,0.8997
2004-03-31T17:00:00Z,2.4,103,15.2,52.9,0.9087
2004-03-31T18:00:00Z,2.8,103,15.5,50.8,0.8881
2004-03-31T19:00:00Z,2.7,107,14.3,52.9,0.8581
2004-03-31T20:00:00Z,2.3,105,13.2,56,0.8446
2004-03-31T21:00:00Z,1.5,91,12.6,57,0.8315
2004-03-31T22:00:00Z,1.4,79,12.3,57.8,0.8224
2004-03-31T23:00:00Z,1.2,79,12,58.4,0.8164
2004-04-01T00:00:00Z,1.6,86,12,61.6,0.8593
2004-04-01T01:00:00Z,1.2,70,11.5,63.9,0.8652
2004-04-01T02:00:00Z,1.1,55,10.7,67.2,0.863
2004-04-01T04:00:00Z,0.7,49,10.2,66.6,0.8299
2004-04-01T05:00:00Z,0.9,50,11,63.7,0.8325
2004-04-01T06:00:00Z,1.7,67,9.6,68.8,0.8243
2004-04-01T07:00:00Z,4.2,94,9.5,69.6,0.8273
2004-04-01T08:00:00Z,6.2,119,11.9,60.9,0.8455
2004-04-01T09:00:00Z,4.6,139,16.2,48.6,0.8892
2004-04-01T10:00:00Z,2.8,113,19.2,39.6,0.8693
2004-04-01T11:00:00Z,1.6,88,19.7,38.4,0.8743
2004-04-01T12:00:00Z,1.7,73,20.6,36.7,0.8797
2004-04-01T13:00:00Z,1.7,73,21.8,33.9,0.8771
2004-04-01T17:00:00Z,3.3,106,23.6,27.5,0.7913
2004-04-01T18:00:00Z,4.2,132,22.8,32.1,0.8814
2004-04-01T19:00:00Z,5.5,164,20.8,36.7,0.8878
2004-04-01T20:00:00Z,4.9,161,18.3,40.9,0.8493
2004-04-01T21:00:00Z,2.5,124,16.8,44,0.8341
2004-04-01T22:00:00Z,2,113,15.8,48,0.8569
2004-04-01T23:00:00Z,2,103,14.9,52,0.8757
2004-04-02T00:00:00Z,2,104,14.1,54.4,0.8701
2004-04-02T01:00:00Z,1.3,93,13.3,58.8,0.8922
2004-04-02T02:00:00Z,1,60,13.3,60.9,0.9229
2004-04-02T05:00:00Z,0.7,66,11.3,72.9,0.9738
2004-04-02T06:00:00Z,1.1,82,11.4,71.8,0.9671
2004-04-02T07:00:00Z,2.6,109,11.9,73.7,1.0254
2004-04-02T08:00:00Z,3.9,114,12.6,70.2,1.0221
2004-04-02T09:00:00Z,5,139,13.6,65.3,1.0136
2004-04-02T10:00:00Z,3.3,127,16.9,52.3,1.0013
2004-04-02T11:00:00Z,2.9,127,19.4,44.1,0.9855
2004-04-02T12:00:00Z,3.1,135,22.9,33.8,0.9322
2004-04-02T13:00:00Z,3,130,23.6,31.3,0.9001
2004-04-02T14:00:00Z,2.7,126,24.7,30.5,0.9371
2004-04-02T15:00:00Z,2.7,121,26.1,27.3,0.9101
2004-04-02T16:00:00Z,2.6,122,27.6,22.8,0.8288
2004-04-02T17:00:00Z,3.7,138,26.9,22.3,0.7792
2004-04-02T18:00:00Z,4.5,165,24.3,30.1,0.9012
2004-04-02T19:00:00Z,4.7,154,21.2,40.1,0.9978
2004-04-02T20:00:00Z,5.5,168,19.4,42.5,0.9483
2004-04-02T21:00:00Z,3,146,18.5,43,0.9074
2004-04-02T22:00:00Z,1.9,124,17.8,47,0.9467
2004-04-02T23:00:00Z,2.3,124,16.8,53.2,1.01
2004-04-03T00:00:00Z,1.6,106,17.1,51.8,0.999
2004-04-03T01:00:00Z,1.3,88,16.2,54.2,0.9933
2004-04-03T02:00:00Z,1.2,83,15.1,58.2,0.9886
2004-04-03T04:00:00Z,0.8,74,14.5,58,0.9488
2004-04-03T05:00:00Z,0.8,64,13.7,61.6,0.9631
2004-04-03T06:00:00Z,0.9,69,13.9,59.6,0.9408
2004-04-03T07:00:00Z,2,91,13.3,61.7,0.9399
2004-04-03T08:00:00Z,3,96,15.1,55.8,0.9486
2004-04-03T09:00:00Z,3.1,106,17,50.5,0.9684
2004-04-05T10:00:00Z,3.1,124,15.6,57.4,1.0075
2004-04-05T11:00:00Z,3,121,16.6,55.2,1.0382
2004-04-05T12:00:00Z,3.2,114,17,54.3,1.0434
2004-04-05T13:00:00Z,3.1,114,18,51.5,1.0552
2004-04-05T14:00:00Z,2.5,106,19.5,47.5,1.0653
2004-04-05T15:00:00Z,2.1,89,21.6,41.7,1.0606
2004-04-05T16:00:00Z,2,82,22.2,38.3,1.0106
2004-04-05T17:00:00Z,3.2,111,20.3,42.8,1.0053
2004-04-05T18:00:00Z,4.1,132,19.7,45.4,1.0312
2004-04-05T19:00:00Z,3.9,121,18.8,47.5,1.0199
2004-04-05T20:00:00Z,3.1,116,17.9,49.4,1.0064
2004-04-05T21:00:00Z,2,100,17.5,50.9,1.009
2004-04-05T22:00:00Z,1.7,89,17.4,51.8,1.023
2004-04-05T23:00:00Z,1.6,92,17,53.9,1.0363
2004-04-06T00:00:00Z,1,71,16.6,55.4,1.0408
2004-04-06T01:00:00Z,0.8,51,15.9,57,1.0224
2004-04-06T02:00:00Z,0.5,39,15,59.2,1.0059
2004-04-06T04:00:00Z,0.5,35,14.1,61.6,0.9883
2004-04-06T05:00:00Z,0.8,64,14.6,58.8,0.9711
2004-04-06T06:00:00Z,1.7,94,14.4,58.9,0.9594
2004-04-06T07:00:00Z,4.5,134,15.3,55.2,0.9538
2004-04-06T08:00:00Z,6.2,129,16.2,52.5,0.9576
2004-04-06T09:00:00Z,4.4,125,18.4,46.3,0.9734
2004-04-06T10:00:00Z,2.9,107,19.6,41.8,0.9407
2004-04-06T11:00:00Z,1.6,78,20.2,40.1,0.937
2004-04-06T12:00:00Z,2.6,91,20.9,36.6,0.8939
2004-04-06T13:00:00Z,2.9,116,20.4,34.7,0.8229
2004-04-06T14:00:00Z,2.5,131,19.3,35.4,0.7813
2004-04-06T15:00:00Z,1.9,113,18.6,36.9,0.7829
2004-04-06T16:00:00Z,1.9,98,18.8,36.8,0.7883
2004-04-06T17:00:00Z,2.7,116,17.5,40.6,0.8068
2004-04-06T18:00:00Z,3,120,16.8,44.3,0.8428
2004-04-06T19:00:00Z,3.3,126,16.3,47.7,0.8746
2004-04-06T20:00:00Z,3.2,126,15.6,50.7,0.8947
2004-04-06T21:00:00Z,1.8,90,15.7,49.4,0.8768
2004-04-06T22:00:00Z,1.3,81,15.8,48.6,0.8653
2004-04-06T23:00:00Z,1.1,74,15.7,47,0.8325
2004-04-07T00:00:00Z,0.9,67,15.7,45.9,0.8121
2004-04-07T01:00:00Z,0.7,46,15.6,44.9,0.792
2004-04-07T02:00:00Z,0.4,30,15.6,44.4,0.7827
2004-04-07T04:00:00Z,0.3,19,15.7,45.4,0.8063
2004-04-07T05:00:00Z,0.3,32,15.3,50.1,0.8617
2004-04-07T06:00:00Z,0.8,61,14.2,58.6,0.9443
2004-04-07T07:00:00Z,2.8,111,14.3,58.2,0.9431
2004-04-07T08:00:00Z,3.1,102,15,52,0.8817
2004-04-07T09:00:00Z,2.3,116,13.6,61.4,0.9519
2004-04-07T10:00:00Z,1.6,96,16.1,53.1,0.9675
2004-04-07T11:00:00Z,1.5,97,16.6,44.3,0.8294
2004-04-07T12:00:00Z,1.6,110,17.4,40.3,0.7922
2004-04-07T13:00:00Z,1.8,103,18.1,42.2,0.8679
2004-04-07T14:00:00Z,1.4,79,14.4,51.8,0.8433
2004-04-07T15:00:00Z,1.9,104,10.9,76.4,0.9953
2004-04-07T16:00:00Z,1.2,69,16.4,47.7,0.8819
2004-04-07T17:00:00Z,2.3,96,18,37.1,0.7598
2004-04-07T18:00:00Z,3.3,121,14.7,48.7,0.8089
2004-04-07T19:00:00Z,3.1,129,11.3,71.3,0.9514
2004-04-07T20:00:00Z,3.3,116,10,74,0.9087
2004-04-07T21:00:00Z,1.2,71,9.8,71.8,0.8702
2004-04-07T22:00:00Z,1.3,85,9.3,75.2,0.8796
2004-04-07T23:00:00Z,1.9,101,9.6,76,0.9088
2004-04-08T00:00:00Z,1.4,97,9.3,75,0.8799
2004-04-08T01:00:00Z,1.5,89,9,76.7,0.8825
2004-04-08T02:00:00Z,1.1,72,8.2,79.6,0.8672
2004-04-08T05:00:00Z,0.8,62,8.1,72.1,0.7798
2004-04-08T06:00:00Z,1.1,64,8.1,70.4,0.7609
2004-04-08T07:00:00Z,2.6,80,8.1,70.5,0.7627
2004-04-08T08:00:00Z,5.1,118,9.9,64.3,0.7859
2004-04-08T09:00:00Z,4.2,130,13,54.2,0.809
2004-04-08T10:00:00Z,2.6,113,16.5,42.6,0.7912
2004-04-08T11:00:00Z,2.4,112,19.3,34.2,0.7566
2004-04-08T12:00:00Z,2.1,96,21.5,27.4,0.6941
2004-04-08T13:00:00Z,2.6,125,20.4,26.7,0.6323
2004-04-08T14:00:00Z,2.8,128,20.6,22.6,0.5432
2004-04-08T15:00:00Z,2.5,101,20.6,24.8,0.5931
2004-04-08T16:00:00Z,1.9,95,21,25.4,0.6264
2004-04-08T17:00:00Z,3.6,138,21.5,24.5,0.6203
2004-04-08T18:00:00Z,4.6,154,19.3,28.6,0.6357
2004-04-08T19:00:00Z,6.3,171,18,32.9,0.6737
2004-04-08T20:00:00Z,4.3,136,15.8,39.8,0.7096
2004-04-08T21:00:00Z,1.6,93,15.3,41.5,0.7194
2004-04-08T22:00:00Z,1.4,99,14.1,46,0.7363
2004-04-09T23:00:00Z,2.3,95,12,67.9,0.9523
2004-04-10T00:00:00Z,1.3,79,12,66.9,0.9336
2004-04-10T01:00:00Z,1.7,78,11.5,70.1,0.9503
2004-04-10T02:00:00Z,1.7,75,11.4,69.8,0.939
2004-04-10T04:00:00Z,0.8,52,10.8,70.3,0.9092
2004-04-10T05:00:00Z,1,55,10.2,73.4,0.9129
2004-04-10T06:00:00Z,1.4,65,10.8,70.5,0.9142
2004-04-10T07:00:00Z,1.7,72,11,71,0.9279
2004-04-10T08:00:00Z,2,76,12.4,64,0.9206
2004-04-10T09:00:00Z,2,84,15,53.1,0.8993
2004-04-10T10:00:00Z,1.9,90,16.6,44.4,0.8313
2004-04-10T11:00:00Z,2.1,89,18,38.4,0.7862
2004-04-10T12:00:00Z,1.8,87,20.6,30,0.7213
2004-04-10T13:00:00Z,1.5,88,19.9,26.7,0.6137
2004-04-10T14:00:00Z,1.3,81,19.8,23.1,0.5283
2004-04-10T15:00:00Z,1.4,89,21.4,22.7,0.5722
2004-04-10T16:00:00Z,1.5,91,22.1,21.3,0.5605
2004-04-10T17:00:00Z,1.7,104,21.1,24.5,0.604
2004-04-10T18:00:00Z,2,111,18.3,31.6,0.6562
2004-04-10T19:00:00Z,2.5,129,16.1,35,0.6372
2004-04-10T20:00:00Z,2.4,133,14.8,41.5,0.6929
2004-04-10T21:00:00Z,2,115,13.2,50.3,0.7577
2004-04-10T22:00:00Z,2.9,125,12.3,55.5,0.7916
2004-04-10T23:00:00Z,2.5,117,11.8,56.6,0.7833
2004-04-11T00:00:00Z,1.4,84,11.2,56.2,0.7469
2004-04-11T01:00:00Z,1.2,63,11,56.6,0.7418
2004-04-11T02:00:00Z,1,68,9.3,64.3,0.7531
2004-04-11T05:00:00Z,0.7,49,7.7,70.7,0.7463
2004-04-11T06:00:00Z,0.8,49,7.4,71,0.7346
2004-04-11T07:00:00Z,0.9,52,8.2,66.6,0.7283
2004-04-11T08:00:00Z,1.1,58,8.7,64.3,0.7267
2004-04-11T09:00:00Z,1,51,13,47.9,0.7116
2004-04-11T10:00:00Z,1.6,77,17.4,35.4,0.699
2004-04-11T11:00:00Z,1.8,90,20.2,29.2,0.683
2004-04-11T12:00:00Z,2.6,118,22.7,22.9,0.6224
2004-04-11T13:00:00Z,1.1,70,22.3,22.4,0.5955
2004-04-11T14:00:00Z,0.6,35,22.2,18.9,0.4993
2004-04-11T15:00:00Z,0.9,46,22,19,0.4969
2004-04-11T16:00:00Z,1,58,21,23.6,0.5788
2004-04-11T17:00:00Z,1.2,61,19.6,27.4,0.6162
2004-04-11T18:00:00Z,1.4,80,17.9,30.8,0.6258
2004-04-11T19:00:00Z,2,93,16.4,35.3,0.6532
2004-04-11T20:00:00Z,1.1,78,15.6,37.5,0.6575
2004-04-11T21:00:00Z,1.1,76,15.5,36.7,0.6438
2004-04-11T22:00:00Z,1.1,74,14.5,39,0.6428
2004-04-11T23:00:00Z,1.1,81,14.2,38.2,0.6163
2004-04-12T00:00:00Z,0.7,58,13.7,38.3,0.5957
2004-04-12T01:00:00Z,0.6,59,14.1,34,0.5442
2004-04-12T02:00:00Z,0.7,54,14.6,34,0.5605
2004-04-12T04:00:00Z,0.3,25,13.9,30.9,0.4868
2004-04-12T05:00:00Z,0.3,26,13.5,37.9,0.5852
2004-04-12T06:00:00Z,0.4,49,13.9,43.6,0.6871
2004-04-12T07:00:00Z,0.5,53,13.5,50.1,0.7706
2004-04-12T08:00:00Z,0.6,57,13.3,53.6,0.8169
2004-04-12T09:00:00Z,0.8,73,13.4,56,0.8576
2004-04-12T10:00:00Z,1,78,13,59.6,0.886
2004-04-12T11:00:00Z,1.3,93,12.7,62.7,0.9173
2004-04-12T12:00:00Z,1.1,71,12.1,60.5,0.8505
2004-04-12T13:00:00Z,0.6,56,11.2,64.4,0.8537
2004-04-12T14:00:00Z,0.7,60,10.7,67.6,0.8703
2004-04-12T15:00:00Z,1.2,77,11.4,61.2,0.8236
2004-04-12T16:00:00Z,1.4,82,9.9,70.5,0.8581
2004-04-12T17:00:00Z,1.2,77,10.3,65.2,0.8151
2004-04-12T18:00:00Z,1.3,91,11,58.9,0.7714
2004-04-12T19:00:00Z,1.8,93,10.6,59.5,0.7595
2004-04-12T20:00:00Z,1.2,82,10.6,57.7,0.7362
2004-04-12T21:00:00Z,0.8,74,10.6,56.1,0.7149
2004-04-12T22:00:00Z,0.8,68,10.3,58,0.7239
2004-04-12T23:00:00Z,0.8,65,10.4,58.4,0.7352
2004-04-13T00:00:00Z,0.7,58,10.7,58.2,0.7459
2004-04-13T01:00:00Z,0.5,36,10.5,59.9,0.7624
2004-04-13T02:00:00Z,0.3,29,10.5,60.8,0.7704
2004-04-13T04:00:00Z,0.3,28,11.1,60.1,0.7925
2004-04-13T05:00:00Z,0.7,68,10.1,68.4,0.8443
2004-04-13T06:00:00Z,1.6,99,10,68.7,0.8456
2004-04-13T07:00:00Z,3.9,130,11,64.2,0.8398
2004-04-13T08:00:00Z,4.5,128,12,58.1,0.8138
2004-04-13T09:00:00Z,2.7,120,12.8,52,0.7643
2004-04-13T10:00:00Z,1.6,93,12.6,50.8,0.7387
2004-04-13T11:00:00Z,1.6,96,13.8,47.4,0.7435
2004-04-13T12:00:00Z,1.6,84,15.1,42.7,0.7294
2004-04-13T13:00:00Z,1.5,87,16.3,38.1,0.7006
2004-04-13T14:00:00Z,1.8,87,16.6,36.7,0.6867
2004-04-13T15:00:00Z,2.1,103,15.8,40.5,0.7241
2004-04-13T16:00:00Z,1.7,88,16.3,41.8,0.7712
2004-04-13T17:00:00Z,3,118,16.1,42.8,0.7783
2004-04-13T18:00:00Z,4.6,134,15.3,46.8,0.8074
2004-04-13T19:00:00Z,5,144,14.7,47,0.7815
2004-04-13T20:00:00Z,3.5,129,14.1,49.6,0.7931
2004-04-13T21:00:00Z,2.1,108,13.5,54.1,0.8351
2004-04-13T22:00:00Z,2.1,104,12.3,59.2,0.8461
2004-04-13T23:00:00Z,1.5,90,11.6,62.2,0.851
2004-04-14T00:00:00Z,1.1,74,11.5,61.4,0.8303
2004-04-14T01:00:00Z,0.9,73,10.9,64.6,0.8395
2004-04-14T02:00:00Z,0.7,60,11.1,63.2,0.8331
2004-04-14T05:00:00Z,0.9,62,10.2,65.8,0.8196
2004-04-14T06:00:00Z,1.6,71,10.3,65.6,0.8225
2004-04-14T07:00:00Z,3.9,94,10.8,64,0.8307
2004-04-14T08:00:00Z,5,99,13.3,55.6,0.8453
2004-04-14T09:00:00Z,4.3,119,15.8,46.8,0.8328
2004-04-14T10:00:00Z,2.7,103,19.5,34.4,0.7738
2004-04-14T11:00:00Z,2.1,95,21.1,30.2,0.745
2004-04-14T12:00:00Z,2.1,95,18.4,34.2,0.7185
2004-04-15T09:00:00Z,3.9,114,13.5,53.4,0.8196
2004-04-15T10:00:00Z,3.8,127,15,49.3,0.8364
2004-04-15T11:00:00Z,3.8,135,17.1,42.1,0.812
2004-04-15T12:00:00Z,3.9,135,18.4,36.9,0.7758
2004-04-15T13:00:00Z,3.5,120,19.3,35.4,0.7824
2004-04-15T14:00:00Z,4,129,19.2,35.7,0.7826
2004-04-15T15:00:00Z,3,114,21.5,30.4,0.7677
2004-04-15T16:00:00Z,3.1,129,19.6,34.6,0.7807
2004-04-15T17:00:00Z,5.2,149,19.6,35.5,0.8017
2004-04-15T18:00:00Z,5.9,149,18.3,44.1,0.9183
2004-04-15T19:00:00Z,7.3,158,17.4,47.8,0.9392
2004-04-15T20:00:00Z,6.1,148,16.8,49.8,0.9446
2004-04-15T21:00:00Z,4.6,134,16.2,53.2,0.9723
2004-04-15T22:00:00Z,2.5,111,14.9,59.1,0.9928
2004-04-15T23:00:00Z,2.2,106,13.9,64,1.013
2004-04-16T00:00:00Z,2,108,13.7,66.8,1.041
2004-04-16T01:00:00Z,1.9,93,13.4,69.6,1.0688
2004-04-16T02:00:00Z,1.6,83,12.8,71.9,1.0632
2004-04-16T04:00:00Z,1,69,11.9,74.8,1.038
2004-04-16T05:00:00Z,1.2,77,11.6,76.4,1.0415
2004-04-16T06:00:00Z,2,87,11.7,75.3,1.0325
2004-04-16T07:00:00Z,4.5,109,12.8,71,1.0428
2004-04-16T08:00:00Z,4.1,116,13.8,61.1,0.9595
2004-04-16T09:00:00Z,2.6,105,15.3,51.4,0.8886
2004-04-16T10:00:00Z,2.3,106,16.6,48.7,0.9146
2004-04-16T11:00:00Z,2.6,108,17.6,46.7,0.9324
2004-04-16T12:00:00Z,2.4,100,19.2,42.7,0.9425
2004-04-16T13:00:00Z,4.3,149,15.7,62.5,1.1092
2004-04-16T14:00:00Z,4.6,148,14.5,75.7,1.2425
2004-04-16T15:00:00Z,4,126,14.4,77.4,1.2654
2004-04-16T16:00:00Z,4.7,140,14.6,74.9,1.2391
2004-04-16T17:00:00Z,5.7,142,14.6,76,1.2573
2004-04-16T18:00:00Z,5.2,141,14,76.3,1.2166
2004-04-16T19:00:00Z,6.4,149,13.9,78,1.2303
2004-04-16T20:00:00Z,6,140,13.8,78,1.2229
2004-04-16T21:00:00Z,3.4,117,13.5,79.4,1.2224
2004-04-16T22:00:00Z,2.7,103,13.1,80.1,1.2016
2004-04-16T23:00:00Z,3.1,99,12.8,81,1.1915
2004-04-17T00:00:00Z,2.6,100,12.7,80.6,1.1819
2004-04-17T01:00:00Z,2.2,88,12.5,81.8,1.1838
2004-04-17T02:00:00Z,1.9,83,12.7,81.2,1.1849
2004-04-23T05:00:00Z,0.6,59,14.2,52.2,0.8413
2004-04-23T06:00:00Z,0.8,67,14.3,55.4,0.9003
2004-04-23T07:00:00Z,4,95,14,58,0.9202
2004-04-23T08:00:00Z,5.6,123,15.4,53.3,0.9289
2004-04-23T09:00:00Z,5,142,19.1,42.1,0.9233
2004-04-23T10:00:00Z,3.2,142,23.7,31,0.8968
2004-04-23T11:00:00Z,3.8,169,26.9,25.7,0.8942
2004-04-23T12:00:00Z,3.3,142,29.7,20.6,0.8478
2004-04-23T13:00:00Z,3,136,29.2,21.5,0.8573
2004-04-23T14:00:00Z,3.2,147,29.6,20.1,0.8181
2004-04-23T15:00:00Z,4.4,196,30,19.4,0.81
2004-04-23T16:00:00Z,4.6,186,29.5,20.1,0.8136
2004-04-23T17:00:00Z,5.2,177,27,26.8,0.9403
2004-04-23T18:00:00Z,4.8,164,24.9,30.8,0.954
2004-04-23T19:00:00Z,5.6,161,23.1,36.7,1.0244
2004-04-23T20:00:00Z,4.6,146,21.5,40.8,1.0333
2004-04-23T21:00:00Z,1.8,98,20.5,41.5,0.9864
2004-04-23T22:00:00Z,2.2,108,19.2,44.9,0.9875
2004-04-23T23:00:00Z,2,107,18.8,47.7,1.0221
2004-04-24T00:00:00Z,2.8,113,18.2,49.7,1.0284
2004-04-24T01:00:00Z,2.6,100,16.1,57.4,1.0451
2004-04-24T02:00:00Z,1.8,87,16.3,55.3,1.0178
2004-04-24T05:00:00Z,0.7,65,14.8,57.7,0.9644
2004-04-24T06:00:00Z,0.9,64,14,59.7,0.9499
2004-04-24T07:00:00Z,1.5,73,14.6,56.8,0.9385
2004-04-24T08:00:00Z,2.5,86,16.7,51.9,0.9788
2004-04-24T09:00:00Z,3,105,20,45,1.039
2004-04-24T10:00:00Z,2.6,107,23.9,33.7,0.9837
2004-04-24T11:00:00Z,2.6,114,26.8,29.5,1.0209
2004-04-24T12:00:00Z,2.6,105,27.2,32.4,1.1493
2004-04-24T13:00:00Z,1.9,74,26.9,32.1,1.1217
2004-04-24T14:00:00Z,2,95,24.3,41.8,1.2561
2004-04-24T15:00:00Z,1.7,89,25.6,36,1.1629
2004-04-24T16:00:00Z,1.9,95,27,31.8,1.1176
2004-04-24T17:00:00Z,1.8,93,27.5,31.6,1.1417
2004-04-24T18:00:00Z,2.8,123,24.9,38.1,1.1838
2004-04-24T19:00:00Z,3.5,134,23.4,39.7,1.1276
2004-04-24T20:00:00Z,3.4,126,21.2,50.8,1.2631
2004-04-24T21:00:00Z,2,79,15.6,73.5,1.2953
2004-04-24T22:00:00Z,1.1,54,12.9,79.7,1.1774
2004-04-24T23:00:00Z,1.3,69,11.5,76.9,1.0436
2004-04-25T00:00:00Z,1.2,67,12.2,66.8,0.9455
2004-04-25T01:00:00Z,1.3,73,12.4,64.1,0.9209
2004-04-25T02:00:00Z,1,73,12.7,58.7,0.8605
2004-04-25T05:00:00Z,0.3,20,12.5,50.9,0.7346
2004-04-25T06:00:00Z,0.5,37,12.8,49.3,0.7285
2004-04-25T07:00:00Z,0.6,50,13.5,48.6,0.7487
2004-04-25T08:00:00Z,0.6,45,14.4,45.9,0.7476
2004-04-25T09:00:00Z,0.8,48,15.1,43.9,0.7487
2004-04-25T10:00:00Z,1,56,16.6,38.6,0.7236
2004-04-25T11:00:00Z,0.9,58,17.2,35,0.6789
2004-04-25T12:00:00Z,1,52,17.4,33.9,0.6683
2004-04-25T13:00:00Z,0.8,52,17.9,30.7,0.6234
2004-04-25T14:00:00Z,0.7,44,18.3,27.2,0.5675
2004-04-25T15:00:00Z,0.9,59,19.4,25.7,0.5738
2004-04-25T16:00:00Z,1.3,74,20.2,24.1,0.563
2004-04-25T17:00:00Z,1.4,76,19.6,24.9,0.5625
2004-04-25T18:00:00Z,1.5,83,18.5,27.8,0.5843
2004-04-25T19:00:00Z,2.7,100,17.8,30.3,0.6129
2004-04-25T20:00:00Z,2.5,101,16.6,34,0.6353
2004-04-25T21:00:00Z,1.4,90,15.5,37,0.6447
2004-04-25T22:00:00Z,2.8,93,14.8,39.5,0.6595
2004-04-25T23:00:00Z,2.1,79,14.5,42,0.6896
2004-04-26T00:00:00Z,1.1,57,14.1,44.9,0.7206
2004-04-26T01:00:00Z,0.7,43,14.2,45.5,0.7333
2004-04-26T02:00:00Z,0.4,25,14.1,45.3,0.7247
2004-04-26T05:00:00Z,0.4,44,13.9,43.9,0.6923
2004-04-26T06:00:00Z,0.8,72,14,43.8,0.6959
2004-04-26T07:00:00Z,1.9,91,14.4,43.6,0.7113
2004-04-26T08:00:00Z,2.1,89,15,41.7,0.7093
2004-04-26T09:00:00Z,1.4,84,16.3,38.4,0.7052
2004-04-26T10:00:00Z,1.4,83,18.3,32.3,0.676
2004-04-26T11:00:00Z,1.3,78,18.8,31.7,0.6821
2004-04-26T12:00:00Z,1.5,80,19.6,30.9,0.6968
2004-04-26T13:00:00Z,1.6,75,20.2,30.7,0.7176
2004-04-26T14:00:00Z,1.3,77,19.7,32.5,0.7396
2004-04-26T15:00:00Z,1.4,77,20.7,31.6,0.7602
2004-04-26T16:00:00Z,1.5,81,20,32.7,0.7545
2004-04-26T17:00:00Z,2.2,101,18.6,35.4,0.7535
2004-04-26T18:00:00Z,3.2,119,18.3,35.9,0.7501
2004-04-26T19:00:00Z,3,111,17.8,37.5,0.7568
2004-04-26T20:00:00Z,2.6,109,17.3,38.8,0.7584
2004-04-26T21:00:00Z,1.6,101,17.3,38.8,0.7596
2004-04-26T22:00:00Z,1.5,89,16.4,40.8,0.7542
2004-04-26T23:00:00Z,1.2,75,16,41.4,0.7487
2004-04-27T00:00:00Z,0.8,51,15.4,43,0.7482
2004-04-27T01:00:00Z,0.7,39,15.7,42.5,0.7539
2004-04-27T02:00:00Z,0.5,32,15.6,43.4,0.7651
2004-04-27T05:00:00Z,0.7,68,15.5,47.3,0.8282
2004-04-27T06:00:00Z,1.4,76,14.4,53.1,0.8677
2004-04-27T07:00:00Z,4.1,122,15.9,48.5,0.8704
2004-04-27T08:00:00Z,4.6,129,18.1,40.3,0.8294
2004-04-27T09:00:00Z,1.9,94,19.6,35.9,0.81
2004-04-27T10:00:00Z,1.9,99,22.8,29.1,0.796
2004-04-27T11:00:00Z,1.7,81,24.8,25.3,0.7793
2004-04-27T12:00:00Z,2.4,87,27.2,22,0.7785
2004-04-27T13:00:00Z,3,107,28.2,20.4,0.7677
2004-04-27T14:00:00Z,2,95,25.4,24.2,0.7733
2004-04-27T15:00:00Z,2.7,110,25.7,23.8,0.7737
2004-04-27T16:00:00Z,2.2,99,27.2,22.1,0.7811
2004-04-27T17:00:00Z,2.9,113,27,22.3,0.786
2004-04-27T18:00:00Z,3.4,127,24.5,27.8,0.8433
2004-04-27T19:00:00Z,3.9,131,23.7,30.2,0.8718
2004-04-27T20:00:00Z,3.6,137,21.5,34.5,0.8746
2004-04-27T21:00:00Z,2.5,122,19.9,37.8,0.8675
2004-04-27T22:00:00Z,1.8,100,18.9,40.6,0.8771
2004-04-27T23:00:00Z,2,108,17.9,43.5,0.884
2004-04-28T00:00:00Z,1.3,83,17.4,46.3,0.9112
2004-04-28T01:00:00Z,1,74,18.1,44.7,0.9186
2004-04-28T02:00:00Z,0.6,64,16.5,50.1,0.9331
2004-04-28T05:00:00Z,0.5,39,16.3,52.8,0.9722
2004-04-28T06:00:00Z,1.1,69,13.9,60.7,0.9597
2004-04-28T07:00:00Z,5.5,104,15,58.3,0.9876
2004-04-28T08:00:00Z,4.2,100,16.1,54.8,0.996
2004-04-28T09:00:00Z,4.6,146,19.3,46.4,1.0248
2004-04-28T10:00:00Z,3.4,155,24.2,33.8,1.0097
2004-04-28T11:00:00Z,2.8,139,26.7,28.7,0.9895
2004-04-28T12:00:00Z,2.5,121,27.4,28.2,1.0098
2004-04-28T13:00:00Z,2.4,108,28.1,26.9,1.0094
2004-04-28T14:00:00Z,3.2,126,27.7,26.5,0.9693
2004-04-28T15:00:00Z,3.5,145,28.4,23.4,0.8935
2004-04-28T16:00:00Z,2.9,121,28.4,26,0.9922
2004-04-28T17:00:00Z,3.6,145,27.3,30,1.0752
2004-04-28T18:00:00Z,4.8,160,24.3,37.3,1.1199
2004-04-28T19:00:00Z,5.4,155,23.1,42.2,1.1746
2004-04-28T20:00:00Z,5.3,162,21.8,43.6,1.1226
2004-04-28T21:00:00Z,2.7,129,19.8,46.8,1.0702
2004-04-28T22:00:00Z,1.4,96,19.6,49.8,1.1221
2004-04-28T23:00:00Z,1.6,92,17.9,56.2,1.142
2004-04-29T00:00:00Z,1.5,89,17.4,55.6,1.0963
2004-04-29T01:00:00Z,1,61,16.8,59.5,1.1269
2004-04-29T02:00:00Z,0.6,54,15.9,60.1,1.0806
2004-04-29T05:00:00Z,0.8,57,13.3,67,1.0203
2004-04-29T06:00:00Z,1.5,68,12.9,66.5,0.9846
2004-04-29T07:00:00Z,4.9,95,14.8,61.3,1.0237
2004-04-29T08:00:00Z,7.2,125,16.1,56.5,1.0274
2004-04-29T09:00:00Z,3.5,135,18.6,47.8,1.0143
2004-04-29T10:00:00Z,2.1,118,23.8,30.2,0.8771
2004-04-29T11:00:00Z,1.5,91,25.4,25,0.7966
2004-04-29T12:00:00Z,2,89,25.6,25.5,0.8234
2004-04-29T13:00:00Z,3.8,129,24.9,29.9,0.9325
2004-04-29T14:00:00Z,3.4,122,22.4,37.9,1.016
2004-04-29T15:00:00Z,4.4,138,21.7,44,1.1242
2004-04-29T16:00:00Z,3.9,136,21.4,44.4,1.1176
2004-04-29T17:00:00Z,4.9,143,20.8,45.3,1.1016
2004-04-29T18:00:00Z,5.4,145,20.2,48.6,1.1354
2004-04-29T19:00:00Z,6.5,146,20.2,50.8,1.1924
2004-04-29T20:00:00Z,4.3,122,18.6,57.6,1.2233
2004-04-29T21:00:00Z,2.9,112,18.2,58.8,1.2173
2004-04-29T22:00:00Z,2.7,102,17.8,61,1.2352
2004-04-29T23:00:00Z,2.8,97,17,70.7,1.3554
2004-04-30T00:00:00Z,2.3,85,16.2,76.9,1.4051
2004-04-30T01:00:00Z,1.7,76,15.7,78.6,1.3943
2004-04-30T02:00:00Z,1.2,74,15.7,78.4,1.3917
2004-04-30T05:00:00Z,0.8,66,15.7,74.7,1.3194
2004-04-30T06:00:00Z,1.7,90,15.9,73.1,1.3136
2004-04-30T07:00:00Z,3,111,16.6,68.2,1.2737
2004-04-30T08:00:00Z,3.4,103,18.7,57.6,1.2323
2004-04-30T09:00:00Z,3.3,117,17.6,65,1.2945
2004-04-30T10:00:00Z,2.7,116,16.3,73.2,1.3458
2004-04-30T11:00:00Z,2.6,109,16,78.5,1.4209
2004-04-30T12:00:00Z,3.2,116,17.3,72.4,1.4125
2004-04-30T13:00:00Z,3.4,115,19.4,60.9,1.3545
2004-04-30T14:00:00Z,2.6,94,21.4,50.9,1.2823
2004-04-30T15:00:00Z,3.4,121,22.7,45.8,1.2465
2004-04-30T16:00:00Z,4,114,20.9,60.8,1.4852
2004-04-30T17:00:00Z,4.5,110,21,54.3,1.3353
2004-04-30T18:00:00Z,4.2,122,20.8,54.4,1.3194
2004-04-30T19:00:00Z,5.7,135,19.8,58.6,1.3392
2004-04-30T20:00:00Z,4.4,133,19.1,61.1,1.3345
2004-04-30T21:00:00Z,3.1,110,18.2,65.4,1.3529
2004-04-30T22:00:00Z,3,102,18.1,66.1,1.3579
2004-04-30T23:00:00Z,3.1,108,17.7,66.9,1.3422
2004-05-01T00:00:00Z,3.5,110,17.8,66.8,1.346
2004-05-01T01:00:00Z,2.4,84,17.3,68.3,1.3346
2004-05-01T02:00:00Z,1.6,71,16.5,70.2,1.3099
2004-05-01T05:00:00Z,0.6,32,16.7,67.1,1.2619
2004-05-01T06:00:00Z,0.7,35,16.7,66.9,1.2631
2004-05-01T07:00:00Z,1.2,67,16.9,66.5,1.2688
2004-05-01T08:00:00Z,1.5,73,17.7,62,1.2458
2004-05-01T09:00:00Z,1.8,86,19.4,54.6,1.2184
2004-05-01T10:00:00Z,2.1,89,21.6,46.1,1.1725
2004-05-01T11:00:00Z,1.9,86,24.6,36.7,1.1202
2004-05-01T12:00:00Z,2,86,26,31.9,1.0566
2004-05-01T13:00:00Z,1.3,66,25.6,31.5,1.0184
2004-05-01T14:00:00Z,1.3,68,24.8,34.8,1.0716
2004-05-01T15:00:00Z,1.8,82,26.1,30.3,1.0101
2004-05-01T16:00:00Z,2,91,25.5,33.5,1.0767
2004-05-01T17:00:00Z,1.8,95,23.7,37.2,1.0746
2004-05-01T18:00:00Z,2.4,104,22.3,38.9,1.0324
2004-05-01T19:00:00Z,4,131,20.7,42.8,1.0298
2004-05-01T20:00:00Z,2.8,112,19,51.7,1.1222
2004-05-01T21:00:00Z,2,100,17.8,55.5,1.1174
2004-05-01T22:00:00Z,3.6,115,17.4,57.6,1.1342
2004-05-01T23:00:00Z,3.7,129,17.6,58.5,1.1645
2004-05-02T00:00:00Z,2.3,99,17.2,59.3,1.1551
2004-05-02T01:00:00Z,1.8,74,17.1,60.4,1.1633
2004-05-02T02:00:00Z,0.9,55,16.4,62.2,1.1507
2004-05-02T05:00:00Z,0.6,37,14.7,65.2,1.0811
2004-05-02T06:00:00Z,0.7,45,13.1,70.2,1.0554
2004-05-02T07:00:00Z,0.8,46,14.3,66.2,1.0728
2004-05-02T08:00:00Z,1.2,68,16,61.6,1.1083
2004-05-02T09:00:00Z,1.4,77,17.7,56.4,1.1342
2004-05-02T10:00:00Z,1.6,79,21.3,44.7,1.1157
2004-05-02T11:00:00Z,1.3,72,23.6,36.4,1.0431
2004-05-02T12:00:00Z,1.3,68,24.3,34,1.0149
2004-05-02T13:00:00Z,1.1,64,24.4,32.7,0.9863
2004-05-02T14:00:00Z,1.2,73,24.6,31.7,0.9647
2004-05-02T15:00:00Z,1.5,84,23.9,34.3,1.002
2004-05-02T16:00:00Z,1.1,67,25.9,28.1,0.9258
2004-05-02T17:00:00Z,1.9,106,24.5,32.3,0.9815
2004-05-02T18:00:00Z,2.3,114,22.6,39.3,1.06
2004-05-02T19:00:00Z,3.3,123,21.2,47.5,1.1828
2004-05-02T20:00:00Z,2.6,108,19.9,54.9,1.2632
2004-05-02T21:00:00Z,2.2,100,19.4,52.1,1.1642
2004-05-02T22:00:00Z,2.3,118,19.4,42.6,0.9485
2004-05-02T23:00:00Z,2,121,19.1,44.1,0.966
2004-05-03T00:00:00Z,1.6,94,18,49.3,1.0086
2004-05-03T01:00:00Z,0.8,52,17.6,54.6,1.0918
2004-05-03T02:00:00Z,0.6,39,16.4,62.1,1.1493
2004-05-03T05:00:00Z,0.7,57,15.8,64.3,1.1416
2004-05-03T06:00:00Z,1.3,80,16,65.8,1.1844
2004-05-03T07:00:00Z,3.4,101,16.8,62.5,1.1869
2004-05-03T08:00:00Z,4.7,109,16.9,66.1,1.2613
2004-05-03T09:00:00Z,3.4,109,17.4,68.9,1.3557
2004-05-03T10:00:00Z,2.5,111,21.4,45,1.1291
2004-05-03T11:00:00Z,2,102,23.9,30.7,0.9002
2004-05-03T12:00:00Z,1.9,96,26.8,25.2,0.8721
2004-05-03T13:00:00Z,1.7,90,28.4,23.6,0.8983
2004-05-03T14:00:00Z,1.4,69,30.3,20.1,0.8539
2004-05-03T15:00:00Z,1.5,74,30.9,19.7,0.8649
2004-05-03T16:00:00Z,2.4,102,30.2,20.5,0.8672
2004-05-03T17:00:00Z,3.9,128,26.4,34.6,1.1724
2004-05-03T18:00:00Z,4.2,130,24.9,39.4,1.2268
2004-05-03T19:00:00Z,3.7,120,23.5,43.7,1.2484
2004-05-03T20:00:00Z,3.2,113,19.3,63.1,1.4028
2004-05-03T21:00:00Z,2,100,18.7,64.6,1.3836
2004-05-03T22:00:00Z,1.1,70,19.5,57.1,1.2806
2004-05-03T23:00:00Z,1.5,83,18.9,62.5,1.3521
2004-05-04T00:00:00Z,1.3,81,18.4,65.8,1.3802
2004-05-04T01:00:00Z,1,69,16.4,79.2,1.4681
2004-05-04T02:00:00Z,0.6,48,16.1,80,1.4562
2004-05-04T05:00:00Z,0.6,47,15.7,80.5,1.4236
2004-05-04T06:00:00Z,1.9,88,16,80.8,1.4602
2004-05-04T07:00:00Z,4.5,109,16.6,78,1.4572
2004-05-04T08:00:00Z,4.3,113,16.1,79.2,1.4398
2004-05-04T09:00:00Z,3.2,104,17.7,70.8,1.4171
2004-05-04T10:00:00Z,1.3,65,20.3,54.8,1.2867
2004-05-04T11:00:00Z,2.2,87,21.2,49.3,1.2271
2004-05-04T12:00:00Z,2.6,99,21.5,47.9,1.2178
2004-05-04T13:00:00Z,2.3,100,21.4,47.7,1.2047
2004-05-04T14:00:00Z,2.4,105,20.4,54,1.2757
2004-05-04T15:00:00Z,2.6,97,19.9,57.1,1.3158
2004-05-04T16:00:00Z,1.2,54,19.9,55.2,1.2701
2004-05-04T17:00:00Z,1.6,59,19.5,55.7,1.2512
2004-05-04T18:00:00Z,3.9,109,18.3,62.8,1.3127
2004-05-04T19:00:00Z,4.7,125,17.2,68.3,1.3289
2004-05-04T20:00:00Z,5.4,132,16.1,75.2,1.3654
2004-05-04T21:00:00Z,3,110,16.6,70.8,1.3253
2004-05-04T22:00:00Z,0.9,53,18.5,56,1.181
2004-05-04T23:00:00Z,1.1,61,17.3,59.5,1.1667
2004-05-05T00:00:00Z,0.7,41,18.6,52.3,1.1121
2004-05-05T01:00:00Z,0.5,22,19,49.8,1.0831
2004-05-05T02:00:00Z,0.5,28,15.7,64.5,1.14
2004-05-05T05:00:00Z,0.8,54,14.6,77.1,1.2727
2004-05-05T06:00:00Z,1.3,81,14.5,78.3,1.2851
2004-05-05T07:00:00Z,3.5,107,15.1,76.8,1.3061
2004-05-05T09:00:00Z,3.9,124,16.4,72.4,1.3379
2004-05-05T10:00:00Z,2.9,123,16.3,68.6,1.2657
2004-05-05T11:00:00Z,2.6,120,17.2,62.9,1.2228
2004-05-05T12:00:00Z,3,113,17.4,61.1,1.206
2004-05-05T13:00:00Z,3.7,114,16.8,66.8,1.2691
2004-05-05T14:00:00Z,3.9,120,17.3,62.6,1.226
2004-05-05T15:00:00Z,3.5,125,17.5,60.8,1.2029
2004-05-05T16:00:00Z,2.4,88,17.5,59.2,1.1725
2004-05-05T17:00:00Z,1.6,72,17.7,56.9,1.1392
2004-05-05T18:00:00Z,3,103,17.1,61.5,1.1873
2004-05-05T19:00:00Z,1.6,67,17.5,63.9,1.2667
2004-05-05T20:00:00Z,2.1,79,15.9,70.7,1.2672
2004-05-05T21:00:00Z,1.8,89,15.1,75.1,1.2799
2004-05-05T22:00:00Z,1.1,67,13.9,72.5,1.1502
2004-05-05T23:00:00Z,1.5,83,12,79.8,1.1175
2004-05-06T00:00:00Z,1.4,76,12.5,75.8,1.0938
2004-05-06T01:00:00Z,0.9,58,12,75,1.0499
2004-05-06T02:00:00Z,0.5,30,12.6,72.2,1.0503
2004-05-06T05:00:00Z,0.6,50,13.2,64.6,0.9774
2004-05-06T06:00:00Z,1.3,92,13.1,65.6,0.9815
2004-05-06T07:00:00Z,2.9,101,14.7,58.5,0.9688
2004-05-06T08:00:00Z,3.6,121,15.9,53.1,0.9529
2004-05-06T09:00:00Z,3.4,130,17.9,46.1,0.9388
2004-05-06T10:00:00Z,2.5,114,20.2,37.7,0.8833
2004-05-06T11:00:00Z,2.1,100,18.5,42.8,0.9026
2004-05-06T12:00:00Z,1.1,56,13,64.3,0.9586
2004-05-06T13:00:00Z,1.8,75,15.1,54.5,0.9309
2004-05-06T14:00:00Z,3,121,13.6,65.5,1.0184
2004-05-06T15:00:00Z,3.1,128,12.3,78.3,1.1154
2004-05-06T16:00:00Z,3.6,139,12.7,74.2,1.0863
2004-05-06T17:00:00Z,3.3,122,14.4,64.2,1.049
2004-05-06T18:00:00Z,1.8,92,15.6,58.3,1.0266
2004-05-06T19:00:00Z,2.1,97,15,61.4,1.0385
2004-05-06T20:00:00Z,2.2,98,13.7,65.8,1.0254
2004-05-06T21:00:00Z,1.6,93,12.3,66.4,0.944
2004-05-06T22:00:00Z,0.9,65,15.4,58.8,1.0215
2004-05-06T23:00:00Z,1.8,81,14.1,64.9,1.0405
2004-05-07T00:00:00Z,2.3,102,13.8,64.7,1.0168
2004-05-07T01:00:00Z,2,91,13.5,67.8,1.042
2004-05-07T02:00:00Z,0.9,56,13.7,69.4,1.0794
2004-05-07T05:00:00Z,0.7,48,14.6,61.1,1.0075
2004-05-07T06:00:00Z,1.5,72,14.3,60.5,0.9847
2004-05-07T07:00:00Z,3.7,106,14.9,56.9,0.9582
2004-05-07T08:00:00Z,4.2,107,16.4,50.2,0.9286
2004-05-07T09:00:00Z,3.4,127,16,50.9,0.9211
2004-05-07T10:00:00Z,2.4,114,18.6,42.8,0.9091
2004-05-07T11:00:00Z,1.3,101,19.7,33.7,0.7646
2004-05-07T12:00:00Z,1.5,95,21.2,27.7,0.6864
2004-05-07T13:00:00Z,2.2,110,19.7,28.5,0.6445
2004-05-07T14:00:00Z,1.8,101,19.8,29.7,0.678
2004-05-07T15:00:00Z,1.9,106,19.2,35.6,0.7856
2004-05-07T16:00:00Z,2.3,116,14.2,60.5,0.9765
2004-05-07T17:00:00Z,3.6,124,12.9,69.1,1.0249
2004-05-07T18:00:00Z,4.3,133,12.7,70.4,1.0294
2004-05-07T19:00:00Z,2.2,96,13.9,62.7,0.9905
2004-05-07T20:00:00Z,1.5,85,13.9,62.9,0.9948
2004-05-07T21:00:00Z,2,97,13.4,65.2,0.9996
2004-05-07T22:00:00Z,2,97,13.4,64.6,0.9864
2004-05-07T23:00:00Z,2.1,101,13.3,63.6,0.9677
2004-05-08T00:00:00Z,1.5,85,13.3,61.8,0.9433
2004-05-08T01:00:00Z,2.2,80,13.6,59.7,0.9271
2004-05-08T02:00:00Z,0.5,33,14.6,53.3,0.8807
2004-05-10T09:00:00Z,4.4,117,17.8,51.1,1.0362
2004-05-10T10:00:00Z,2.5,107,20,45,1.0379
2004-05-10T11:00:00Z,2.1,95,20.3,44.1,1.0392
2004-05-10T12:00:00Z,2.4,93,20.7,42.4,1.0248
2004-05-10T13:00:00Z,2.2,104,20.8,40.6,0.9888
2004-05-10T14:00:00Z,2.2,102,21.5,39.7,1.0042
2004-05-10T15:00:00Z,2.3,109,25,30.1,0.9394
2004-05-10T16:00:00Z,2.1,97,25.2,29.7,0.9371
2004-05-10T17:00:00Z,2.5,104,23.4,32,0.91
2004-05-10T18:00:00Z,3.6,124,21,37.8,0.9298
2004-05-10T19:00:00Z,4,135,19.2,45.7,1.0084
2004-05-10T20:00:00Z,3,122,17.7,50.9,1.0232
2004-05-10T21:00:00Z,2.1,109,16.8,53.6,1.0167
2004-05-10T22:00:00Z,1.7,95,15.8,56.2,1.0033
2004-05-10T23:00:00Z,1.1,86,16,56.5,1.0166
2004-05-11T00:00:00Z,0.9,78,14.2,64.1,1.0346
2004-05-11T01:00:00Z,0.4,53,15,59.8,1.0142
2004-05-11T02:00:00Z,0.2,43,14.3,61.9,1.0031
2004-05-11T05:00:00Z,0.6,48,12,68,0.9547
2004-05-11T06:00:00Z,1.4,64,11.3,70.4,0.9443
2004-05-11T07:00:00Z,4.6,95,12.7,65.6,0.962
2004-05-11T08:00:00Z,5.5,120,14.5,59.8,0.9795
2004-05-11T09:00:00Z,4.8,153,17.5,49.8,0.9877
2004-05-11T10:00:00Z,4.5,163,21.9,35.2,0.9128
2004-05-11T11:00:00Z,3,119,23.5,29.5,0.8435
2004-05-11T12:00:00Z,2.5,96,24.3,29.8,0.8926
2004-05-11T13:00:00Z,2.3,94,23.8,31.7,0.9212
2004-05-11T14:00:00Z,2,86,24.2,31.2,0.9257
2004-05-11T15:00:00Z,1.9,91,26.5,27.2,0.9282
2004-05-11T16:00:00Z,1.9,97,25.7,28.4,0.9248
2004-05-11T17:00:00Z,3.5,125,26.3,27.5,0.9306
2004-05-11T18:00:00Z,4.6,140,24.4,31.6,0.9545
2004-05-11T19:00:00Z,6.3,158,23.1,35.3,0.9845
2004-05-11T20:00:00Z,5,159,21.1,40.2,0.997
2004-05-11T21:00:00Z,3.3,128,19.2,52.3,1.1516
2004-05-11T22:00:00Z,2.7,114,18.1,58.7,1.2072
2004-05-11T23:00:00Z,2.2,100,17.3,58.8,1.1494
2004-05-12T00:00:00Z,1.7,88,16.9,58.8,1.125
2004-05-12T01:00:00Z,0.8,67,17.6,57.6,1.1484
2004-05-12T02:00:00Z,0.8,65,15.6,63.9,1.1287
2004-05-12T05:00:00Z,0.8,57,14,68.3,1.0884
2004-05-12T06:00:00Z,1.5,73,14.5,65.7,1.0804
2004-05-12T07:00:00Z,4.1,95,15.5,62.2,1.0875
2004-05-12T08:00:00Z,5.9,110,17,56.8,1.0909
2004-05-12T09:00:00Z,5.1,121,18.8,52.4,1.1285
2004-05-12T10:00:00Z,3.9,108,19.7,51.9,1.1796
2004-05-12T11:00:00Z,3.4,125,20.9,44.6,1.0872
2004-05-12T12:00:00Z,3.3,117,21.9,43.3,1.1265
2004-05-12T13:00:00Z,5.1,131,20.4,55.7,1.3205
2004-05-12T14:00:00Z,3.1,126,17.4,67,1.325
2004-05-12T15:00:00Z,2.5,114,17.1,64,1.2413
2004-05-12T16:00:00Z,2.4,123,17.3,61.1,1.1957
2004-05-12T17:00:00Z,2.8,116,17.7,56.3,1.13
2004-05-12T18:00:00Z,2.9,107,17.4,48.6,0.9559
2004-05-12T19:00:00Z,3.4,123,17.6,43.7,0.8698
2004-05-12T20:00:00Z,2.2,112,16.7,47.2,0.892
2004-05-12T21:00:00Z,1.6,101,16.8,45.6,0.8636
2004-05-12T22:00:00Z,1.3,91,16.1,52,0.946
2004-05-12T23:00:00Z,1.3,88,15.5,57.1,0.996
2004-05-13T00:00:00Z,1.6,96,16.2,50.2,0.9156
2004-05-13T01:00:00Z,1.2,75,16.4,50.5,0.938
2004-05-13T02:00:00Z,0.6,47,16.2,52.8,0.9626
2004-05-13T05:00:00Z,0.4,49,16.2,53.7,0.9799
2004-05-13T06:00:00Z,1,85,15.9,55.3,0.991
2004-05-13T07:00:00Z,2,106,16.2,55.6,1.0151
2004-05-13T08:00:00Z,3.6,136,16,59.3,1.0711
2004-05-13T09:00:00Z,2.4,119,16.6,55.6,1.042
2004-05-13T10:00:00Z,2.4,122,17.4,51.8,1.022
2004-05-13T11:00:00Z,1.6,90,17.6,49.7,0.9944
2004-05-13T12:00:00Z,1.9,97,17.2,52.8,1.0236
2004-05-13T13:00:00Z,2.4,98,18.2,49.6,1.0268
2004-05-13T14:00:00Z,1.7,93,19.5,45,1.0114
2004-05-13T15:00:00Z,2.1,98,19.5,45.5,1.0189
2004-05-13T16:00:00Z,3.1,123,19.8,44.3,1.0104
2004-05-13T17:00:00Z,4.6,148,20.3,43.1,1.0114
2004-05-13T18:00:00Z,4.5,148,20.3,44.4,1.0457
2004-05-13T19:00:00Z,3.9,133,19.8,47.9,1.092
2004-05-13T20:00:00Z,4.6,141,19.1,52.3,1.1486
2004-05-13T21:00:00Z,3.3,131,18.2,54.7,1.1336
2004-05-13T22:00:00Z,2.7,121,17.8,55,1.1097
2004-05-13T23:00:00Z,3.3,123,17.5,56.4,1.1175
2004-05-14T00:00:00Z,2.5,107,17.3,57.8,1.1298
2004-05-14T01:00:00Z,2.1,104,16.8,57.5,1.0912
2004-05-14T02:00:00Z,1.3,91,16.3,57,1.0484
2004-05-14T05:00:00Z,1.2,102,16,58.3,1.0481
2004-05-14T06:00:00Z,1.5,95,17.2,52.3,1.0169
2004-05-14T07:00:00Z,3.7,140,18.5,49.4,1.0397
2004-05-14T09:00:00Z,3.3,138,21,37.9,0.9313
2004-05-14T10:00:00Z,2.5,113,22.8,32.4,0.887
2004-05-14T11:00:00Z,1.9,101,25.5,25.6,0.8218
2004-05-14T12:00:00Z,2,97,25.9,23.6,0.7771
2004-05-14T13:00:00Z,2.5,114,27.7,20.8,0.7599
2004-05-14T14:00:00Z,2.1,110,27.1,21.6,0.7618
2004-05-14T15:00:00Z,2.1,103,28.4,20.2,0.7697
2004-05-14T16:00:00Z,2.3,119,28.1,21.9,0.8184
2004-05-14T17:00:00Z,3,126,27.6,22.3,0.8116
2004-05-14T18:00:00Z,4.1,144,25.2,24.3,0.7671
2004-05-14T19:00:00Z,4.5,164,24.6,25.1,0.7636
2004-05-14T20:00:00Z,3.5,148,23.1,27.2,0.7575
2004-05-14T21:00:00Z,2.1,119,22,28.6,0.7483
2004-05-14T22:00:00Z,2.3,111,20.8,34.5,0.8365
2004-05-14T23:00:00Z,1.9,115,20.4,35.3,0.8352
2004-05-15T00:00:00Z,1.9,103,19.1,38.3,0.8381
2004-05-15T01:00:00Z,1.2,81,18,40.5,0.8271
2004-05-15T02:00:00Z,1,71,17.4,43.4,0.8553
2004-05-15T05:00:00Z,0.5,44,15.7,46.9,0.8329
2004-05-15T06:00:00Z,0.6,49,15.3,49.7,0.8552
2004-05-15T07:00:00Z,1.4,68,16,47.4,0.8564
2004-05-15T08:00:00Z,2.6,108,17.6,43.3,0.8647
2004-05-15T09:00:00Z,2.8,117,20.3,37.4,0.8807
2004-05-15T10:00:00Z,2.6,127,23.1,30.3,0.8425
2004-05-15T11:00:00Z,1.6,93,25,24.2,0.7568
2004-05-15T12:00:00Z,1.7,94,25.6,23.5,0.7611
2004-05-15T13:00:00Z,1.7,87,25.5,22.6,0.7288
2004-05-15T14:00:00Z,1.3,75,26.1,21.1,0.7023
2004-05-15T15:00:00Z,1.4,81,28.2,19.4,0.7303
2004-05-15T16:00:00Z,1.4,86,27.4,20.5,0.7379
2004-05-15T17:00:00Z,1.7,97,26,22.7,0.7532
2004-05-15T18:00:00Z,2.3,117,23.8,27.1,0.7858
2004-05-15T19:00:00Z,2.5,120,23,28.7,0.7976
2004-05-15T20:00:00Z,3.3,149,21.7,31.8,0.8191
2004-05-15T21:00:00Z,2.2,124,20.9,33.2,0.8098
2004-05-15T22:00:00Z,1.6,97,20.2,34.3,0.8017
2004-05-15T23:00:00Z,2.6,112,19.6,37,0.8325
2004-05-16T00:00:00Z,2.3,95,18.1,40.9,0.8441
2004-05-16T01:00:00Z,1.5,88,17,43.3,0.8341
2004-05-16T02:00:00Z,0.9,54,16.7,43.4,0.8193
2004-05-16T05:00:00Z,0.4,45,13.5,50.1,0.7706
2004-05-16T06:00:00Z,0.4,47,14.2,49.9,0.8025
2004-05-16T07:00:00Z,0.8,58,13.8,51.4,0.8059
2004-05-16T08:00:00Z,0.9,69,16.3,45.1,0.8286
2004-05-16T09:00:00Z,1.6,89,19.2,35.4,0.7812
2004-05-16T10:00:00Z,2,105,25.5,21.1,0.677
2004-05-16T11:00:00Z,1.6,92,28.2,19,0.7164
2004-05-16T12:00:00Z,1.4,82,29.5,19.8,0.8013
2004-05-16T13:00:00Z,0.9,56,30.6,19.4,0.8348
2004-05-16T14:00:00Z,0.9,60,29.9,22,0.9181
2004-05-16T15:00:00Z,1.2,64,31.5,21.9,0.997
2004-05-16T16:00:00Z,1.4,85,31.2,24.6,1.0987
2004-05-16T17:00:00Z,1.9,107,30.4,26.5,1.1347
2004-05-16T18:00:00Z,1.8,106,26.8,33.5,1.1602
2004-05-16T19:00:00Z,2.7,125,25.5,37.4,1.1995
2004-05-16T20:00:00Z,2.4,118,23.7,39.4,1.1381
2004-05-16T21:00:00Z,1.6,95,22.9,37,1.0197
2004-05-16T22:00:00Z,1.4,97,20.8,36.3,0.8775
2004-05-16T23:00:00Z,1.4,93,20.3,28.5,0.6686
2004-05-17T00:00:00Z,1.4,85,19.6,26.5,0.5974
2004-05-17T01:00:00Z,0.9,67,19.1,25.9,0.5673
2004-05-17T02:00:00Z,0.5,37,18.4,27.6,0.5799
2004-05-17T05:00:00Z,0.5,75,15.8,36.5,0.6535
2004-05-17T06:00:00Z,1.3,102,16,38.1,0.6879
2004-05-17T07:00:00Z,2.6,113,17.6,35,0.6965
2004-05-17T08:00:00Z,2,142,18.5,31.2,0.6611
2004-05-17T09:00:00Z,1.8,90,19.8,28.5,0.652
2004-05-17T10:00:00Z,1.7,94,22.3,24.1,0.6394
2004-05-17T11:00:00Z,1.5,92,24.2,21.7,0.6451
2004-05-17T12:00:00Z,1.9,97,25.1,20.8,0.6516
2004-05-17T13:00:00Z,1.7,88,25.8,19.5,0.6392
2004-05-17T14:00:00Z,1.5,86,26.3,18.9,0.6344
2004-05-17T15:00:00Z,1.7,99,25.8,18.6,0.608
2004-05-17T16:00:00Z,1.7,95,25.7,19.4,0.6304
2004-05-17T17:00:00Z,2.4,105,26.7,17.1,0.5909
2004-05-17T18:00:00Z,3.1,121,24.3,19.8,0.5933
2004-05-17T19:00:00Z,3.4,125,23.5,20.8,0.5937
2004-05-17T20:00:00Z,3,122,22,24,0.6263
2004-05-17T21:00:00Z,1.2,81,21.1,26.2,0.6481
2004-05-17T22:00:00Z,1.2,73,20.9,28.8,0.7014
2004-05-17T23:00:00Z,1.3,80,20.2,31.2,0.7304
2004-05-18T00:00:00Z,1,65,20,31.5,0.7262
2004-05-18T01:00:00Z,0.4,59,20.8,32.3,0.7813
2004-05-18T02:00:00Z,0.3,50,20,34.5,0.7954
2004-05-18T05:00:00Z,0.5,37,17,44.6,0.8593
2004-05-18T06:00:00Z,0.9,54,17.1,45.3,0.8784
2004-05-18T07:00:00Z,2.7,94,17.1,46.5,0.901
2004-05-18T08:00:00Z,6.5,139,18.8,39.7,0.8547
2004-05-18T09:00:00Z,3.2,115,20.3,38.1,0.8946
2004-05-18T10:00:00Z,2.4,119,25.3,27,0.8565
2004-05-18T11:00:00Z,1.9,103,27.4,22.8,0.8219
2004-05-18T12:00:00Z,2.7,123,30,20,0.8338
2004-05-18T13:00:00Z,2.9,126,30.9,19.1,0.8394
2004-05-18T14:00:00Z,2,106,30.6,20.2,0.8719
2004-05-18T15:00:00Z,2.3,127,32.2,18.9,0.8964
2004-05-18T16:00:00Z,1.9,105,31.7,19.5,0.8981
2004-05-18T17:00:00Z,3,130,30.9,20.5,0.8996
2004-05-18T18:00:00Z,4.4,160,27.5,24.7,0.8899
2004-05-18T19:00:00Z,4.7,162,25.8,27,0.8821
2004-05-18T20:00:00Z,3.4,135,23.7,30,0.8633
2004-05-18T21:00:00Z,2.4,122,22.2,33.4,0.8806
2004-05-18T22:00:00Z,1.2,75,21.1,36.5,0.9019
2004-05-18T23:00:00Z,1.7,96,20.2,38.6,0.9016
2004-05-19T00:00:00Z,1.2,84,19.3,43,0.9535
2004-05-19T01:00:00Z,0.7,68,19.2,43.6,0.9591
2004-05-19T02:00:00Z,0.5,65,18.4,45.7,0.9599
2004-05-19T05:00:00Z,0.3,46,17,49.2,0.9459
2004-05-19T06:00:00Z,0.7,54,16.4,52.1,0.9612
2004-05-19T07:00:00Z,3.1,94,16.4,53.4,0.9863
2004-05-19T08:00:00Z,6.2,155,18.6,46.8,0.99
2004-05-19T09:00:00Z,4.6,165,21,41.1,1.0104
2004-05-19T10:00:00Z,2.6,134,26.4,28.9,0.9785
2004-05-19T11:00:00Z,2.1,122,27.7,26.3,0.9652
2004-05-19T12:00:00Z,2,113,30.1,22.1,0.9281
2004-05-19T13:00:00Z,2.2,115,31,22.9,1.0144
2004-05-19T14:00:00Z,2.1,118,31,22.6,1.0012
2004-05-19T15:00:00Z,2.3,125,31.6,21,0.959
2004-05-19T16:00:00Z,2.5,135,30.4,24.7,1.0526
2004-05-19T17:00:00Z,3.4,149,28.8,26.3,1.0271
2004-05-19T18:00:00Z,4.3,162,26.4,30.1,1.0204
2004-05-19T19:00:00Z,3.8,151,24.7,31.5,0.9672
2004-05-19T20:00:00Z,3.8,154,22.9,36.5,1.0083
2004-05-19T21:00:00Z,2,118,20.8,41.8,1.0155
2004-05-19T22:00:00Z,1.7,103,19.7,47.1,1.0666
2004-05-19T23:00:00Z,2,122,18.9,52.2,1.1313
2004-05-20T00:00:00Z,1.5,102,18.5,50.1,1.0539
2004-05-20T01:00:00Z,0.8,73,18,53,1.0832
2004-05-20T02:00:00Z,0.5,59,18.4,51.7,1.0819
2004-05-20T05:00:00Z,0.3,35,17.3,54.1,1.0582
2004-05-20T06:00:00Z,0.9,68,15.8,59,1.0495
2004-05-20T07:00:00Z,2.8,97,16.6,55.9,1.0486
2004-05-20T08:00:00Z,5.4,146,18.7,52.8,1.1279
2004-05-20T09:00:00Z,4,83,20.7,46.4,1.1227
2004-05-20T10:00:00Z,2.2,117,26.1,30,0.9972
2004-05-20T11:00:00Z,2.2,117,28.6,25.8,0.9989
2004-05-20T12:00:00Z,2,108,30.3,23.3,0.9869
2004-05-20T13:00:00Z,2,107,31.3,22.3,1.0043
2004-05-20T14:00:00Z,1.9,120,31.1,22.3,0.9888
2004-05-20T15:00:00Z,2.7,150,32.4,20.4,0.9732
2004-05-20T16:00:00Z,2.2,138,32.6,19.3,0.935
2004-05-20T17:00:00Z,3.5,148,31.2,20.3,0.9064
2004-05-20T18:00:00Z,4.1,168,27.7,24.8,0.9106
2004-05-20T19:00:00Z,4.4,172,25.7,27.9,0.908
2004-05-20T20:00:00Z,4.5,179,24.1,29.9,0.8879
2004-05-20T21:00:00Z,2.9,143,22.2,34.4,0.9072
2004-05-20T22:00:00Z,2.6,137,20.7,38,0.9149
2004-05-20T23:00:00Z,2.1,117,20.2,42.8,0.9983
2004-05-21T00:00:00Z,1.2,93,20.5,42,1.0004
2004-05-21T01:00:00Z,0.6,64,20.1,42,0.9763
2004-05-21T02:00:00Z,0.3,58,20,41.5,0.9571
2004-05-21T05:00:00Z,0.3,47,16.4,50.2,0.931
2004-05-21T06:00:00Z,0.7,62,14.9,54.7,0.9203
2004-05-21T07:00:00Z,4.2,113,16.4,51.3,0.9474
2004-05-21T08:00:00Z,4.8,126,18.2,46.2,0.9575
2004-05-21T09:00:00Z,3.4,139,20.7,40,0.9639
2004-05-21T10:00:00Z,2.8,148,26.5,27,0.9217
2004-05-21T11:00:00Z,1.8,117,28.5,23.8,0.915
2004-05-21T12:00:00Z,1.9,106,29.7,23.7,0.9714
2004-05-21T13:00:00Z,2,98,31.7,21.7,0.9966
2004-05-21T14:00:00Z,1.9,98,31.7,21.5,0.9902
2004-05-21T15:00:00Z,2,110,32.8,19.5,0.9515
2004-05-21T16:00:00Z,2.3,114,32.5,18.6,0.8948
2004-05-21T17:00:00Z,2.7,122,30.2,22.6,0.9524
2004-05-21T18:00:00Z,3.6,155,27.6,25.7,0.9382
2004-05-21T19:00:00Z,3.8,145,25.9,24.9,0.8195
2004-05-21T20:00:00Z,3.5,146,23.9,29.4,0.8589
2004-05-21T21:00:00Z,2.5,130,22.3,32.1,0.8515
2004-05-21T22:00:00Z,2.5,126,20.5,35.9,0.8565
2004-05-21T23:00:00Z,3,127,19.8,37.2,0.8509
2004-05-22T00:00:00Z,3.7,126,19.1,41.9,0.9158
2004-05-22T01:00:00Z,3.3,124,17.8,46.1,0.9344
2004-05-22T02:00:00Z,1.5,93,17.6,47.6,0.9465
2004-05-22T05:00:00Z,0.5,59,15.8,53.8,0.9615
2004-05-22T06:00:00Z,0.5,66,16.5,53.5,0.9928
2004-05-22T07:00:00Z,1.2,80,17.2,52.9,1.0276
2004-05-22T08:00:00Z,2.2,94,19.3,48.3,1.0723
2004-05-22T09:00:00Z,2.2,102,20.6,47.1,1.1287
2004-05-22T10:00:00Z,2.1,96,23.7,40,1.153
2004-05-22T11:00:00Z,1.8,91,25.6,32.5,1.053
2004-05-22T12:00:00Z,2.2,104,27.2,28.1,0.9989
2004-05-22T13:00:00Z,2,84,27.9,28.1,1.0394
2004-05-22T14:00:00Z,1.4,76,28.3,27.8,1.0539
2004-05-22T15:00:00Z,1.8,87,29.2,27,1.081
2004-05-22T16:00:00Z,2.1,101,28.9,29.3,1.1503
2004-05-22T17:00:00Z,2.8,115,25.4,39.8,1.2771
2004-05-22T18:00:00Z,2.8,110,25.2,40.1,1.2642
2004-05-22T19:00:00Z,2.7,103,24.5,39.4,1.1963
2004-05-22T20:00:00Z,1.8,90,22.3,45.4,1.2088
2004-05-22T21:00:00Z,1.2,68,21.2,48.3,1.2034
2004-05-22T22:00:00Z,2.6,85,20.6,50.5,1.2082
2004-05-22T23:00:00Z,3.1,100,20.2,52.9,1.234
2004-05-23T00:00:00Z,4.1,114,19.8,54.5,1.2488
2004-05-23T01:00:00Z,3.6,108,19.5,56.2,1.2624
2004-05-23T02:00:00Z,1.9,78,19,58,1.2581
2004-05-23T05:00:00Z,0.3,37,17.7,56,1.1215
2004-05-23T06:00:00Z,0.4,53,17.9,52.4,1.0655
2004-05-23T07:00:00Z,0.8,79,18.9,49.3,1.0668
2004-05-23T08:00:00Z,0.8,65,20,48.6,1.1199
2004-05-23T09:00:00Z,0.8,64,20.6,41.2,0.9841
2004-05-23T10:00:00Z,0.8,66,23.6,34,0.9749
2004-05-23T11:00:00Z,0.9,53,26.7,28.1,0.9688
2004-05-23T12:00:00Z,1.2,69,26.8,28.1,0.9785
2004-05-23T13:00:00Z,1,57,27.7,25.8,0.9467
2004-05-23T14:00:00Z,0.8,36,28.8,22.7,0.8864
2004-05-23T15:00:00Z,1.1,57,26.8,27.3,0.9462
2004-05-23T16:00:00Z,1.5,73,25.9,28.7,0.9423
2004-05-23T17:00:00Z,1.5,81,25.8,27.7,0.9076
2004-05-23T18:00:00Z,1.4,91,24.8,29.5,0.9077
2004-05-23T19:00:00Z,1.1,65,25.3,36.3,1.1513
2004-05-23T20:00:00Z,0.9,56,23.9,40.4,1.1787
2004-05-23T21:00:00Z,1,69,21.4,46.6,1.1764
2004-05-23T22:00:00Z,1.1,73,20.5,49.3,1.173
2004-05-23T23:00:00Z,1,76,19.2,42.3,0.9339
2004-05-24T00:00:00Z,0.7,67,19.2,37.9,0.8352
2004-05-24T01:00:00Z,0.5,44,17.2,43.1,0.8394
2004-05-24T02:00:00Z,0.2,21,15.8,45.2,0.8052
2004-05-24T05:00:00Z,0.1,29,16.1,36.5,0.664
2004-05-24T06:00:00Z,0.5,69,16.5,36.2,0.6752
2004-05-24T07:00:00Z,1.6,111,17.5,30.9,0.6111
2004-05-24T08:00:00Z,2,81,18.4,24,0.5046
2004-05-24T09:00:00Z,1.3,56,19.2,23.8,0.5235
2004-05-24T10:00:00Z,1,90,21.7,18.1,0.4642
2004-05-24T11:00:00Z,0.9,85,22.3,17,0.4513
2004-05-24T12:00:00Z,1.2,83,22.8,16.1,0.4404
2004-05-24T13:00:00Z,1.3,85,23.8,14.5,0.4222
2004-05-24T14:00:00Z,1.1,85,25.1,13.1,0.4129
2004-05-24T15:00:00Z,1.2,81,25.8,12.9,0.4219
2004-05-24T16:00:00Z,1.4,92,25.5,14,0.4495
2004-05-24T17:00:00Z,2,108,24.5,15.4,0.4663
2004-05-24T18:00:00Z,2.4,106,22.6,17.2,0.4656
2004-05-24T19:00:00Z,2.1,114,21.2,18.9,0.471
2004-05-24T20:00:00Z,1.2,96,19.1,22.8,0.501
2004-05-24T21:00:00Z,0.7,77,18.4,24.6,0.5169
2004-05-24T22:00:00Z,0.7,73,17.3,25.6,0.5032
2004-05-24T23:00:00Z,0.8,86,16.5,24.9,0.4642
2004-05-25T00:00:00Z,0.5,84,16.7,28.3,0.5316
2004-05-25T01:00:00Z,0.2,56,15.5,32.2,0.5641
2004-05-25T05:00:00Z,0.1,51,11.6,40,0.5462
2004-05-25T06:00:00Z,0.2,45,13.4,34.5,0.5272
2004-05-25T07:00:00Z,1.1,82,15.2,31,0.5329
2004-05-25T08:00:00Z,3,100,16.3,27.5,0.5066
2004-05-25T09:00:00Z,2.1,91,19.2,20,0.439
2004-05-25T10:00:00Z,2.6,130,24.9,13,0.4038
2004-05-25T11:00:00Z,3.2,155,28.3,9.9,0.3754
2004-05-25T12:00:00Z,2.1,114,29.2,9.8,0.3914
2004-05-25T13:00:00Z,2.2,127,31.6,9.2,0.419
2004-05-25T14:00:00Z,2.4,138,32.6,9.3,0.4499
2004-05-26T10:00:00Z,2.2,136,26.1,23.8,0.7938
2004-05-26T11:00:00Z,1.8,135,28.8,21.1,0.8193
2004-05-26T12:00:00Z,1.6,115,29.6,19.4,0.7897
2004-05-26T13:00:00Z,1.8,112,31.6,16.4,0.7489
2004-05-26T14:00:00Z,1.6,112,32.3,13.3,0.6303
2004-05-26T15:00:00Z,1.6,109,31.8,13.5,0.6249
2004-05-26T16:00:00Z,1.3,112,31.8,13.8,0.6394
2004-05-28T15:00:00Z,1.7,115,29.6,18.9,0.7692
2004-05-28T16:00:00Z,1.7,117,28,23.2,0.8613
2004-05-28T17:00:00Z,2.1,105,23.6,41,1.1786
2004-05-28T18:00:00Z,2.2,114,21.5,48.1,1.2148
2004-05-28T19:00:00Z,1.8,103,22.1,44.1,1.1573
2004-05-28T20:00:00Z,1.8,119,20.2,47.2,1.1043
2004-05-28T21:00:00Z,0.9,102,20,47.6,1.103
2004-05-28T22:00:00Z,1,96,19.8,46.8,1.0697
2004-05-28T23:00:00Z,2,109,19.6,47,1.0606
2004-05-29T00:00:00Z,1.8,119,19.3,46.3,1.0279
2004-05-29T01:00:00Z,1.1,103,18.5,48.7,1.0286
2004-05-29T02:00:00Z,0.6,84,18,51.4,1.0504
2004-05-29T06:00:00Z,0.1,45,17.9,46.1,0.9383
2004-05-29T07:00:00Z,0.5,80,18.4,43.9,0.9192
2004-05-29T08:00:00Z,0.6,77,18.9,42.1,0.9081
2004-05-29T09:00:00Z,0.5,68,19.2,39.7,0.8728
2004-05-29T10:00:00Z,0.7,66,20.8,36.6,0.8878
2004-05-29T11:00:00Z,0.7,70,21.3,35.8,0.8975
2004-05-29T12:00:00Z,0.9,74,21.8,34.9,0.9004
2004-05-29T13:00:00Z,0.7,64,22.8,31.4,0.8615
2004-05-29T14:00:00Z,0.4,60,22.9,31.3,0.862
2004-05-29T15:00:00Z,0.5,63,22.9,30.7,0.8461
2004-05-29T16:00:00Z,0.6,75,23.8,29.2,0.8499
2004-05-29T17:00:00Z,0.6,79,23.2,30.2,0.8442
2004-05-29T18:00:00Z,0.8,83,22.4,31.3,0.8365
2004-05-29T19:00:00Z,1,93,21.7,32.2,0.825
2004-05-29T20:00:00Z,1.2,112,20.8,33.2,0.8061
2004-05-29T21:00:00Z,1,103,20.1,35,0.8149
2004-05-29T22:00:00Z,1.3,93,19.5,36.9,0.8258
2004-05-29T23:00:00Z,2.7,112,19,38.2,0.8327
2004-05-30T00:00:00Z,2.7,125,18.5,39.4,0.832
2004-05-30T01:00:00Z,1.6,107,17.8,41.7,0.844
2004-05-30T02:00:00Z,0.6,76,19.2,42,0.9248
2004-05-30T05:00:00Z,0.1,37,17.2,47.2,0.9178
2004-05-30T06:00:00Z,0.1,45,17.3,47.6,0.9295
2004-05-30T07:00:00Z,0.2,61,18.6,44.2,0.9385
2004-05-30T08:00:00Z,0.3,67,20.2,37.8,0.8837
2004-05-30T09:00:00Z,0.3,60,22,31.9,0.8335
2004-05-30T10:00:00Z,0.4,64,25.5,25.9,0.8339
2004-05-30T11:00:00Z,0.3,64,27.5,22.8,0.8249
2004-05-30T12:00:00Z,0.3,59,28.7,20.7,0.8024
2004-05-30T13:00:00Z,0.1,41,29.1,19.6,0.7771
2004-05-30T14:00:00Z,0.1,46,29.8,18.4,0.7595
2004-05-30T15:00:00Z,0.2,46,32,15,0.7028
2004-05-30T16:00:00Z,0.6,77,30.3,17,0.7232
2004-05-30T17:00:00Z,0.5,83,31.7,16.2,0.745
2004-05-30T18:00:00Z,0.9,90,29.2,19.6,0.7817
2004-05-30T19:00:00Z,1.1,95,27.4,23.8,0.858
2004-05-30T20:00:00Z,1.3,113,25,26.9,0.8408
2004-05-30T21:00:00Z,1.5,128,23.6,30.1,0.8663
2004-05-30T22:00:00Z,1.2,117,22.3,33.6,0.8913
2004-05-30T23:00:00Z,0.4,64,21.4,36.9,0.9271
2004-05-31T00:00:00Z,0.2,28,20.6,39.9,0.9597
2004-05-31T01:00:00Z,0.3,46,19.7,43.2,0.9812
2004-05-31T06:00:00Z,0.5,60,16.6,52.1,0.9785
2004-05-31T07:00:00Z,1.6,83,17.4,50.9,1.0017
2004-05-31T08:00:00Z,3.6,129,19.3,46,1.0185
2004-05-31T09:00:00Z,2.2,137,20.9,43.6,1.0683
2004-05-31T10:00:00Z,1.6,121,25.6,33.3,1.0773
2004-05-31T11:00:00Z,1.4,123,28.9,26,1.0188
2004-05-31T12:00:00Z,1.4,120,30.3,22.8,0.9695
2004-05-31T13:00:00Z,1.5,119,30.9,24.4,1.0724
2004-05-31T14:00:00Z,1.3,121,30.5,26.2,1.1278
2004-05-31T15:00:00Z,1.2,111,30.7,23.4,1.015
2004-05-31T16:00:00Z,1.8,128,28.1,29.8,1.1132
2004-05-31T17:00:00Z,3,159,26.9,32.2,1.1267
2004-05-31T18:00:00Z,3.5,161,26,34.6,1.1485
2004-05-31T19:00:00Z,2.4,116,24.5,37.7,1.1454
2004-05-31T20:00:00Z,1.1,96,21.7,46.9,1.2044
2004-05-31T21:00:00Z,0.8,69,19.3,68.8,1.519
2004-05-31T22:00:00Z,0.4,58,17.6,81.6,1.6296
2004-05-31T23:00:00Z,0.6,59,17.8,80.3,1.6212
2004-06-01T00:00:00Z,0.3,45,18.6,75.7,1.6074
2004-06-01T05:00:00Z,0.1,41,16.8,81.3,1.5452
2004-06-01T06:00:00Z,0.3,65,17.3,78.6,1.5412
2004-06-01T07:00:00Z,1.4,94,16.9,80.9,1.5472
2004-06-01T08:00:00Z,2.7,100,17.1,79.8,1.542
2004-06-01T09:00:00Z,2.3,103,18.5,70.3,1.4826
2004-06-01T10:00:00Z,1.8,89,19.6,66.7,1.5023
2004-06-01T11:00:00Z,1.6,86,20.4,63.1,1.4969
2004-06-01T12:00:00Z,1.9,89,21.6,61.8,1.5775
2004-06-01T13:00:00Z,2.5,88,24,49.3,1.4509
2004-06-01T14:00:00Z,1.6,73,25.7,43.8,1.4262
2004-06-01T15:00:00Z,1.5,78,24.6,47.5,1.4487
2004-06-01T16:00:00Z,2.5,95,24.8,47.4,1.4628
2004-06-01T17:00:00Z,3.6,109,23.7,50.5,1.4636
2004-06-01T18:00:00Z,3.5,95,23,53.8,1.4968
2004-06-01T19:00:00Z,4.8,101,21.5,65.8,1.6688
2004-06-01T20:00:00Z,3.7,88,21,66.9,1.6436
2004-06-01T21:00:00Z,2.1,77,20.6,68.1,1.6329
2004-06-01T22:00:00Z,1.6,75,20.5,66.9,1.5914
2004-06-01T23:00:00Z,2.2,81,20.2,65.2,1.5251
2004-06-02T00:00:00Z,0.8,57,19.5,68,1.5269
2004-06-05T04:00:00Z,0.7,63,19.6,54.8,1.236
2004-06-05T05:00:00Z,0.7,71,19.3,57.3,1.265
2004-06-05T06:00:00Z,1.2,91,19.7,58.4,1.3254
2004-06-05T07:00:00Z,1.5,95,19.8,59.4,1.3554
2004-06-05T08:00:00Z,1.5,96,20.9,54.8,1.3387
2004-06-05T09:00:00Z,1.6,81,22.4,47.9,1.2817
2004-06-05T10:00:00Z,1.1,68,24.1,41.3,1.2202
2004-06-05T11:00:00Z,1.1,57,25.9,36.9,1.2133
2004-06-05T12:00:00Z,1.4,68,30.7,26,1.1287
2004-06-05T13:00:00Z,1.4,72,30.3,25.2,1.0652
2004-06-05T14:00:00Z,1,62,30.1,25.4,1.0641
2004-06-05T15:00:00Z,1.3,75,27.6,35.1,1.2764
2004-06-05T16:00:00Z,1.9,92,26.6,47.6,1.6315
2004-06-05T17:00:00Z,1.7,89,30.4,31.3,1.3331
2004-06-05T18:00:00Z,2.3,105,27.8,35,1.282
2004-06-05T19:00:00Z,2.4,111,26.6,37.9,1.2994
2004-06-05T20:00:00Z,1.8,102,23.4,44.4,1.2646
2004-06-05T21:00:00Z,0.6,30,23,51.1,1.4175
2004-06-05T22:00:00Z,0.8,43,22.1,53.5,1.4087
2004-06-05T23:00:00Z,1.7,67,21.6,53.6,1.3674
2004-06-06T00:00:00Z,1.1,58,21.9,52.7,1.365
2004-06-06T01:00:00Z,0.6,24,21.3,54.9,1.3707
2004-06-06T02:00:00Z,1.1,58,17.5,79.1,1.5709
2004-06-06T04:00:00Z,1,62,17.1,81.8,1.5816
2004-06-06T05:00:00Z,0.5,34,16.6,80.2,1.5002
2004-06-06T06:00:00Z,0.7,46,16.8,77.4,1.4739
2004-06-06T07:00:00Z,1,62,18.3,66.5,1.381
2004-06-06T08:00:00Z,1.2,70,20.4,55.8,1.3196
2004-06-06T09:00:00Z,0.7,54,21.6,45.3,1.1533
2004-06-06T10:00:00Z,0.9,61,23.1,39.4,1.0983
2004-06-06T11:00:00Z,0.8,53,25.4,31.6,1.0058
2004-06-06T12:00:00Z,0.8,49,26.6,29,0.9928
2004-06-06T13:00:00Z,0.5,48,25.9,28.8,0.9475
2004-06-06T14:00:00Z,0.5,45,27,28,0.981
2004-06-06T15:00:00Z,0.7,60,23.6,38.1,1.0917
2004-06-06T16:00:00Z,0.9,59,25.9,32,1.0529
2004-06-06T17:00:00Z,1,67,26.3,31.5,1.0643
2004-06-06T18:00:00Z,1.2,72,23.9,36.8,1.0774
2004-06-06T19:00:00Z,1.3,88,23.7,36.8,1.0609
2004-06-06T20:00:00Z,1.6,94,22.5,37.8,1.0157
2004-06-06T21:00:00Z,1.4,89,21.8,39.2,1.0115
2004-06-06T22:00:00Z,1.7,96,20.9,42.6,1.04
2004-06-06T23:00:00Z,1.7,98,20,45.6,1.0555
2004-06-07T00:00:00Z,1.4,95,19.3,47.9,1.059
2004-06-07T01:00:00Z,0.8,64,18.7,49,1.0462
2004-06-07T02:00:00Z,0.4,38,17.8,54.1,1.0938
2004-06-07T05:00:00Z,0.5,40,18.2,54.1,1.1155
2004-06-07T06:00:00Z,1.5,76,17.3,57.6,1.1289
2004-06-07T07:00:00Z,2.6,90,19.9,49.4,1.1354
2004-06-07T08:00:00Z,4.3,118,21.7,44.2,1.1321
2004-06-07T09:00:00Z,3.1,118,23.5,40,1.1386
2004-06-07T10:00:00Z,2.9,122,28.4,29.7,1.1345
2004-06-07T11:00:00Z,2.5,120,31.6,24.1,1.0994
2004-06-07T12:00:00Z,1.9,132,31.3,24.1,1.0816
2004-06-07T13:00:00Z,2.5,115,34.4,20.4,1.0857
2004-06-07T14:00:00Z,2.5,127,33.7,21.3,1.0988
2004-06-07T15:00:00Z,2.8,126,35.9,18.9,1.0999
2004-06-07T16:00:00Z,2.3,113,34.3,19.4,1.0279
2004-06-07T17:00:00Z,3.3,124,33.5,19.9,1.0112
2004-06-07T18:00:00Z,2.8,108,30.5,24.2,1.0386
2004-06-07T19:00:00Z,4.8,142,30.3,26.2,1.1161
2004-06-07T20:00:00Z,2.5,125,27,36.7,1.2898
2004-06-07T21:00:00Z,2,116,24.6,41.9,1.2752
2004-06-07T22:00:00Z,1.8,101,23.3,44.5,1.2566
2004-06-07T23:00:00Z,1.7,101,22.4,46.9,1.2544
2004-06-08T00:00:00Z,1.3,92,21.7,50.8,1.3019
2004-06-08T01:00:00Z,0.7,55,21,51.9,1.2794
2004-06-08T02:00:00Z,0.5,42,20.5,54.3,1.2926
2004-06-08T04:00:00Z,0.3,30,21,53.1,1.3031
2004-06-08T05:00:00Z,0.5,40,19.6,57.1,1.2851
2004-06-08T06:00:00Z,1.4,69,18.2,62.3,1.2903
2004-06-08T07:00:00Z,3.3,100,19.5,57.7,1.2966
2004-06-08T08:00:00Z,5.8,125,21.6,51.7,1.313
2004-06-08T09:00:00Z,5,174,23.9,44.4,1.3029
2004-06-08T10:00:00Z,3.5,171,28.1,35.2,1.312
2004-06-08T11:00:00Z,2.9,149,31.4,28.6,1.298
2004-06-08T12:00:00Z,2.5,124,33.7,25.5,1.3095
2004-06-08T13:00:00Z,2.3,119,35.9,20.8,1.2103
2004-06-08T14:00:00Z,2.4,130,37.5,18.1,1.1529
2004-06-08T15:00:00Z,2.6,143,37.7,17.7,1.1383
2004-06-08T17:00:00Z,3.5,183,36.6,20.6,1.2445
2004-06-08T18:00:00Z,3.9,161,32.5,26,1.2502
2004-06-08T19:00:00Z,4.5,170,30.8,27.2,1.1832
2004-06-08T20:00:00Z,3.8,143,28.8,30.2,1.1761
2004-06-08T21:00:00Z,2.8,123,26.7,35.4,1.2233
2004-06-08T22:00:00Z,1.7,89,25.3,40.7,1.291
2004-06-08T23:00:00Z,1.2,67,24.9,41.2,1.2809
2004-06-09T00:00:00Z,1.6,81,23.7,45.1,1.3033
2004-06-09T01:00:00Z,1,54,22.5,49,1.3151
2004-06-09T02:00:00Z,0.9,57,22.3,50.6,1.3486
2004-06-09T04:00:00Z,0.5,51,20.8,54.4,1.3229
2004-06-09T05:00:00Z,0.5,58,20.3,56,1.3204
2004-06-09T06:00:00Z,1,69,20.5,54.8,1.3073
2004-06-09T07:00:00Z,3.5,107,21.7,50.6,1.2981
2004-06-09T08:00:00Z,6.4,151,23.4,46.1,1.3091
2004-06-09T09:00:00Z,2.9,146,25.1,43,1.3488
2004-06-09T10:00:00Z,3.4,165,30.1,32.8,1.3795
2004-06-09T11:00:00Z,2.8,159,34.7,25.9,1.4069
2004-06-09T12:00:00Z,2.8,174,37.2,23.2,1.4478
2004-06-09T13:00:00Z,2.8,167,39.5,18.3,1.2917
2004-06-09T14:00:00Z,2.3,137,40.6,15.3,1.1485
2004-06-09T15:00:00Z,1.8,116,40.3,16.1,1.1896
2004-06-09T16:00:00Z,2,125,40.3,14.2,1.0494
2004-06-09T17:00:00Z,3.5,194,39.6,16.7,1.1867
2004-06-09T18:00:00Z,4.9,222,37.3,23.4,1.4672
2004-06-09T19:00:00Z,4.6,206,33.7,27.7,1.4213
2004-06-09T20:00:00Z,3.4,162,30.7,32.2,1.3983
2004-06-09T21:00:00Z,2.7,132,28.4,35.7,1.3549
2004-06-09T22:00:00Z,1.9,107,26.5,38.6,1.3154
2004-06-09T23:00:00Z,1.5,84,25.4,40.1,1.2822
2004-06-10T00:00:00Z,1,61,24.1,43.3,1.2839
2004-06-10T01:00:00Z,0.7,42,23.9,45.6,1.3328
2004-06-10T02:00:00Z,1,66,22,52.8,1.3752
2004-06-10T05:00:00Z,0.9,76,19.5,59.4,1.3328
2004-06-10T06:00:00Z,1.2,78,20,56.6,1.3095
2004-06-10T07:00:00Z,2.9,104,21.7,53.9,1.3848
2004-06-10T08:00:00Z,4.8,139,23.7,49,1.4152
2004-06-10T09:00:00Z,4.3,166,25.9,44.3,1.4544
2004-06-10T10:00:00Z,3.1,151,30.1,34.3,1.4414
2004-06-10T11:00:00Z,2.4,134,33.5,27.2,1.3859
2004-06-10T12:00:00Z,2.8,148,35.4,26.1,1.4806
2004-06-10T13:00:00Z,2.5,126,37.9,23.2,1.502
2004-06-10T14:00:00Z,2.6,144,39.7,18.7,1.3306
2004-06-10T15:00:00Z,2.3,133,40.4,17.2,1.2774
2004-06-10T16:00:00Z,2.4,139,40,18.8,1.363
2004-06-10T17:00:00Z,3.5,178,38.9,18.8,1.29
2004-06-10T18:00:00Z,4.8,206,35.8,22.1,1.2792
2004-06-10T19:00:00Z,5.1,211,33.1,25.9,1.2923
2004-06-10T20:00:00Z,4.7,180,30.9,28.2,1.2388
2004-06-10T21:00:00Z,2.4,116,27.5,32.6,1.176
2004-06-10T22:00:00Z,2.5,118,26.3,34.3,1.1605
2004-06-10T23:00:00Z,2.7,115,25.5,34.1,1.0968
2004-06-11T00:00:00Z,1.5,96,24.7,39.3,1.2065
2004-06-11T01:00:00Z,1.1,86,24.2,39.5,1.1764
2004-06-11T02:00:00Z,0.6,65,24.8,37.8,1.1639
2004-06-11T04:00:00Z,0.4,53,22,44.3,1.1553
2004-06-11T05:00:00Z,0.6,74,19.3,51.4,1.1364
2004-06-11T06:00:00Z,1,69,19.8,50.4,1.1525
2004-06-11T07:00:00Z,4.6,131,20.5,48.2,1.1474
2004-06-11T08:00:00Z,4.8,134,22.8,42.7,1.1667
2004-06-11T09:00:00Z,4,148,25.6,35.8,1.1548
2004-06-11T12:00:00Z,2,111,35.9,19.6,1.1422
2004-06-11T13:00:00Z,2,110,37.2,18.2,1.1389
2004-06-11T14:00:00Z,1.9,110,37.3,16.6,1.0435
2004-06-11T15:00:00Z,1.9,116,37.4,14.9,0.9413
2004-06-11T16:00:00Z,1.9,120,36.4,15.1,0.9005
2004-06-11T17:00:00Z,2.6,142,35.4,14.7,0.8323
2004-06-11T18:00:00Z,3.2,146,34.2,14.2,0.7502
2004-06-11T19:00:00Z,3.4,153,31.1,18.7,0.8302
2004-06-11T20:00:00Z,3.4,158,29.1,22,0.8702
2004-06-11T21:00:00Z,2.9,140,27.2,22.5,0.7962
2004-06-11T22:00:00Z,2.7,127,25.3,24.6,0.7796
2004-06-11T23:00:00Z,1.3,97,24.9,27.2,0.8429
2004-06-12T00:00:00Z,1.3,91,23.5,32.2,0.922
2004-06-12T01:00:00Z,0.9,68,23.5,32.7,0.9349
2004-06-12T02:00:00Z,0.6,52,24.1,32,0.9467
2004-06-12T04:00:00Z,0.5,58,20.8,40.2,0.9725
2004-06-12T05:00:00Z,0.9,78,18.8,46.6,1.0027
2004-06-12T06:00:00Z,0.7,61,19.8,46,1.0524
2004-06-12T07:00:00Z,0.6,64,21.3,42.3,1.0625
2004-06-12T08:00:00Z,1.3,81,21.3,41.8,1.0449
2004-06-12T09:00:00Z,1.9,92,24,36.6,1.0772
2004-06-12T10:00:00Z,2.1,101,27.2,30.7,1.0884
2004-06-12T11:00:00Z,1.8,96,32.3,23.6,1.1271
2004-06-12T12:00:00Z,1.8,101,31.9,25.8,1.2023
2004-06-12T13:00:00Z,1.6,91,35.1,21.8,1.2093
2004-06-12T14:00:00Z,1.2,68,36,20.5,1.1995
2004-06-12T15:00:00Z,1.2,76,37,20.1,1.2423
2004-06-12T16:00:00Z,1.4,84,36.4,21,1.2515
2004-06-12T17:00:00Z,1.3,76,35.2,22.6,1.267
2004-06-12T18:00:00Z,1.1,61,32.5,27.6,1.3229
2004-06-12T19:00:00Z,1.1,52,29.1,35.1,1.3919
2004-06-12T20:00:00Z,1.1,59,26.9,39.7,1.3898
2004-06-12T21:00:00Z,1.8,89,26.1,42.2,1.4039
2004-06-12T22:00:00Z,2.3,113,25.5,43.8,1.4095
2004-06-12T23:00:00Z,2.6,112,24.9,45.6,1.4135
2004-06-13T00:00:00Z,2,89,25.2,45.2,1.4262
2004-06-13T01:00:00Z,1,53,25.4,45.5,1.457
2004-06-13T02:00:00Z,0.6,36,26.2,43.6,1.4599
2004-06-13T04:00:00Z,0.5,39,24.4,48.3,1.4499
2004-06-13T05:00:00Z,0.4,33,23.3,51,1.4346
2004-06-13T06:00:00Z,0.4,37,21.6,48.1,1.2259
2004-06-13T07:00:00Z,0.4,36,21.4,47.8,1.2005
2004-06-13T08:00:00Z,0.4,42,20.5,46.8,1.1152
2004-06-13T09:00:00Z,0.5,52,20.8,40.7,0.9882
2004-06-13T10:00:00Z,0.6,60,22.3,35.3,0.9371
2004-06-13T11:00:00Z,0.7,74,21.7,38.3,0.9842
2004-06-13T12:00:00Z,0.7,65,24.4,29.6,0.8921
2004-06-13T13:00:00Z,0.6,52,23.4,34.9,0.991
2004-06-13T14:00:00Z,0.5,40,23.5,35.2,1.0019
2004-06-13T15:00:00Z,0.6,49,22.4,39,1.04
2004-06-13T16:00:00Z,0.8,56,22,41.7,1.0865
2004-06-13T17:00:00Z,0.8,59,21.7,42.7,1.0949
2004-06-13T18:00:00Z,1,68,20.7,43.4,1.047
2004-06-13T19:00:00Z,1,72,20.3,42.6,1.0045
2004-06-13T20:00:00Z,1,78,20.3,44.1,1.0392
2004-06-13T21:00:00Z,0.9,71,20.1,45.2,1.0538
2004-06-13T22:00:00Z,0.7,54,19.8,45.7,1.0424
2004-06-13T23:00:00Z,0.8,57,19.6,45.3,1.0244
2004-06-14T00:00:00Z,0.7,45,19.4,45.9,1.0242
2004-06-14T01:00:00Z,0.5,30,19.7,44.8,1.0172
2004-06-14T02:00:00Z,0.3,16,19.5,46.3,1.0363
2004-06-14T05:00:00Z,0.3,28,19.1,52.7,1.1545
2004-06-14T06:00:00Z,0.7,62,20.3,49.3,1.1596
2004-06-14T07:00:00Z,1.5,92,21.1,46.2,1.1389
2004-06-14T08:00:00Z,1.8,96,21.5,44.5,1.129
2004-06-14T09:00:00Z,1.4,87,22.4,43.6,1.1637
2004-06-14T10:00:00Z,1.5,84,24.8,39.1,1.2039
2004-06-14T11:00:00Z,1.2,73,23.9,42.1,1.2335
2004-06-14T12:00:00Z,1.2,72,25.5,38.3,1.2328
2004-06-14T13:00:00Z,1.3,68,25.4,39.2,1.2534
2004-06-14T14:00:00Z,1,62,25.6,37,1.2006
2004-06-14T15:00:00Z,1.4,70,24.5,38.4,1.1669
2004-06-14T16:00:00Z,1.6,83,23.9,39.9,1.1639
2004-06-14T17:00:00Z,2.7,92,24.2,39.2,1.1665
2004-06-14T18:00:00Z,2.3,103,23.5,41.2,1.1759
2004-06-14T19:00:00Z,1.5,82,22.3,44.9,1.1973
2004-06-14T20:00:00Z,1.4,74,21.7,46.5,1.1917
2004-06-14T21:00:00Z,1,67,22,44.9,1.1699
2004-06-14T22:00:00Z,1.1,74,22.2,44.1,1.1654
2004-06-14T23:00:00Z,1.2,72,21.8,45.6,1.1763
2004-06-15T00:00:00Z,1.2,79,21.6,46,1.1742
2004-06-15T01:00:00Z,0.7,43,21.6,45.8,1.1715
2004-06-15T02:00:00Z,0.5,33,20.7,48.3,1.168
2004-06-15T04:00:00Z,0.4,38,20.8,48.5,1.18
2004-06-15T05:00:00Z,0.5,51,20.8,49.4,1.1994
2004-06-15T06:00:00Z,1,69,19.9,51.8,1.1911
2004-06-15T07:00:00Z,4.4,116,20.9,49.3,1.2049
2004-06-15T08:00:00Z,4,119,23.7,39.9,1.1508
2004-06-15T09:00:00Z,2.4,96,25.3,35.8,1.1421
2004-06-15T10:00:00Z,2.1,109,28.8,29.1,1.1349
2004-06-15T11:00:00Z,2.7,115,30.3,26.9,1.1399
2004-06-15T12:00:00Z,2.8,118,32.8,23.3,1.138
2004-06-15T13:00:00Z,2.3,118,33.9,21.4,1.1135
2004-06-15T14:00:00Z,2,112,35.3,19.6,1.1036
2004-06-15T15:00:00Z,2.6,140,34,20.8,1.0898
2004-06-15T16:00:00Z,2.7,137,35.3,18.8,1.0572
2004-06-15T17:00:00Z,3.1,143,32.6,24.1,1.1688
2004-06-15T18:00:00Z,3.1,148,30.8,28.7,1.2507
2004-06-15T19:00:00Z,3.6,158,28.7,31.2,1.2099
2004-06-15T20:00:00Z,2.9,127,26.8,35.1,1.2201
2004-06-15T21:00:00Z,2.2,109,25.3,39.4,1.2524
2004-06-15T22:00:00Z,2,101,23.9,40.9,1.1966
2004-06-15T23:00:00Z,2.1,114,23,44.4,1.2354
2004-06-16T00:00:00Z,1.9,104,22.2,53.9,1.4237
2004-06-16T01:00:00Z,1.4,81,20.9,59.8,1.4659
2004-06-16T02:00:00Z,0.8,51,21.3,58.1,1.457
2004-06-16T04:00:00Z,0.6,40,20.3,58.9,1.3878
2004-06-16T05:00:00Z,0.5,34,21.3,54.5,1.3682
2004-06-16T06:00:00Z,1,61,20.6,57.4,1.3753
2004-06-16T07:00:00Z,2.7,95,21.3,56.9,1.4226
2004-06-16T08:00:00Z,5,142,22.9,52.4,1.4442
2004-06-16T09:00:00Z,3.3,128,24.1,46.5,1.3802
2004-06-16T10:00:00Z,2.4,115,27.1,38.8,1.3705
2004-06-16T11:00:00Z,1.7,84,28.4,34.4,1.314
2004-06-16T12:00:00Z,1.7,85,30.1,30.9,1.2958
2004-06-16T13:00:00Z,2.4,110,32.7,25.8,1.2547
2004-06-16T14:00:00Z,2.2,107,32.4,25.7,1.2271
2004-06-16T15:00:00Z,2.2,107,33.6,24.4,1.2472
2004-06-16T16:00:00Z,2.3,113,33,26,1.2877
2004-06-16T17:00:00Z,2.6,107,33.2,23.7,1.1855
2004-06-16T18:00:00Z,2.3,106,31.3,25.4,1.1415
2004-06-16T19:00:00Z,3.3,125,28.3,31.7,1.1968
2004-06-16T20:00:00Z,3.5,139,26.5,35,1.1981
2004-06-16T21:00:00Z,2.5,117,24.4,40,1.2079
2004-06-16T22:00:00Z,2.5,107,23.3,43.4,1.2251
2004-06-16T23:00:00Z,2.4,98,22.5,45.3,1.2226
2004-06-17T00:00:00Z,2.5,97,21.8,47.8,1.2325
2004-06-17T01:00:00Z,2.1,95,20.9,51,1.2446
2004-06-17T02:00:00Z,1,68,20.8,51.7,1.2572
2004-06-17T05:00:00Z,0.5,44,20.2,53.8,1.2569
2004-06-17T06:00:00Z,1.3,77,18.3,60.8,1.2635
2004-06-17T07:00:00Z,3.6,100,20.2,54.5,1.2777
2004-06-17T08:00:00Z,4.8,125,21.9,49.9,1.2957
2004-06-17T09:00:00Z,3.7,154,25.2,43,1.3548
2004-06-17T10:00:00Z,1.9,125,28,36.6,1.3603
2004-06-17T11:00:00Z,1.7,117,27.1,38.3,1.3548
2004-06-17T12:00:00Z,1.9,105,27.4,37,1.3319
2004-06-17T13:00:00Z,1.8,103,29.4,32.9,1.3244
2004-06-17T14:00:00Z,1.7,106,31.3,28.7,1.2885
2004-06-17T15:00:00Z,1.8,107,31.5,28.7,1.3058
2004-06-17T16:00:00Z,1.7,102,30.9,30.3,1.3306
2004-06-17T17:00:00Z,2.8,124,31.4,30.3,1.3689
2004-06-17T18:00:00Z,3.6,133,30.7,31.4,1.3686
2004-06-17T19:00:00Z,3.3,125,29,33.4,1.3169
2004-06-17T20:00:00Z,2.9,124,27.3,37.5,1.342
2004-06-17T21:00:00Z,1.7,97,25.8,40.9,1.3389
2004-06-17T22:00:00Z,1.7,94,25.2,43,1.358
2004-06-17T23:00:00Z,2.8,120,24.6,45.8,1.394
2004-06-18T00:00:00Z,1.8,105,24,47.3,1.3914
2004-06-18T01:00:00Z,1,81,23.5,48.3,1.3777
2004-06-18T02:00:00Z,0.5,43,24,45.8,1.3467
2004-06-18T04:00:00Z,0.3,32,22.8,48.1,1.3184
2004-06-18T05:00:00Z,0.4,36,21.9,50.1,1.3002
2004-06-18T06:00:00Z,0.8,59,20.4,54.1,1.28
2004-06-18T07:00:00Z,2.2,92,20.8,52.6,1.2758
2004-06-18T08:00:00Z,4.4,121,22.8,47.9,1.3156
2004-06-18T09:00:00Z,3.7,151,25.2,42.9,1.3552
2004-06-18T10:00:00Z,2.5,142,29.3,34.8,1.397
2004-06-18T11:00:00Z,2.5,141,33.3,27.8,1.4013
2004-06-18T12:00:00Z,2.3,129,34.9,24.9,1.363
2004-06-18T13:00:00Z,2,106,36.1,22.7,1.3324
2004-06-18T14:00:00Z,2,125,37.6,21.1,1.3478
2004-06-18T15:00:00Z,2.1,126,37.3,21.9,1.3761
2004-06-18T16:00:00Z,2.4,147,37.2,21.6,1.3514
2004-06-18T17:00:00Z,3.1,180,35.6,23.4,1.341
2004-06-18T18:00:00Z,2.9,164,33.1,24.3,1.2087
2004-06-18T19:00:00Z,3.5,180,30.5,29.5,1.2635
2004-06-18T20:00:00Z,2.9,153,28.7,35.8,1.3834
2004-06-18T21:00:00Z,1.5,105,26.6,42.2,1.4452
2004-06-18T22:00:00Z,1.7,98,25.2,46.6,1.4733
2004-06-18T23:00:00Z,2.2,107,24.7,47.7,1.4649
2004-06-19T00:00:00Z,1.6,87,24.4,47.4,1.4301
2004-06-19T01:00:00Z,1,80,23.3,49.9,1.4135
2004-06-19T02:00:00Z,0.6,62,23.8,47.3,1.3783
2004-06-19T04:00:00Z,0.6,54,21.2,55,1.3689
2004-06-19T05:00:00Z,0.5,56,21.7,52.6,1.35
2004-06-19T06:00:00Z,0.5,62,22.8,48.9,1.3424
2004-06-19T07:00:00Z,0.9,72,23.5,47.6,1.3611
2004-06-19T08:00:00Z,1.4,86,24.6,44.9,1.3661
2004-06-19T09:00:00Z,1.6,99,27,39.9,1.402
2004-06-19T10:00:00Z,1.6,98,29.3,35.9,1.4411
2004-06-19T11:00:00Z,1.7,102,31.2,32.4,1.4517
2004-06-19T12:00:00Z,1.7,84,34.4,26.6,1.423
2004-06-19T13:00:00Z,1.5,83,36.1,22.1,1.3004
2004-06-21T04:00:00Z,0.3,24,18.9,55.2,1.1895
2004-06-21T05:00:00Z,0.5,43,18.2,57.6,1.193
2004-06-21T06:00:00Z,1.3,64,18.6,56,1.1865
2004-06-21T07:00:00Z,2.5,91,20.8,48,1.1702
2004-06-21T08:00:00Z,3.7,109,23.3,38.6,1.0919
2004-06-21T09:00:00Z,2.5,110,25.1,32.4,1.017
2004-06-21T10:00:00Z,1.8,111,27.8,25.8,0.9473
2004-06-21T11:00:00Z,1.5,106,29.6,21,0.8548
2004-06-21T12:00:00Z,1.5,104,30.2,18,0.7613
2004-06-21T13:00:00Z,1.2,76,30.1,18.5,0.7747
2004-06-21T14:00:00Z,1.4,84,29.5,19.4,0.7872
2004-06-21T15:00:00Z,1.6,102,31.1,18.2,0.8079
2004-06-21T16:00:00Z,1.6,102,30.3,19,0.8103
2004-06-21T17:00:00Z,2.2,124,30.1,19.3,0.8083
2004-06-21T18:00:00Z,3,147,28.6,22.3,0.859
2004-06-21T19:00:00Z,3,138,26.1,28.3,0.9407
2004-06-21T20:00:00Z,2.7,126,24.5,35.7,1.0807
2004-06-21T21:00:00Z,2.1,112,23.1,41.5,1.1582
2004-06-21T22:00:00Z,1.6,95,21.8,46.3,1.1913
2004-06-21T23:00:00Z,1.3,80,20.9,48.9,1.1945
2004-06-22T00:00:00Z,1.1,79,20.5,49.9,1.1903
2004-06-22T01:00:00Z,0.7,49,20,50.9,1.1794
2004-06-22T02:00:00Z,0.4,36,22.1,44.3,1.1665
2004-06-22T04:00:00Z,0.2,40,19.8,50.3,1.1444
2004-06-22T05:00:00Z,0.3,37,19,52.8,1.1489
2004-06-22T06:00:00Z,0.9,67,17.8,56.5,1.1375
2004-06-22T07:00:00Z,3.1,106,18.2,55.8,1.1529
2004-06-22T08:00:00Z,5,134,20.6,47.7,1.1448
2004-06-22T09:00:00Z,2.8,123,22.8,41.9,1.1496
2004-06-22T10:00:00Z,2.8,136,27.1,31.7,1.1147
2004-06-22T11:00:00Z,2.1,109,30.4,26.4,1.131
2004-06-22T12:00:00Z,3.1,144,31.1,26.2,1.1647
2004-06-22T13:00:00Z,3,154,31.4,25.3,1.1444
2004-06-22T14:00:00Z,2.1,126,30.8,26.7,1.168
2004-06-22T15:00:00Z,1.7,98,31.8,25.6,1.1868
2004-06-22T16:00:00Z,2.2,120,33.5,22.9,1.1649
2004-06-22T17:00:00Z,3.5,145,33.1,23.5,1.1673
2004-06-22T18:00:00Z,3.6,139,31.7,25.9,1.1883
2004-06-22T19:00:00Z,4.1,148,29,30.4,1.2013
2004-06-22T20:00:00Z,4,139,27.4,33.6,1.2095
2004-06-22T21:00:00Z,1.8,93,25.2,36.4,1.1528
2004-06-22T22:00:00Z,1.7,96,24,39.6,1.1662
2004-06-22T23:00:00Z,2.4,104,23.8,39.6,1.1558
2004-06-23T00:00:00Z,1.2,83,22.9,43.6,1.1974
2004-06-23T01:00:00Z,0.8,66,22.8,43.9,1.202
2004-06-23T02:00:00Z,0.5,55,21.8,47.3,1.2189
2004-06-23T05:00:00Z,0.4,40,21.7,46.8,1.2031
2004-06-23T06:00:00Z,1,51,20.3,52.3,1.2367
2004-06-23T07:00:00Z,3.8,117,20.5,52.3,1.245
2004-06-23T08:00:00Z,3.2,110,21.7,49.6,1.2673
2004-06-23T09:00:00Z,3.5,136,24,43.1,1.2677
2004-06-23T10:00:00Z,3.2,152,28.5,31.7,1.2144
2004-06-23T11:00:00Z,2.3,119,32.2,25.1,1.189
2004-06-23T12:00:00Z,2.2,106,34.9,20.5,1.1279
2004-06-23T13:00:00Z,2.1,101,35.4,19.9,1.1222
2004-06-23T14:00:00Z,1.9,110,34.4,22.5,1.205
2004-06-23T15:00:00Z,2.4,124,34.8,22.8,1.2488
2004-06-23T16:00:00Z,2.5,137,34.3,22.4,1.1907
2004-06-23T17:00:00Z,3.6,159,32.5,25.3,1.2165
2004-06-23T18:00:00Z,3.9,152,31.3,27.3,1.2234
2004-06-23T19:00:00Z,4.4,166,30.2,29,1.2224
2004-06-23T20:00:00Z,4.8,163,28.5,33.3,1.2775
2004-06-23T21:00:00Z,2.5,121,27.3,35.3,1.2606
2004-06-23T22:00:00Z,2.8,125,26.1,37.8,1.2575
2004-06-23T23:00:00Z,3.2,120,24.7,47.1,1.44
2004-06-24T00:00:00Z,2.6,103,23.6,59.8,1.7193
2004-06-24T01:00:00Z,1.5,64,23.3,60.5,1.706
2004-06-24T02:00:00Z,1,44,23.3,59.4,1.6753
2004-06-24T04:00:00Z,0.6,35,23.7,53.5,1.546
2004-06-24T05:00:00Z,0.6,46,21.2,60.9,1.5092
2004-06-24T06:00:00Z,0.7,54,22.1,56.2,1.48
2004-06-24T07:00:00Z,1.2,68,21.9,57,1.4742
2004-06-24T08:00:00Z,1.5,77,24.7,45.9,1.4061
2004-06-24T09:00:00Z,1.3,74,27,40.8,1.4286
2004-06-24T10:00:00Z,1.6,92,29.1,37.4,1.4833
2004-06-24T11:00:00Z,1.5,83,31.1,32.4,1.4351
2004-06-24T12:00:00Z,1.2,58,31.9,30.3,1.4125
2004-06-24T13:00:00Z,1.1,55,32.8,28.9,1.412
2004-06-24T14:00:00Z,1.2,61,33.4,27.8,1.4119
2004-06-24T15:00:00Z,1.3,65,35.3,23.7,1.3331
2004-06-24T16:00:00Z,1.4,74,35.8,22.4,1.2915
2004-06-24T17:00:00Z,1.6,89,35.3,20.8,1.1664
2004-06-24T18:00:00Z,2.1,103,33.3,23.9,1.2085
2004-06-24T19:00:00Z,3,128,30.3,30.8,1.3044
2004-06-24T20:00:00Z,2.8,122,28.3,34.5,1.3084
2004-06-24T21:00:00Z,3.8,125,27.1,38.9,1.3758
2004-06-24T22:00:00Z,3.2,119,25.4,43.2,1.3805
2004-06-24T23:00:00Z,4.1,126,24.6,45.3,1.3767
2004-06-25T00:00:00Z,2.6,100,23.7,46,1.3346
2004-06-25T01:00:00Z,2,94,23,48.1,1.3322
2004-06-25T02:00:00Z,0.9,52,24.8,43.4,1.3366
2004-06-25T04:00:00Z,0.6,64,21.7,50.2,1.2917
2004-06-25T05:00:00Z,0.6,46,21.9,50.7,1.3138
2004-06-25T06:00:00Z,1.6,88,20.1,57,1.3216
2004-06-25T07:00:00Z,2.6,104,21.5,51.8,1.3129
2004-06-25T08:00:00Z,2.9,125,22.9,48.7,1.3416
2004-06-25T09:00:00Z,2.8,151,25.7,41,1.3351
2004-06-25T10:00:00Z,1.9,113,29.9,33.2,1.3793
2004-06-25T11:00:00Z,1.9,102,32.9,28,1.3789
2004-06-25T12:00:00Z,2.1,108,34,25.6,1.3363
2004-06-25T13:00:00Z,1.9,93,34.7,22.6,1.2297
2004-06-25T14:00:00Z,1.6,89,35.5,20.3,1.1586
2004-06-25T15:00:00Z,1.6,84,35.9,18.8,1.0912
2004-06-25T16:00:00Z,2.1,111,36.2,18.6,1.0945
2004-06-25T17:00:00Z,2.4,115,35.4,15.3,0.8613
2004-06-25T18:00:00Z,2.8,127,32.9,15.5,0.7649
2004-06-25T19:00:00Z,3.4,129,29.9,19.8,0.8211
2004-06-25T20:00:00Z,3.4,140,28.1,22.4,0.8394
2004-06-25T21:00:00Z,2.7,137,26.1,24.7,0.8233
2004-06-25T22:00:00Z,2.6,130,25,28.7,0.8944
2004-06-25T23:00:00Z,2.3,121,24.3,31,0.9268
2004-06-26T00:00:00Z,1.2,79,24,31.2,0.919
2004-06-26T01:00:00Z,1,69,22.4,34.9,0.9362
2004-06-26T02:00:00Z,0.9,61,21.2,37.6,0.9355
2004-06-26T05:00:00Z,0.4,58,19.5,42.4,0.9515
2004-06-26T06:00:00Z,0.9,70,18.6,45.8,0.9723
2004-06-26T07:00:00Z,1.8,104,19.7,44.1,1.0039
2004-06-26T08:00:00Z,2.2,109,21.9,39.4,1.0243
2004-06-26T09:00:00Z,2.4,129,24.5,34.3,1.0407
2004-06-26T10:00:00Z,2.3,144,30,25.6,1.0674
2004-06-26T11:00:00Z,1.6,101,34.5,18.9,1.0168
2004-06-26T12:00:00Z,1.4,90,36.3,17.5,1.0411
2004-06-26T13:00:00Z,1.4,86,37.7,16,1.0231
2004-06-26T14:00:00Z,1,69,38.3,15.8,1.0465
2004-06-26T15:00:00Z,1,65,38.4,17.5,1.1609
2004-06-26T16:00:00Z,1.2,73,37.2,20.5,1.2813
2004-06-26T17:00:00Z,1.3,73,34,26.4,1.3781
2004-06-26T18:00:00Z,1.5,78,32.3,30.4,1.445
2004-06-26T19:00:00Z,1.9,98,30.5,33.9,1.4564
2004-06-26T20:00:00Z,1.8,99,29.2,37.8,1.5098
2004-06-26T21:00:00Z,1.4,83,28.4,39.1,1.4881
2004-06-26T22:00:00Z,1.7,88,27.7,40.6,1.4828
2004-06-26T23:00:00Z,2.7,117,27.2,42.5,1.5069
2004-06-27T00:00:00Z,2.1,97,26.5,44.8,1.528
2004-06-27T01:00:00Z,1.4,75,25.5,47.6,1.5318
2004-06-27T02:00:00Z,1,53,25.2,47.8,1.5076
2004-06-27T04:00:00Z,0.8,45,23.2,52.3,1.4668
2004-06-27T05:00:00Z,0.5,42,24,50.3,1.4811
2004-06-27T06:00:00Z,0.6,44,23.5,51.2,1.4634
2004-06-27T07:00:00Z,0.6,50,23.5,50.8,1.452
2004-06-27T08:00:00Z,1,60,24.7,47.6,1.4597
2004-06-27T09:00:00Z,1.6,100,27.2,41.1,1.4611
2004-06-27T10:00:00Z,1.9,111,31,32.4,1.4294
2004-06-27T11:00:00Z,1.7,110,35.2,24.8,1.3854
2004-06-27T12:00:00Z,1.1,74,37.8,18.5,1.1977
2004-06-27T13:00:00Z,0.8,56,39,15.1,1.0424
2004-06-27T14:00:00Z,0.7,50,41.3,12.8,0.9933
2004-06-27T15:00:00Z,0.7,54,41.8,11.9,0.9476
2004-06-27T16:00:00Z,1.2,90,42.2,14.2,1.1609
2004-06-27T17:00:00Z,1.6,109,41.4,15.5,1.2089
2004-06-27T18:00:00Z,1.6,110,38.9,21.4,1.4605
2004-06-27T19:00:00Z,1.7,103,34.3,26,1.3865
2004-06-27T20:00:00Z,2,120,32.7,27.7,1.3439
2004-06-27T21:00:00Z,2.3,134,30.5,30.4,1.3031
2004-06-27T22:00:00Z,2.4,137,29,33.6,1.3277
2004-06-27T23:00:00Z,1.7,99,28.2,36.6,1.3781
2004-06-28T00:00:00Z,1.2,78,27.2,38.9,1.3821
2004-06-28T01:00:00Z,1,63,26.7,40,1.3754
2004-06-28T02:00:00Z,0.6,41,26,41.2,1.3598
2004-06-28T04:00:00Z,0.4,39,24,46.6,1.37
2004-06-28T05:00:00Z,0.5,60,24,46.4,1.3689
2004-06-28T06:00:00Z,0.7,54,23.7,47.1,1.3602
2004-06-28T07:00:00Z,3.2,119,23.6,47.3,1.3634
2004-06-28T08:00:00Z,5.6,159,25.5,43.1,1.3891
2004-06-28T09:00:00Z,4.6,182,28.5,36.8,1.4128
2004-06-28T10:00:00Z,3.3,183,32.6,28,1.3566
2004-06-28T11:00:00Z,2.1,144,36.3,23.4,1.3902
2004-06-28T12:00:00Z,1.9,118,37.5,21.5,1.3673
2004-06-28T13:00:00Z,1.9,106,39.6,19,1.3447
2004-06-28T14:00:00Z,1.6,97,40.1,19.3,1.4013
2004-06-28T15:00:00Z,2,129,40.4,20,1.4854
2004-06-28T16:00:00Z,1.8,130,39.9,20.1,1.4495
2004-06-28T17:00:00Z,2.9,163,39.1,19.6,1.3542
2004-06-28T18:00:00Z,3.4,160,37,21.9,1.3503
2004-06-28T19:00:00Z,3.1,140,33.9,26.8,1.3899
2004-06-28T20:00:00Z,2.5,115,31.9,30.6,1.4201
2004-06-28T21:00:00Z,1.8,92,29.7,33.9,1.3874
2004-06-28T22:00:00Z,1.8,99,28.6,36.8,1.416
2004-06-28T23:00:00Z,2,96,27.8,38.7,1.4187
2004-06-29T00:00:00Z,1.5,80,27.8,40,1.4691
2004-06-29T01:00:00Z,0.8,65,27.5,41.3,1.4962
2004-06-29T02:00:00Z,0.4,46,27.3,41.6,1.4906
2004-06-29T05:00:00Z,0.5,54,25.9,45.1,1.4889
2004-06-29T06:00:00Z,0.7,62,25.3,47.6,1.5108
2004-06-29T07:00:00Z,3.4,102,24.7,49.5,1.5201
2004-06-29T08:00:00Z,5.7,140,27.1,43.1,1.5224
2004-06-29T09:00:00Z,3.2,121,28.3,39.8,1.5053
2004-06-29T10:00:00Z,2.7,132,32.4,32.3,1.5484
2004-06-29T11:00:00Z,2.1,122,35.4,27.8,1.5733
2004-06-29T12:00:00Z,2.8,148,35.5,27.4,1.5635
2004-06-29T13:00:00Z,2.5,133,37.8,24.4,1.5722
2004-06-29T14:00:00Z,2.1,130,37.2,25.5,1.5914
2004-06-29T15:00:00Z,2.5,141,37.2,25.6,1.6014
2004-06-29T16:00:00Z,2.7,172,38,25,1.6312
2004-06-29T17:00:00Z,3.7,198,37.1,26.9,1.6635
2004-06-29T18:00:00Z,3.7,181,36.9,27.8,1.7099
2004-06-29T19:00:00Z,4.6,202,34.7,31.9,1.7325
2004-06-29T20:00:00Z,2.6,120,31.9,38.4,1.7897
2004-06-29T21:00:00Z,2.5,115,30.5,42.3,1.8173
2004-06-29T22:00:00Z,2.3,112,29.3,45.8,1.8362
2004-06-29T23:00:00Z,2.2,97,28.2,48.1,1.8144
2004-06-30T00:00:00Z,2.5,100,27.3,51,1.8287
2004-06-30T01:00:00Z,0.9,47,26.8,52.4,1.8141
2004-06-30T02:00:00Z,0.8,44,26,54.9,1.8141
2004-06-30T04:00:00Z,0.5,42,26.9,51.8,1.805
2004-06-30T05:00:00Z,0.7,57,24.6,59.1,1.8013
2004-06-30T06:00:00Z,0.9,61,26.4,53.1,1.7987
2004-06-30T07:00:00Z,2.2,106,27.3,46.4,1.6542
2004-06-30T08:00:00Z,2.8,136,28.4,40.4,1.5442
2004-06-30T09:00:00Z,2.9,157,30.8,37.1,1.6169
2004-06-30T10:00:00Z,2.9,171,34.2,30.7,1.6252
2004-06-30T11:00:00Z,3,190,37,26.5,1.6352
2004-06-30T12:00:00Z,2.5,155,36.6,27.8,1.676
2004-06-30T13:00:00Z,2.3,139,36.9,26.9,1.6477
2004-06-30T14:00:00Z,2.1,152,39.3,22.2,1.552
2004-06-30T15:00:00Z,1.9,143,38.5,22.4,1.5018
2004-06-30T16:00:00Z,2.3,168,39.7,20.4,1.4594
2004-06-30T17:00:00Z,4.2,226,38.8,24.2,1.6433
2004-06-30T18:00:00Z,4.9,207,33.5,38,1.939
2004-06-30T19:00:00Z,4.9,197,34,32.9,1.7251
2004-06-30T20:00:00Z,3.5,158,31.9,33.7,1.5663
2004-06-30T21:00:00Z,2.5,124,30.2,37.6,1.587
2004-06-30T22:00:00Z,2.5,110,28.9,41,1.6096
2004-06-30T23:00:00Z,2.6,112,27.8,45.2,1.6604
2004-07-01T00:00:00Z,2.3,102,27.1,47.4,1.6701
2004-07-01T01:00:00Z,1.5,77,26.2,49.4,1.6555
2004-07-01T02:00:00Z,0.9,50,26.9,49.3,1.7196
2004-07-01T04:00:00Z,0.6,40,24.9,54.6,1.6908
2004-07-01T05:00:00Z,0.8,66,23.4,58.6,1.6651
2004-07-01T06:00:00Z,0.9,60,24.4,55.2,1.6604
2004-07-01T07:00:00Z,2.4,85,25.1,54.3,1.7057
2004-07-01T08:00:00Z,3.9,120,26.6,51.2,1.7565
2004-07-01T09:00:00Z,2.9,134,28.2,47.1,1.7752
2004-07-01T10:00:00Z,2.7,149,31.6,39.4,1.7969
2004-07-01T11:00:00Z,2,125,34.2,31.8,1.6837
2004-07-01T12:00:00Z,2.4,132,36.6,27.1,1.6352
2004-07-01T13:00:00Z,2,114,37.6,26.9,1.715
2004-07-01T14:00:00Z,1.8,110,38.1,26.3,1.7213
2004-07-01T15:00:00Z,1.9,121,37.8,26.9,1.7392
2004-07-01T16:00:00Z,1.8,127,37.8,22.7,1.4653
2004-07-01T17:00:00Z,2.9,157,36.9,24.7,1.5134
2004-07-01T18:00:00Z,3.3,169,34.5,28.5,1.531
2004-07-01T19:00:00Z,4.4,179,32.5,30.9,1.4875
2004-07-01T20:00:00Z,3.4,149,30.9,30.4,1.338
2004-07-01T21:00:00Z,1.9,111,28.7,34.7,1.3457
2004-07-01T22:00:00Z,2.1,112,27.7,39.3,1.4372
2004-07-01T23:00:00Z,2.5,120,26.8,45.1,1.5645
2004-07-02T00:00:00Z,2.3,105,26.1,45.3,1.5115
2004-07-02T01:00:00Z,1.7,90,25.9,46.1,1.5174
2004-07-02T02:00:00Z,1.5,87,25.3,47.6,1.513
2004-07-02T05:00:00Z,0.5,61,25.1,48,1.5115
2004-07-02T06:00:00Z,0.8,63,24.8,50.6,1.5654
2004-07-02T07:00:00Z,2.6,102,25.7,49.7,1.615
2004-07-02T08:00:00Z,4.9,149,27.4,45.5,1.6396
2004-07-02T09:00:00Z,2.9,147,29.3,40,1.6082
2004-07-02T10:00:00Z,2.8,158,33.6,28.7,1.4693
2004-07-02T11:00:00Z,1.8,112,34.6,27.7,1.4991
2004-07-02T12:00:00Z,1.8,108,35.6,27.2,1.5557
2004-07-02T13:00:00Z,1.9,120,36.9,23.3,1.4313
2004-07-02T14:00:00Z,1.7,117,38.8,20.7,1.4036
2004-07-02T15:00:00Z,1.7,119,38.1,22.6,1.4868
2004-07-02T16:00:00Z,1.9,149,37.1,23,1.4229
2004-07-02T17:00:00Z,2.1,174,34.8,19.3,1.0543
2004-07-02T18:00:00Z,2.4,163,33.6,20.7,1.059
2004-07-02T19:00:00Z,3,161,31.4,18.5,0.8376
2004-07-02T20:00:00Z,2.8,154,29.5,23.8,0.9623
2004-07-02T21:00:00Z,1.9,124,27.4,27.1,0.9736
2004-07-02T22:00:00Z,2.1,122,26.1,31.1,1.0338
2004-07-02T23:00:00Z,1.8,119,25.5,34,1.0935
2004-07-03T00:00:00Z,2.5,131,24,37.8,1.1125
2004-07-03T01:00:00Z,1.1,84,24.2,37.3,1.1118
2004-07-03T02:00:00Z,0.7,77,23.4,40.6,1.1571
2004-07-03T04:00:00Z,0.4,41,22.6,43,1.1629
2004-07-03T05:00:00Z,0.7,68,20.2,50.7,1.1844
2004-07-03T06:00:00Z,0.7,69,20.5,49.3,1.176
2004-07-03T07:00:00Z,1.8,101,21.4,48,1.2086
2004-07-03T08:00:00Z,2.3,120,23.2,43.9,1.2344
2004-07-03T09:00:00Z,1.9,124,25.3,40.7,1.2921
2004-07-03T10:00:00Z,1.7,113,29.9,31.1,1.2883
2004-07-03T11:00:00Z,1.3,97,33.9,21.3,1.1067
2004-07-03T12:00:00Z,1.5,94,36.3,16,0.9465
2004-07-03T13:00:00Z,1.3,86,36.6,15.2,0.9177
2004-07-03T14:00:00Z,0.8,70,37.4,15.8,0.9998
2004-07-03T15:00:00Z,0.8,70,37.9,15,0.9721
2004-07-03T16:00:00Z,1.1,82,38,16.8,1.0933
2004-07-03T17:00:00Z,1.2,93,36.9,17.5,1.0789
2004-07-03T18:00:00Z,1.2,89,35.3,17,0.9561
2004-07-03T19:00:00Z,1.4,90,31.9,20.4,0.9462
2004-07-03T20:00:00Z,1.1,67,29.1,29.6,1.1792
2004-07-03T21:00:00Z,1.5,94,27.4,33.4,1.2022
2004-07-03T22:00:00Z,2,109,26.7,35.8,1.2318
2004-07-03T23:00:00Z,1.9,103,25.2,42.7,1.3473
2004-07-04T00:00:00Z,2.2,101,24,51.9,1.5252
2004-07-04T01:00:00Z,1.1,71,24.5,44.4,1.3476
2004-07-04T02:00:00Z,1.1,71,22.6,51,1.3805
2004-07-04T04:00:00Z,0.6,49,21.2,56.8,1.4094
2004-07-04T05:00:00Z,0.6,43,20.3,59.6,1.3994
2004-07-04T06:00:00Z,0.6,44,21.3,56.7,1.4178
2004-07-04T07:00:00Z,0.6,42,23,54.6,1.5177
2004-07-04T08:00:00Z,1.1,69,23.7,54.3,1.5731
2004-07-04T09:00:00Z,1,65,25.4,49.3,1.5732
2004-07-04T10:00:00Z,1,68,29.6,37.7,1.544
2004-07-04T11:00:00Z,1,58,33.9,26.2,1.3664
2004-07-04T12:00:00Z,0.8,52,35.8,22.4,1.2933
2004-07-04T13:00:00Z,0.7,46,37.9,18.8,1.222
2004-07-04T14:00:00Z,0.4,40,38.5,14.8,0.9942
2004-07-04T15:00:00Z,0.5,47,39.3,14.5,1.0149
2004-07-04T16:00:00Z,0.6,56,38.9,15.6,1.0613
2004-07-04T17:00:00Z,0.7,64,37.9,12.7,0.8211
2004-07-04T18:00:00Z,0.9,71,35.8,13.4,0.7749
2004-07-04T19:00:00Z,1.6,103,32.3,19.7,0.9345
2004-07-04T20:00:00Z,1.6,97,30.1,23.5,0.9869
2004-07-04T21:00:00Z,1.7,108,28.2,28.7,1.0806
2004-07-04T22:00:00Z,1.3,87,26,35.7,1.1842
2004-07-04T23:00:00Z,1.9,104,25.3,39.2,1.2452
2004-07-05T00:00:00Z,1.5,93,24.7,38.7,1.1845
2004-07-05T01:00:00Z,0.6,55,25.5,35.7,1.1499
2004-07-05T02:00:00Z,0.4,49,22.5,43.2,1.1589
2004-07-05T05:00:00Z,0.4,43,21.6,45.7,1.1665
2004-07-05T06:00:00Z,0.7,57,21.1,47.3,1.1654
2004-07-05T07:00:00Z,2,80,21.6,44.1,1.1269
2004-07-05T08:00:00Z,3.9,134,23.7,37.9,1.0988
2004-07-05T09:00:00Z,3.6,157,26,30.1,0.9953
2004-07-05T10:00:00Z,3.2,175,30.6,23.2,1.001
2004-07-05T11:00:00Z,2.2,147,34.1,19.1,1.0048
2004-07-05T12:00:00Z,2.2,140,36.2,18,1.0636
2004-07-05T13:00:00Z,2.1,137,37.4,17.3,1.0914
2004-07-05T14:00:00Z,1.8,123,39.5,15.6,1.102
2004-07-05T15:00:00Z,2,138,40.4,14.9,1.1033
2004-07-05T16:00:00Z,1.8,132,40.1,16.1,1.1699
2004-07-05T17:00:00Z,3,174,39.3,18.9,1.3251
2004-07-05T18:00:00Z,4.3,203,37.3,19.9,1.2437
2004-07-05T19:00:00Z,3.5,176,33.6,22.9,1.1747
2004-07-05T20:00:00Z,2.5,125,30.7,28.9,1.2501
2004-07-05T21:00:00Z,1.8,98,28.8,32.8,1.2776
2004-07-05T22:00:00Z,1.9,103,27.3,36.8,1.3207
2004-07-05T23:00:00Z,1.9,104,26.2,39.7,1.3249
2004-07-06T00:00:00Z,1.9,105,25.4,43,1.37
2004-07-06T01:00:00Z,0.9,75,25.8,41,1.3461
2004-07-06T02:00:00Z,0.7,60,23.3,48.4,1.3677
2004-07-06T04:00:00Z,0.4,36,23.5,46.7,1.3361
2004-07-06T05:00:00Z,0.7,66,21.8,52.3,1.3539
2004-07-06T06:00:00Z,1.6,97,21.8,52.5,1.3529
2004-07-06T07:00:00Z,3.8,115,22.9,49.1,1.3546
2004-07-06T08:00:00Z,5.1,145,24.9,43.3,1.3422
2004-07-06T09:00:00Z,3.4,162,26.7,39.4,1.3556
2004-07-06T10:00:00Z,2.6,147,30.5,32.9,1.4135
2004-07-06T11:00:00Z,2.2,132,34.2,27.2,1.4404
2004-07-06T12:00:00Z,3.4,179,38.2,20.9,1.3701
2004-07-06T13:00:00Z,3.4,174,39.6,16.9,1.2028
2004-07-06T14:00:00Z,1.8,132,39.9,15.8,1.141
2004-07-06T15:00:00Z,2,151,40.2,13.9,1.02
2004-07-06T16:00:00Z,2.4,168,39.6,13.2,0.9332
2004-07-06T17:00:00Z,3.8,192,39.5,12.6,0.8894
2004-07-06T18:00:00Z,4.4,194,37.9,13.9,0.9015
2004-07-06T19:00:00Z,3.9,155,34.2,17.9,0.9444
2004-07-06T20:00:00Z,4,159,32.6,20.6,0.9939
2004-07-06T21:00:00Z,2.5,125,30.4,23.2,0.9889
2004-07-06T22:00:00Z,2.1,108,28.8,25.1,0.9793
2004-07-06T23:00:00Z,2.4,110,27.8,29.9,1.1018
2004-07-07T00:00:00Z,2.1,99,26.9,32.6,1.1381
2004-07-07T01:00:00Z,1.6,95,26.3,33.7,1.1377
2004-07-07T02:00:00Z,0.8,69,25.7,33.9,1.1065
2004-07-07T04:00:00Z,0.4,45,25.5,34.6,1.1096
2004-07-07T05:00:00Z,0.5,53,24,37.8,1.1077
2004-07-07T06:00:00Z,1.3,88,23.9,39.3,1.1522
2004-07-07T07:00:00Z,4.1,136,24.8,38.4,1.1808
2004-07-07T08:00:00Z,4.1,141,26.9,34.4,1.2036
2004-07-07T09:00:00Z,4,189,29.6,28.7,1.1706
2004-07-07T10:00:00Z,2.2,166,34.6,21.1,1.1398
2004-07-07T11:00:00Z,2,154,38.3,17,1.1216
2004-07-07T12:00:00Z,2,149,40.4,14.5,1.0736
2004-07-07T13:00:00Z,2.2,142,42.6,9.6,0.8012
2004-07-07T14:00:00Z,2.2,130,42.5,10.2,0.8478
2004-07-07T15:00:00Z,1.8,121,41,11.6,0.8872
2004-07-07T16:00:00Z,1.8,116,41.3,13,1.0154
2004-07-07T17:00:00Z,3.3,177,39.2,14.5,1.0106
2004-07-07T18:00:00Z,4.3,233,36.9,17.9,1.096
2004-07-07T19:00:00Z,5.3,223,35.6,20.4,1.1646
2004-07-07T20:00:00Z,4.3,184,33.7,22.6,1.1658
2004-07-07T21:00:00Z,3.6,165,31.5,27.8,1.2671
2004-07-07T22:00:00Z,2.4,132,31.1,29.3,1.3055
2004-07-07T23:00:00Z,2.1,122,30.2,30.9,1.3026
2004-07-08T00:00:00Z,1.2,88,29.8,30.2,1.2502
2004-07-08T01:00:00Z,0.9,79,28.4,32.5,1.2361
2004-07-08T02:00:00Z,0.6,60,27.5,34,1.231
2004-07-08T05:00:00Z,0.6,74,25.6,38.8,1.2545
2004-07-08T06:00:00Z,0.6,62,27.5,34.6,1.2518
2004-07-08T07:00:00Z,2.2,115,25.9,37.4,1.2289
2004-07-08T08:00:00Z,3.2,119,28.5,32.5,1.2441
2004-07-08T09:00:00Z,3,155,29.5,32.7,1.3229
2004-07-08T10:00:00Z,2.7,162,29.8,33.1,1.3693
2004-07-08T11:00:00Z,3.2,189,33.4,26.8,1.3586
2004-07-08T12:00:00Z,1.4,115,40.3,15.8,1.1604
2004-07-08T13:00:00Z,1.3,109,41.8,15,1.1989
2004-07-08T14:00:00Z,1.4,108,41.1,15.7,1.2071
2004-07-08T15:00:00Z,2.1,145,41.9,14.8,1.1944
2004-07-08T16:00:00Z,2.4,167,40.9,14.6,1.114
2004-07-08T17:00:00Z,3.1,200,39.1,16.9,1.1705
2004-07-08T18:00:00Z,3.5,178,36.4,27.3,1.6308
2004-07-08T19:00:00Z,5.1,206,34.9,29.3,1.611
2004-07-08T20:00:00Z,4.5,192,33.6,26.4,1.3515
2004-07-08T21:00:00Z,2.9,137,32.2,27.6,1.3044
2004-07-08T22:00:00Z,2.6,128,30.5,29.7,1.2742
2004-07-08T23:00:00Z,2.7,121,29.4,35.6,1.4383
2004-07-09T00:00:00Z,3.2,136,29.1,34.8,1.38
2004-07-09T01:00:00Z,2.3,109,27.7,41.9,1.537
2004-07-09T02:00:00Z,1,74,27.9,41.6,1.5425
2004-07-09T04:00:00Z,0.4,40,27.4,42.2,1.5177
2004-07-09T05:00:00Z,0.6,61,26.6,42.8,1.4713
2004-07-09T06:00:00Z,1,83,26.9,40.3,1.4041
2004-07-09T07:00:00Z,2.9,129,27,37.3,1.3081
2004-07-09T09:00:00Z,1.8,115,27.4,32,1.1545
2004-07-09T10:00:00Z,1.8,130,30.5,24.7,1.0592
2004-07-09T11:00:00Z,1.7,137,32.9,20.1,0.9902
2004-07-09T12:00:00Z,1.5,116,33.9,18.4,0.9587
2004-07-09T13:00:00Z,1.7,129,34.4,19.3,1.0325
2004-07-09T14:00:00Z,1.3,117,34.2,19.6,1.0399
2004-07-09T15:00:00Z,1.5,138,33.2,20.4,1.0195
2004-07-09T16:00:00Z,1.5,139,32.4,19.1,0.915
2004-07-09T17:00:00Z,2.3,180,32.2,17.1,0.8124
2004-07-09T18:00:00Z,2.2,162,31,17.1,0.7526
2004-07-09T19:00:00Z,2.8,158,28.3,24.9,0.9412
2004-07-09T20:00:00Z,2.7,162,26.6,30.2,1.033
2004-07-09T21:00:00Z,1.7,112,24.8,36.8,1.1357
2004-07-09T22:00:00Z,1.5,104,23.7,43.4,1.2495
2004-07-09T23:00:00Z,2.3,125,23,46.2,1.2815
2004-07-10T00:00:00Z,2.3,127,22.7,47.7,1.2977
2004-07-10T01:00:00Z,1.5,95,22.2,49.5,1.3081
2004-07-10T02:00:00Z,1,70,21.6,51.9,1.3254
2004-07-10T04:00:00Z,0.3,33,22.4,49.7,1.3333
2004-07-10T05:00:00Z,0.4,45,21.7,52,1.3313
2004-07-10T06:00:00Z,0.5,56,21.1,53.2,1.3181
2004-07-10T07:00:00Z,0.9,74,22,51,1.3296
2004-07-10T08:00:00Z,1.1,84,25,41.6,1.301
2004-07-10T09:00:00Z,1.4,93,26.7,36.4,1.2596
2004-07-10T10:00:00Z,1.1,97,29.1,29.7,1.1751
2004-07-10T11:00:00Z,0.9,83,31.2,23.4,1.0487
2004-07-10T12:00:00Z,0.8,71,32.4,20.5,0.9806
2004-07-10T13:00:00Z,0.8,78,33.3,19.2,0.9634
2004-07-10T14:00:00Z,0.6,62,33.1,16.8,0.8391
2004-07-10T15:00:00Z,0.6,54,33.1,18.3,0.9081
2004-07-10T16:00:00Z,0.5,59,32.4,18,0.8599
2004-07-10T17:00:00Z,0.7,69,31.8,18.7,0.86240000000000006
2004-07-10T18:00:00Z,0.8,67,30.3,21.4,0.9064
2004-07-10T19:00:00Z,0.9,58,27.2,28.2,1.0013
2004-07-10T20:00:00Z,1.3,77,26.1,33.7,1.1228
2004-07-10T21:00:00Z,1.3,94,24.7,38.8,1.1929
2004-07-10T22:00:00Z,1.4,97,23.4,43.2,1.229
2004-07-10T23:00:00Z,1.9,110,23.1,44.2,1.2317
2004-07-11T00:00:00Z,2.3,116,22.7,45.3,1.2299
2004-07-11T01:00:00Z,1,74,21.6,47.5,1.2118
2004-07-11T02:00:00Z,0.5,51,22,45.8,1.1965
2004-07-11T04:00:00Z,0.4,40,20.6,50.3,1.2041
2004-07-11T05:00:00Z,0.3,36,20.6,50.6,1.2119
2004-07-11T06:00:00Z,0.2,35,21.3,48.8,1.2189
2004-07-11T07:00:00Z,0.4,48,20.4,52.6,1.247
2004-07-11T08:00:00Z,0.3,38,23.5,44,1.2596
2004-07-11T09:00:00Z,0.6,54,25.7,37.9,1.2334
2004-07-11T10:00:00Z,0.6,57,27.9,33.6,1.2433
2004-07-11T11:00:00Z,0.6,54,29,28.3,1.1116
2004-07-11T12:00:00Z,0.5,46,29.5,25.9,1.0489
2004-07-11T13:00:00Z,0.4,36,31.8,22.3,1.0366
2004-07-11T14:00:00Z,0.2,19,32.2,20,0.9488
2004-07-11T15:00:00Z,0.4,34,32.4,19.3,0.922
2004-07-11T16:00:00Z,0.6,63,33,17.7,0.8758
2004-07-11T17:00:00Z,0.9,86,32,19.8,0.9273
2004-07-11T18:00:00Z,0.7,65,29.6,24.1,0.9831
2004-07-11T19:00:00Z,1.2,101,26.9,27.1,0.948
2004-07-11T20:00:00Z,1.6,116,25.3,30.9,0.9815
2004-07-11T21:00:00Z,1.8,124,24.2,35.9,1.0684
2004-07-11T22:00:00Z,2.4,136,23.2,43.2,1.2104
2004-07-11T23:00:00Z,1.5,108,22.7,43.9,1.1962
2004-07-12T00:00:00Z,0.9,82,21.6,44,1.1244
2004-07-12T01:00:00Z,0.8,68,20.7,46.4,1.1198
2004-07-12T02:00:00Z,0.2,22,21.2,46.2,1.1482
2004-07-12T05:00:00Z,0.5,43,20,51.8,1.1967
2004-07-12T06:00:00Z,1.4,84,18.5,57.4,1.2076
2004-07-12T07:00:00Z,3.3,108,19.6,54.3,1.2278
2004-07-12T08:00:00Z,3.6,112,21.3,49.7,1.2452
2004-07-12T09:00:00Z,1.7,104,21.7,46.3,1.1867
2004-07-12T10:00:00Z,1.5,107,23.4,39.4,1.1172
2004-07-12T11:00:00Z,1.6,102,25.7,33,1.0763
2004-07-12T12:00:00Z,2.1,104,28.5,27.3,1.0479
2004-07-12T13:00:00Z,2.1,96,27,27.9,0.9812
2004-07-12T14:00:00Z,1.6,80,24.2,36.9,1.0966
2004-07-12T15:00:00Z,1.3,72,26,34.9,1.1509
2004-07-12T16:00:00Z,1.6,106,24.8,33.1,1.0222
2004-07-12T17:00:00Z,3.1,119,24,36.3,1.0708
2004-07-12T18:00:00Z,3.3,119,23.6,35.5,1.0187
2004-07-12T19:00:00Z,3.4,128,23.6,35.7,1.0282
2004-07-12T20:00:00Z,2.8,112,23.3,34.5,0.9768
2004-07-12T21:00:00Z,1.5,95,22.5,36.8,0.988
2004-07-12T22:00:00Z,1.3,85,21.3,38.7,0.9686
2004-07-12T23:00:00Z,1.6,101,20.9,39.4,0.9596
2004-07-13T00:00:00Z,1.5,94,19.8,47.7,1.093
2004-07-13T01:00:00Z,1,76,19.3,51.4,1.1387
2004-07-13T02:00:00Z,0.5,50,18.4,53.4,1.117
2004-07-13T04:00:00Z,0.6,51,16.3,59.8,1.1042
2004-07-13T05:00:00Z,0.7,42,16.6,56.8,1.0629
2004-07-13T06:00:00Z,1.3,62,16.2,57.4,1.0515
2004-07-13T07:00:00Z,4,111,17.3,54.3,1.0631
2004-07-13T08:00:00Z,5,129,19.2,48.8,1.0751
2004-07-13T09:00:00Z,3.6,135,21.7,42.4,1.0859
2004-07-13T10:00:00Z,2.8,139,26.4,29.9,1.0138
2004-07-13T11:00:00Z,2.6,134,31.3,19.1,0.8634
2004-07-13T12:00:00Z,2.7,141,33.7,15.4,0.7913
2004-07-13T13:00:00Z,2.3,112,34.5,13.3,0.7158
2004-07-13T14:00:00Z,2,105,33.8,13.9,0.7172
2004-07-13T15:00:00Z,1.3,72,30.1,19.4,0.8157
2004-07-13T16:00:00Z,1.7,90,28.3,21.3,0.8054
2004-07-13T17:00:00Z,2.8,126,31.9,18.3,0.8523
2004-07-13T18:00:00Z,3.8,154,32,20.1,0.9364
2004-07-13T19:00:00Z,4.9,173,28.9,24.1,0.9495
2004-07-13T20:00:00Z,4.3,162,27.3,27.1,0.967
2004-07-13T21:00:00Z,2.6,128,26,28.5,0.9484
2004-07-13T22:00:00Z,2.4,120,25.2,28.6,0.9008
2004-07-13T23:00:00Z,1.9,111,24.3,31.1,0.9316
2004-07-14T00:00:00Z,1.4,89,23.6,33.8,0.9685
2004-07-14T01:00:00Z,1.1,69,23,33.8,0.9406
2004-07-14T02:00:00Z,0.9,70,22.2,38.4,1.0126
2004-07-14T04:00:00Z,0.5,59,20.5,42.3,1.0091
2004-07-14T05:00:00Z,0.8,73,18.8,49,1.0505
2004-07-14T06:00:00Z,1.3,89,18.8,49.4,1.0624
2004-07-14T07:00:00Z,4.7,142,19.9,46.5,1.071
2004-07-14T08:00:00Z,4.6,145,22.1,41.7,1.098
2004-07-14T09:00:00Z,3.7,156,24,36.4,1.0706
2004-07-14T10:00:00Z,2.8,148,30.2,22.8,0.9616
2004-07-14T11:00:00Z,1.8,122,33.4,17.1,0.8627
2004-07-14T12:00:00Z,1.9,106,35.1,15,0.8381
2004-07-14T13:00:00Z,2,106,34.1,16,0.8408
2004-07-14T14:00:00Z,2,127,35.7,13.6,0.7836
2004-07-14T15:00:00Z,2.1,113,35.3,13.8,0.7767
2004-07-14T16:00:00Z,2.1,136,32.3,16.7,0.7946
2004-07-14T17:00:00Z,3.2,153,36,13.3,0.7773
2004-07-14T18:00:00Z,4,172,35.8,13.7,0.7868
2004-07-14T19:00:00Z,4.6,190,32.3,18.4,0.8753
2004-07-14T20:00:00Z,3,160,29.7,25,1.0246
2004-07-14T21:00:00Z,2.9,159,27.8,26.6,0.9748
2004-07-14T22:00:00Z,1.9,123,26.3,27.3,0.9238
2004-07-14T23:00:00Z,1.4,101,25.3,30,0.9508
2004-07-15T00:00:00Z,2.1,116,24,34.9,1.0271
2004-07-15T01:00:00Z,1.2,80,23.4,38.6,1.0968
2004-07-15T02:00:00Z,0.6,51,23.5,38.3,1.0972
2004-07-15T05:00:00Z,0.4,46,21.4,45.6,1.1493
2004-07-15T06:00:00Z,0.7,64,21.1,47.1,1.1641
2004-07-15T07:00:00Z,2.3,108,21.3,48.4,1.2119
2004-07-15T08:00:00Z,4,151,22.9,47.9,1.3208
2004-07-15T09:00:00Z,2.8,153,24.4,45.5,1.3721
2004-07-15T10:00:00Z,1.6,116,27.6,38,1.3818
2004-07-15T11:00:00Z,1.6,116,31.1,29.6,1.318
2004-07-15T12:00:00Z,2,130,33.4,24.7,1.2516
2004-07-15T13:00:00Z,2,131,35.7,18.9,1.0865
2004-07-15T14:00:00Z,1.7,131,36.2,18.1,1.0724
2004-07-15T15:00:00Z,2,135,37.1,17.7,1.094
2004-07-15T16:00:00Z,2.2,152,36.5,18.1,1.0887
2004-07-15T17:00:00Z,3.2,198,35.5,19.1,1.0888
2004-07-15T18:00:00Z,3.6,183,33.7,20,1.0275
2004-07-15T19:00:00Z,3.8,175,30.5,22.7,0.9763
2004-07-15T20:00:00Z,4.8,193,28.7,26.2,1.0144
2004-07-15T21:00:00Z,2.8,140,26.7,28.9,0.9981
2004-07-15T22:00:00Z,2.6,128,25.7,31.6,1.0285
2004-07-15T23:00:00Z,1.9,100,24.5,35.7,1.0807
2004-07-16T00:00:00Z,1.7,97,24.3,36.3,1.0852
2004-07-16T01:00:00Z,1,67,23.8,36.9,1.0748
2004-07-16T02:00:00Z,0.7,58,23.7,37.3,1.076
2004-07-16T04:00:00Z,0.4,45,21.6,42.2,1.0762
2004-07-16T05:00:00Z,0.6,62,20.3,46.8,1.1
2004-07-16T06:00:00Z,0.7,59,20.7,45.9,1.1088
2004-07-16T07:00:00Z,2.4,102,20.5,47.7,1.1419
2004-07-16T08:00:00Z,4.4,154,22.4,46.6,1.247
2004-07-16T09:00:00Z,3.1,157,24.2,48.5,1.4452
2004-07-16T10:00:00Z,2,138,28.8,33,1.2825
2004-07-16T11:00:00Z,2.1,142,32.8,25.2,1.2325
2004-07-16T12:00:00Z,2.1,125,34.4,19.9,1.0647
2004-07-16T13:00:00Z,2.1,120,36.5,16.7,1.0045
2004-07-16T14:00:00Z,2.2,150,37.5,14.3,0.9099
2004-07-16T15:00:00Z,1.6,120,38,15.5,1.0119
2004-07-16T16:00:00Z,2.4,173,38.1,16.5,1.0828
2004-07-16T17:00:00Z,3.3,187,37.3,17.3,1.084
2004-07-16T18:00:00Z,4,206,35.9,17.7,1.0316
2004-07-16T19:00:00Z,4.1,187,32.4,21.5,1.0303
2004-07-16T20:00:00Z,4.2,170,30.3,25.6,1.0879
2004-07-16T21:00:00Z,2.9,149,28.5,27.8,1.0665
2004-07-16T22:00:00Z,2.3,124,26.9,30.5,1.0671
2004-07-16T23:00:00Z,2.2,119,25.7,33.5,1.0918
2004-07-17T00:00:00Z,2.1,108,24.7,36.9,1.1302
2004-07-17T01:00:00Z,1.6,93,23.6,39.2,1.1306
2004-07-17T02:00:00Z,1.2,77,22.2,43,1.1363
2004-07-17T04:00:00Z,0.9,76,21.3,45.9,1.1471
2004-07-17T05:00:00Z,0.6,58,21.6,45,1.151
2004-07-17T06:00:00Z,0.7,63,21.3,46.5,1.1608
2004-07-17T07:00:00Z,1.3,75,21.1,46.9,1.1585
2004-07-17T08:00:00Z,2,111,22.8,43,1.1731
2004-07-17T09:00:00Z,1.9,116,25,38.3,1.198
2004-07-17T10:00:00Z,2.2,138,30.9,26.9,1.1835
2004-07-17T11:00:00Z,1.9,117,35.1,19.2,1.0664
2004-07-17T12:00:00Z,1.5,94,36.9,17.2,1.0576
2004-07-17T13:00:00Z,1.4,91,39.3,13.9,0.9715
2004-07-17T14:00:00Z,1,60,40.3,12.6,0.9302
2004-07-17T15:00:00Z,1,66,39.7,13.5,0.965
2004-07-17T16:00:00Z,1.4,87,41.1,13.1,1.0124
2004-07-17T17:00:00Z,1.6,106,40.1,14.9,1.0828
2004-07-17T18:00:00Z,1.6,94,37.4,17,1.0757
2004-07-17T19:00:00Z,2.1,112,34,19.2,1.0073
2004-07-17T20:00:00Z,2,120,31.7,21.6,0.9959
2004-07-17T21:00:00Z,1.9,106,29.7,24.2,0.9926
2004-07-17T22:00:00Z,2.3,112,27.9,27.6,1.0252
2004-07-17T23:00:00Z,2.4,120,26.8,29.9,1.0402
2004-07-18T00:00:00Z,2.2,114,25.8,33,1.0826
2004-07-18T01:00:00Z,1.2,70,26.3,33.1,1.1199
2004-07-18T02:00:00Z,1.1,64,24.3,38.1,1.1398
2004-07-18T05:00:00Z,0.6,50,21.1,45.6,1.1246
2004-07-18T06:00:00Z,0.7,62,20.2,48.5,1.1319
2004-07-18T07:00:00Z,0.4,53,21.3,45.5,1.1405
2004-07-18T08:00:00Z,0.6,85,22.6,31,0.8372
2004-07-18T09:00:00Z,0.9,102,25.7,34.8,1.1292
2004-07-18T10:00:00Z,0.9,97,31.6,23.8,1.0842
2004-07-18T11:00:00Z,0.8,91,36.3,16.3,0.9727
2004-07-18T12:00:00Z,0.4,62,37.9,15,0.9728
2004-07-18T13:00:00Z,0.3,57,39.4,13.7,0.9639
2004-07-18T14:00:00Z,0.1,40,40.2,12.3,0.8983
2004-07-18T15:00:00Z,0.5,60,41.3,11.9,0.9252
2004-07-18T16:00:00Z,0.4,70,41.4,11.8,0.9282
2004-07-18T17:00:00Z,0.3,53,40.1,13.6,0.9953
2004-07-18T18:00:00Z,0.4,54,37.6,16.4,1.0458
2004-07-18T19:00:00Z,0.6,58,33.9,20.3,1.0522
2004-07-18T20:00:00Z,0.8,73,31.6,22.9,1.0469
2004-07-18T21:00:00Z,1.2,99,29.7,24.8,1.016
2004-07-18T22:00:00Z,1.6,102,29,27,1.063
2004-07-18T23:00:00Z,1.2,101,27.9,30.4,1.1249
2004-07-19T00:00:00Z,0.5,77,28,30.6,1.1396
2004-07-19T01:00:00Z,0.3,55,26.8,32.3,1.1235
2004-07-19T02:00:00Z,0.1,51,26.6,33,1.1338
2004-07-19T04:00:00Z,0.1,50,22.2,42.8,1.1317
2004-07-19T05:00:00Z,0.3,75,21.2,46.3,1.1501
2004-07-19T06:00:00Z,0.8,89,21.4,46.5,1.172
2004-07-19T07:00:00Z,2.3,112,22.9,43,1.1826
2004-07-19T08:00:00Z,3.4,142,25.2,38.6,1.2215
2004-07-19T09:00:00Z,2.5,145,27.1,34.9,1.231
2004-07-19T10:00:00Z,2.4,165,32.4,24.8,1.1886
2004-07-19T11:00:00Z,2.1,159,36.8,18,1.0945
2004-07-21T18:00:00Z,4.1,140,39.6,18.8,1.3413
2004-07-21T19:00:00Z,3.8,163,36.1,25.5,1.4949
2004-07-21T20:00:00Z,3.4,144,33.3,29.9,1.5079
2004-07-21T21:00:00Z,2.9,120,31.2,33.2,1.4831
2004-07-21T22:00:00Z,3.1,120,30.1,35.8,1.5034
2004-07-21T23:00:00Z,3.5,106,28.9,39.1,1.537
2004-07-22T00:00:00Z,2.4,95,27.8,43.3,1.5929
2004-07-22T01:00:00Z,1.6,70,26.9,46.1,1.608
2004-07-22T02:00:00Z,1.3,67,26.4,47.1,1.5947
2004-07-22T04:00:00Z,1,70,23.8,55.4,1.6073
2004-07-22T05:00:00Z,0.8,50,24.9,50.6,1.5755
2004-07-22T06:00:00Z,1.1,60,25,49.2,1.5418
2004-07-22T07:00:00Z,4.4,127,24.7,50.9,1.5593
2004-07-22T10:00:00Z,3.3,190,34,29.9,1.5614
2004-07-22T11:00:00Z,2.1,127,37.3,22.9,1.4373
2004-07-22T12:00:00Z,2.1,130,40.1,19,1.3849
2004-07-22T13:00:00Z,2,125,42,15.8,1.2759
2004-07-22T14:00:00Z,1.5,113,42.8,14.3,1.2003
2004-07-22T15:00:00Z,2.1,143,44.3,13,1.183
2004-07-22T16:00:00Z,2.3,157,44.6,12.6,1.1684
2004-07-22T17:00:00Z,2.8,170,43.4,14.8,1.2882
2004-07-22T18:00:00Z,3.6,187,40.6,18.2,1.368
2004-07-22T19:00:00Z,4,181,37.1,21.3,1.3223
2004-07-22T20:00:00Z,3.7,158,34.5,25.5,1.368
2004-07-22T21:00:00Z,2.5,112,32.2,30.4,1.4433
2004-07-22T22:00:00Z,2.3,100,30.4,35.4,1.5144
2004-07-22T23:00:00Z,2.5,105,29.4,38.7,1.5581
2004-07-23T00:00:00Z,2.7,107,28.6,38.7,1.4921
2004-07-23T01:00:00Z,1.3,72,27.7,40.5,1.4835
2004-07-23T02:00:00Z,0.8,59,28,39.8,1.4803
2004-07-23T04:00:00Z,0.5,55,25.6,45.8,1.4801
2004-07-23T05:00:00Z,0.8,70,23.6,51.5,1.4852
2004-07-23T06:00:00Z,1,59,25.1,46.5,1.4615
2004-07-23T07:00:00Z,2.9,95,24.5,48.3,1.4593
2004-07-23T08:00:00Z,3.8,120,26.6,42.8,1.4675
2004-07-23T09:00:00Z,3.5,133,29,37.6,1.4866
2004-07-23T10:00:00Z,2.4,133,34.2,28.5,1.5071
2004-07-23T11:00:00Z,1.8,120,37.3,22.9,1.4369
2004-07-23T12:00:00Z,2.1,132,40.1,17.5,1.2721
2004-07-23T13:00:00Z,2.1,135,42.2,14.6,1.192
2004-07-23T14:00:00Z,1.5,121,41.9,15.2,1.2173
2004-07-23T15:00:00Z,1.5,123,43.1,13.8,1.1803
2004-07-23T16:00:00Z,1.8,129,42.8,13.8,1.1681
2004-07-23T17:00:00Z,2.1,129,41.1,16.5,1.2701
2004-07-23T18:00:00Z,3,156,38.7,20.3,1.3743
2004-07-23T19:00:00Z,2.8,131,35.8,24.1,1.3924
2004-07-23T20:00:00Z,2.5,115,33.1,28.3,1.4121
2004-07-23T21:00:00Z,1.4,79,30.1,33.9,1.4257
2004-07-23T22:00:00Z,1.7,86,29,36.6,1.4431
2004-07-23T23:00:00Z,1.8,91,28.5,38.4,1.468
2004-07-24T00:00:00Z,2.4,99,27.8,39.9,1.4682
2004-07-24T01:00:00Z,1.9,83,27,42.8,1.503
2004-07-24T02:00:00Z,1.4,74,26.4,44.5,1.5119
2004-07-24T04:00:00Z,0.7,64,25.1,48.5,1.5266
2004-07-24T05:00:00Z,0.8,61,24.6,52.2,1.5881
2004-07-24T06:00:00Z,0.7,62,24.4,50.5,1.5243
2004-07-24T07:00:00Z,1,65,25.2,49.1,1.5546
2004-07-24T08:00:00Z,1.7,79,26.6,50.8,1.7419
2004-07-24T09:00:00Z,1.9,90,28,46.9,1.748
2004-07-24T10:00:00Z,2.3,116,32.7,34.5,1.6798
2004-07-24T11:00:00Z,1.7,89,36.6,26.5,1.599
2004-07-24T12:00:00Z,1.3,68,37.8,26.3,1.6951
2004-07-24T13:00:00Z,1.2,53,38.3,27.1,1.797
2004-07-24T14:00:00Z,0.8,34,35.4,32.4,1.837
2004-07-24T15:00:00Z,0.9,38,37.3,28.8,1.8087
2004-07-24T16:00:00Z,1.1,53,36.6,28.2,1.697
2004-07-24T17:00:00Z,1.2,62,35.1,29.6,1.6452
2004-07-24T18:00:00Z,1.3,82,32.3,33.4,1.59
2004-07-24T19:00:00Z,1.4,88,29.9,37.9,1.5745
2004-07-24T20:00:00Z,1.2,70,28.2,41.9,1.5776
2004-07-24T21:00:00Z,0.9,53,27.2,45.9,1.6316
2004-07-24T22:00:00Z,1.1,57,27.3,45.7,1.6308
2004-07-24T23:00:00Z,1.5,73,27,47.1,1.6573
2004-07-25T00:00:00Z,1.7,83,23.7,69.3,2.0042
2004-07-25T01:00:00Z,0.9,52,23.8,63.5,1.8495
2004-07-25T02:00:00Z,0.7,52,24.7,56.9,1.739
2004-07-25T05:00:00Z,0.3,17,22.5,69.1,1.8578
2004-07-25T06:00:00Z,0.4,28,23.4,64.4,1.835
2004-07-25T07:00:00Z,0.4,29,24.4,57.9,1.7476
2004-07-25T08:00:00Z,0.5,37,24.5,56.9,1.7225
2004-07-25T09:00:00Z,0.5,31,24.9,54.8,1.7063
2004-07-25T10:00:00Z,0.7,46,27,47.4,1.6661
2004-07-25T11:00:00Z,0.9,66,27.6,43.7,1.5877
2004-07-25T12:00:00Z,0.8,54,28.2,42.6,1.6062
2004-07-25T13:00:00Z,0.8,50,29.1,40.8,1.6203
2004-07-25T14:00:00Z,0.7,44,29.8,38.6,1.5911
2004-07-25T15:00:00Z,0.8,52,31.5,34.5,1.5666
2004-07-25T16:00:00Z,0.7,37,31.2,36.3,1.6217
2004-07-25T17:00:00Z,0.8,51,30,41.3,1.7259
2004-07-25T18:00:00Z,1.2,78,27.6,47.5,1.7266
2004-07-25T19:00:00Z,1.6,90,28.8,41.3,1.6164
2004-07-25T20:00:00Z,1.6,110,28.5,41.6,1.5959
2004-07-25T21:00:00Z,1.5,86,27.7,43.4,1.5833
2004-07-25T22:00:00Z,1.5,88,27.3,44.1,1.5751
2004-07-25T23:00:00Z,1.5,91,26.9,45.5,1.5926
2004-07-26T00:00:00Z,1.5,93,26.6,47.2,1.616
2004-07-26T01:00:00Z,1.2,68,26,48,1.5882
2004-07-26T02:00:00Z,0.8,48,26.2,45.7,1.5324
2004-07-31T05:00:00Z,0.8,49,23.7,54.6,1.5823
2004-07-31T06:00:00Z,1.2,71,22.6,58.8,1.5903
2004-07-31T07:00:00Z,1,71,24,53.4,1.5748
2004-07-31T08:00:00Z,1.5,86,25.2,51,1.6131
2004-07-31T09:00:00Z,2.8,125,27.3,47.1,1.6807
2004-07-31T10:00:00Z,3.4,160,32.8,33.4,1.633
2004-07-31T11:00:00Z,3.3,174,36,28,1.6304
2004-07-31T12:00:00Z,2.9,146,38.5,23.8,1.5944
2004-07-31T13:00:00Z,2.2,127,39.8,20.5,1.4687
2004-07-31T14:00:00Z,1.6,114,38.1,22,1.4402
2004-07-31T15:00:00Z,0.9,65,40,20,1.4517
2004-07-31T16:00:00Z,1.1,77,40.4,19.8,1.4724
2004-07-31T17:00:00Z,1,68,39.1,20.7,1.427
2004-07-31T18:00:00Z,1.3,92,37.3,24.3,1.5222
2004-07-31T19:00:00Z,1.6,104,34,30.9,1.6158
2004-07-31T20:00:00Z,1.8,114,31.8,34.5,1.5911
2004-07-31T21:00:00Z,2.2,105,30.1,37.7,1.5799
2004-07-31T22:00:00Z,1.8,85,28.6,42.3,1.6251
2004-07-31T23:00:00Z,2.3,92,27.7,44.6,1.6304
2004-08-01T00:00:00Z,2,82,26.6,47.5,1.6265
2004-08-01T01:00:00Z,1.8,70,25.7,50.7,1.6491
2004-08-01T02:00:00Z,0.9,40,25.1,53.9,1.689
2004-08-01T04:00:00Z,0.6,26,23.5,63.6,1.8223
2004-08-01T05:00:00Z,0.4,21,24.3,59.4,1.7838
2004-08-01T06:00:00Z,0.4,30,23.3,62,1.7547
2004-08-01T07:00:00Z,0.4,21,24.1,63.1,1.8619
2004-08-01T08:00:00Z,0.8,35,25,60.7,1.892
2004-08-01T09:00:00Z,0.8,36,27.3,52.4,1.8707
2004-08-01T10:00:00Z,0.9,48,32.4,37.3,1.7808
2004-08-01T11:00:00Z,0.7,39,35.4,31.3,1.7736
2004-08-01T12:00:00Z,0.6,34,37.4,28.2,1.7808
2004-08-01T13:00:00Z,0.5,33,39.2,20.2,1.4104
2004-08-01T14:00:00Z,0.6,42,38.1,18.5,1.2141
2004-08-01T15:00:00Z,0.7,85,40.2,17.7,1.2989
2004-08-01T16:00:00Z,0.9,92,39.7,19.1,1.3646
2004-08-01T17:00:00Z,0.9,84,38.5,19.8,1.326
2004-08-01T18:00:00Z,1.2,100,36.6,24.6,1.4872
2004-08-01T19:00:00Z,1.4,95,33.1,32.7,1.62
2004-08-01T20:00:00Z,1.5,77,30.7,38.7,1.678
2004-08-01T21:00:00Z,1.7,85,29.5,42.7,1.7316
2004-08-01T22:00:00Z,1.7,83,27.8,52.6,1.9398
2004-08-01T23:00:00Z,1.7,88,27.4,55.5,1.9998
2004-08-02T00:00:00Z,1.9,68,27.3,57.1,2.0426
2004-08-02T01:00:00Z,1.2,97,26.7,60.1,2.067
2004-08-02T02:00:00Z,0.7,51,26.2,61.6,2.0575
2004-08-02T04:00:00Z,0.2,5,25.5,61.8,1.9831
2004-08-02T05:00:00Z,0.4,35,25.1,62.4,1.9602
2004-08-02T06:00:00Z,0.8,56,24.6,62.7,1.9158
2004-08-02T07:00:00Z,1.9,110,25.7,58.9,1.9156
2004-08-02T09:00:00Z,1.9,124,28.4,50.7,1.9329
2004-08-02T10:00:00Z,1.9,115,32.7,36.9,1.7953
2004-08-02T11:00:00Z,1.9,119,34,32.7,1.7146
2004-08-02T12:00:00Z,1.7,107,35.6,29.2,1.6684
2004-08-02T13:00:00Z,1.4,99,37.1,25.6,1.5868
2004-08-02T14:00:00Z,1.2,95,36.1,26.4,1.5505
2004-08-02T15:00:00Z,1.4,105,37.9,23.8,1.5392
2004-08-02T16:00:00Z,1.4,117,38,22.2,1.4483
2004-08-02T17:00:00Z,1.9,157,36.9,22.7,1.3887
2004-08-02T18:00:00Z,2.2,173,35.5,25.7,1.4626
2004-08-02T19:00:00Z,1.9,139,32.8,32.2,1.5779
2004-08-02T20:00:00Z,1.7,116,30.5,38.2,1.6376
2004-08-02T21:00:00Z,1.2,91,28.8,43.5,1.6989
2004-08-02T22:00:00Z,0.3,98,28,46.2,1.721
2004-08-02T23:00:00Z,0.1,93,27.1,49.4,1.7398
2004-08-03T00:00:00Z,0.1,74,26.4,52.2,1.7708
2004-08-06T05:00:00Z,0.7,57,21.4,75.5,1.9069
2004-08-06T06:00:00Z,1.2,56,21.9,74.9,1.9396
2004-08-06T07:00:00Z,2.3,72,22,75.9,1.9817
2004-08-06T08:00:00Z,3,84,22.5,74.9,2.019
2004-08-06T09:00:00Z,2.9,97,24.5,66.2,2.0011
2004-08-06T10:00:00Z,2.6,107,25.6,61.2,1.9808
2004-08-06T11:00:00Z,2.6,117,29.3,48.4,1.9367
2004-08-06T12:00:00Z,2.6,120,33.5,36,1.8395
2004-08-06T13:00:00Z,2.1,110,35.6,29.8,1.7045
2004-08-06T14:00:00Z,1.7,104,33.7,33.4,1.7186
2004-08-06T15:00:00Z,1.9,110,34.1,33.3,1.7509
2004-08-06T16:00:00Z,2.5,111,31.5,43.5,1.9797
2004-08-06T17:00:00Z,1.1,64,32.5,40.6,1.9481
2004-08-06T18:00:00Z,2.1,92,29.8,45.2,1.8642
2004-08-06T19:00:00Z,2.6,114,27.7,49.9,1.8189
2004-08-06T20:00:00Z,2.6,116,26.4,54.6,1.8459
2004-08-06T21:00:00Z,1.7,94,25.5,58,1.8611
2004-08-06T22:00:00Z,1.5,77,25.1,59.9,1.8797
2004-08-06T23:00:00Z,1.8,74,24.1,63.5,1.8828
2004-08-07T00:00:00Z,1.4,62,23.8,65,1.8897
2004-08-07T01:00:00Z,1.2,57,23.4,64.9,1.843
2004-08-07T02:00:00Z,0.7,45,24.4,58.6,1.7714
2004-08-07T04:00:00Z,0.7,49,21.9,67.1,1.7414
2004-08-07T05:00:00Z,0.5,45,23.6,61.2,1.7588
2004-08-07T06:00:00Z,0.6,44,22.6,63.4,1.7136
2004-08-07T07:00:00Z,0.9,43,22.9,62.6,1.7253
2004-08-07T08:00:00Z,1.2,51,23.3,61.8,1.7504
2004-08-07T09:00:00Z,2,84,25.4,56.2,1.7961
2004-08-07T10:00:00Z,1.9,96,30.6,41.9,1.8104
2004-08-07T11:00:00Z,1.7,88,33.5,34,1.73
2004-08-07T12:00:00Z,1.2,67,35.5,29.8,1.7004
2004-08-07T13:00:00Z,1.1,64,37.5,24.7,1.5637
2004-08-07T14:00:00Z,1,54,35.1,25.2,1.402
2004-08-07T15:00:00Z,1,56,38.1,21.1,1.3863
2004-08-07T16:00:00Z,1,68,38.5,21.8,1.4653
2004-08-07T17:00:00Z,1.2,67,36.8,29.5,1.8037
2004-08-07T18:00:00Z,1.6,95,34.9,33.4,1.8384
2004-08-07T19:00:00Z,1.6,86,32.2,37.4,1.7655
2004-08-07T20:00:00Z,1.6,93,29.7,41.7,1.7081
2004-08-07T21:00:00Z,1.3,68,27.7,47.4,1.7344
2004-08-07T22:00:00Z,1.9,95,27.3,49.4,1.7602
2004-08-07T23:00:00Z,1.9,93,26.3,51.3,1.7251
2004-08-08T00:00:00Z,1.5,69,25.7,54.1,1.7546
2004-08-08T01:00:00Z,1.1,55,25.4,55.1,1.7628
2004-08-08T02:00:00Z,0.8,39,24.9,57.3,1.7822
2004-08-08T04:00:00Z,0.6,33,23.9,61.2,1.7871
2004-08-08T05:00:00Z,0.6,29,23.8,61.3,1.7881
2004-08-08T06:00:00Z,0.7,36,23.4,61.7,1.7495
2004-08-08T07:00:00Z,0.6,38,24.3,58.4,1.7508
2004-08-08T08:00:00Z,1,47,25.1,56.6,1.7798
2004-08-08T09:00:00Z,1.2,64,27.3,51.3,1.835
2004-08-08T10:00:00Z,1,49,29.5,45.9,1.8662
2004-08-08T11:00:00Z,1.3,64,27.6,52.4,1.9055
2004-08-08T12:00:00Z,1.4,79,25.4,68,2.1806
2004-08-08T13:00:00Z,0.8,45,32.2,40.3,1.8999
2004-08-08T14:00:00Z,0.6,30,31.6,38.9,1.7838
2004-08-08T15:00:00Z,0.7,35,33,37.3,1.8481
2004-08-08T16:00:00Z,0.8,37,35.1,32.1,1.7841
2004-08-08T17:00:00Z,0.9,46,35,31.1,1.7173
2004-08-08T18:00:00Z,1,54,33.8,32.1,1.6596
2004-08-08T19:00:00Z,1.5,79,31.1,38.8,1.7295
2004-08-08T20:00:00Z,1.5,79,29,46.1,1.8141
2004-08-08T21:00:00Z,1.7,98,28.1,50.6,1.8969
2004-08-08T22:00:00Z,1.9,93,27.1,54.7,1.9284
2004-08-08T23:00:00Z,1.7,89,26.6,56.4,1.9349
2004-08-09T00:00:00Z,1.2,57,25.8,60.4,1.9759
2004-08-09T01:00:00Z,1.1,51,25.5,61.6,1.9804
2004-08-09T02:00:00Z,0.8,39,24.9,63.5,1.9647
2004-08-09T05:00:00Z,0.7,46,23.2,68,1.9045
2004-08-09T06:00:00Z,1.2,55,23.2,67.5,1.899
2004-08-09T07:00:00Z,2.3,63,24.3,63.3,1.8929
2004-08-09T08:00:00Z,2.5,42,25.5,59.7,1.9193
2004-08-09T09:00:00Z,2.4,5,27.7,52.5,1.9138
2004-08-09T10:00:00Z,1.4,39,31.8,38.9,1.8005
2004-08-09T11:00:00Z,1.2,39,32.7,34.1,1.6592
2004-08-09T12:00:00Z,1.6,71,34.3,31.5,1.6745
2004-08-09T13:00:00Z,1.4,65,34.2,31.5,1.6675
2004-08-09T14:00:00Z,1.2,71,33.9,32.3,1.6809
2004-08-09T15:00:00Z,1.5,72,34.4,31.9,1.7005
2004-08-09T20:00:00Z,1.9,95,29.8,41.7,1.7167
2004-08-09T21:00:00Z,1.6,74,28.8,45.9,1.7884
2004-08-09T22:00:00Z,1.5,76,28.2,51.1,1.9221
2004-08-09T23:00:00Z,1.4,66,27.5,54.4,1.9705
2004-08-10T00:00:00Z,1,49,27.4,55,1.9827
2004-08-10T01:00:00Z,0.7,29,28.1,51.6,1.9269
2004-08-10T02:00:00Z,0.5,11,26.3,56.5,1.9027
2004-08-10T04:00:00Z,0.5,25,24.4,63.6,1.9218
2004-08-10T05:00:00Z,0.7,34,23.5,67.4,1.9305
2004-08-10T06:00:00Z,1.2,42,23.4,65.7,1.872
2004-08-10T07:00:00Z,2.2,47,24.5,61.3,1.8522
2004-08-10T08:00:00Z,2.9,62,26,55.8,1.8536
2004-08-10T09:00:00Z,2.6,81,28.5,48.5,1.8607
2004-08-10T10:00:00Z,2.6,90,33.6,35.7,1.8229
2004-08-10T11:00:00Z,2.2,95,36.5,28.9,1.7359
2004-08-10T12:00:00Z,1.5,86,39,23.7,1.6346
2004-08-10T13:00:00Z,0.9,64,38.8,23.7,1.6093
2004-08-10T14:00:00Z,1,62,38,24,1.5686
2004-08-10T15:00:00Z,1.1,75,40.5,23.3,1.7416
2004-08-10T16:00:00Z,1.2,88,39.8,25.4,1.8213
2004-08-10T17:00:00Z,1.8,126,39.6,23.3,1.6535
2004-08-10T18:00:00Z,1.8,96,38.8,24.7,1.6772
2004-08-10T19:00:00Z,1.7,79,34.7,35.9,1.9528
2004-08-10T20:00:00Z,1.7,67,32.3,43.6,2.07
2004-08-10T21:00:00Z,1.6,62,30.7,48.1,2.0821
2004-08-10T22:00:00Z,1.7,64,29.5,50.6,2.0492
2004-08-10T23:00:00Z,1.8,63,28.8,52,2.0297
2004-08-11T00:00:00Z,1.5,60,28.2,55,2.0697
2004-08-11T01:00:00Z,1.2,49,27.2,59.1,2.0997
2004-08-11T02:00:00Z,0.8,36,26.7,60.7,2.0977
2004-08-11T04:00:00Z,0.5,24,26.4,61.6,2.0931
2004-08-11T05:00:00Z,0.7,32,25.9,63.6,2.102
2004-08-11T06:00:00Z,1.1,42,26.1,63.7,2.117
2004-08-11T07:00:00Z,1.4,42,26.8,60.5,2.1008
2004-08-11T08:00:00Z,1.7,51,27.9,56.5,2.0895
2004-08-11T09:00:00Z,1.8,58,29.8,51.1,2.1054
2004-08-11T10:00:00Z,1.8,67,33.6,41,2.0995
2004-08-11T11:00:00Z,1.7,68,35.1,38.1,2.1144
2004-08-11T12:00:00Z,1.3,56,36.2,34.9,2.0578
2004-08-11T13:00:00Z,1.3,47,38,30.7,2.0022
2004-08-11T14:00:00Z,1,46,36.6,30.8,1.8617
2004-08-11T15:00:00Z,1,50,38.8,25.4,1.7282
2004-08-11T16:00:00Z,1.4,65,38.7,25.8,1.7426
2004-08-11T17:00:00Z,1.6,69,37.4,29.9,1.8848
2004-08-11T18:00:00Z,1.4,63,36.2,31.1,1.8371
2004-08-11T19:00:00Z,1.7,69,33.8,34.5,1.7788
2004-08-11T20:00:00Z,1.4,57,31.4,40.7,1.8377
2004-08-11T21:00:00Z,1.5,59,30.8,45,1.9733
2004-08-11T22:00:00Z,1.4,54,29.4,50,2.0181
2004-08-11T23:00:00Z,1.5,57,28.1,54.1,2.029
2004-08-12T00:00:00Z,1.6,46,27.3,57.8,2.0646
2004-08-12T01:00:00Z,1.2,65,26.7,60.6,2.0942
2004-08-12T02:00:00Z,0.9,62,25.9,64.5,2.1247
2004-08-12T05:00:00Z,0.7,37,25.8,64.6,2.1195
2004-08-12T06:00:00Z,0.7,41,26.5,60.6,2.063
2004-08-12T07:00:00Z,1.7,60,26.4,61.7,2.0929
2004-08-12T08:00:00Z,2.2,65,27.5,60.1,2.1719
2004-08-12T09:00:00Z,1.9,71,29.4,53.1,2.1362
2004-08-12T10:00:00Z,1.5,61,33.4,39.9,2.0177
2004-08-12T11:00:00Z,1.6,65,33.2,39.2,1.9642
2004-08-12T12:00:00Z,1.3,54,34.5,35.1,1.8856
2004-08-12T13:00:00Z,1.1,58,37.1,30.5,1.8962
2004-08-12T14:00:00Z,1,56,35.9,32.1,1.8697
2004-08-12T15:00:00Z,1,60,37.3,28,1.7537
2004-08-12T16:00:00Z,1.1,69,38.1,26.3,1.7252
2004-08-12T17:00:00Z,1.3,67,37.1,27.2,1.6844
2004-08-12T18:00:00Z,1.5,79,35.2,31.2,1.7485
2004-08-12T19:00:00Z,1.6,86,32.1,38.7,1.819
2004-08-12T20:00:00Z,1.5,79,30.3,45.1,1.9129
2004-08-12T21:00:00Z,1.3,67,29.3,50.2,2.0127
2004-08-12T22:00:00Z,1.2,65,28.6,53.7,2.0691
2004-08-12T23:00:00Z,1.6,67,27.8,57.4,2.1107
2004-08-13T00:00:00Z,1.4,62,27.4,59.4,2.1395
2004-08-13T01:00:00Z,1.1,48,27.2,59.3,2.1059
2004-08-13T02:00:00Z,0.7,33,26.7,61,2.1005
2004-08-13T04:00:00Z,0.5,11,25.4,63.1,2.0184
2004-08-13T05:00:00Z,0.5,34,26.1,60.3,2.012
2004-08-13T06:00:00Z,0.8,52,25.2,67.1,2.1164
2004-08-13T07:00:00Z,1.6,80,26,61.9,2.0511
2004-08-13T08:00:00Z,1.6,86,27,57.5,2.0183
2004-08-13T09:00:00Z,1.4,77,30.5,44.4,1.9076
2004-08-13T10:00:00Z,1.5,93,33.4,35.1,1.781
2004-08-13T11:00:00Z,1.2,109,35.7,29,1.6716
2004-08-13T12:00:00Z,1.1,89,35.8,27.7,1.6041
2004-08-13T13:00:00Z,0.8,71,36.3,27.4,1.6264
2004-08-13T14:00:00Z,0.7,56,33.6,28.8,1.4695
2004-08-13T15:00:00Z,0.7,68,35.2,20.5,1.1418
2004-08-13T16:00:00Z,0.7,61,35,22.4,1.2371
2004-08-13T17:00:00Z,1,70,34,25.2,1.314
2004-08-13T18:00:00Z,1,76,32,28.2,1.3204
2004-08-13T19:00:00Z,1.2,78,29.4,34.4,1.3899
2004-08-13T20:00:00Z,1.1,80,28.1,41.1,1.535
2004-08-13T21:00:00Z,1,71,26.9,47.5,1.6595
2004-08-13T22:00:00Z,1.2,74,26.6,50.4,1.724
2004-08-13T23:00:00Z,1.4,90,25.9,52.9,1.7478
2004-08-14T00:00:00Z,1.3,78,25.4,54.6,1.7483
2004-08-14T01:00:00Z,1,63,25.1,55.7,1.7471
2004-08-14T02:00:00Z,0.6,42,25.1,55.3,1.733
2004-08-14T04:00:00Z,0.4,27,25.2,55,1.7405
2004-08-14T05:00:00Z,0.4,29,25.6,53.5,1.7291
2004-08-14T06:00:00Z,0.5,41,24.7,55.9,1.7114
2004-08-14T07:00:00Z,1.1,61,24,57.2,1.6835
2004-08-14T08:00:00Z,1.2,68,25,53.2,1.663
2004-08-14T09:00:00Z,0.9,58,28,43.4,1.6162
2004-08-14T10:00:00Z,0.9,52,31.6,35.5,1.6269
2004-08-14T11:00:00Z,1,57,35,29,1.6017
2004-08-14T12:00:00Z,0.8,51,35.3,27.6,1.5512
2004-08-14T13:00:00Z,0.8,53,36.2,24.1,1.4235
2004-08-14T14:00:00Z,0.7,49,34.8,24.5,1.3373
2004-08-14T15:00:00Z,0.7,44,38.2,19.6,1.2915
2004-08-14T16:00:00Z,0.7,48,38.9,20.3,1.382
2004-08-14T17:00:00Z,0.7,46,36.9,27.1,1.6683
2004-08-14T18:00:00Z,0.9,56,35.2,32.1,1.7898
2004-08-14T19:00:00Z,1.2,73,32,38.2,1.788
2004-08-14T20:00:00Z,1.4,85,29.8,41.8,1.7269
2004-08-14T21:00:00Z,1.2,72,28.2,45.9,1.7272
2004-08-14T22:00:00Z,1,53,27.1,48.2,1.7075
2004-08-14T23:00:00Z,0.9,47,26.7,49.5,1.7048
2004-08-15T00:00:00Z,0.7,37,26.1,50.8,1.6917
2004-08-15T01:00:00Z,0.5,34,25.7,52.5,1.7077
2004-08-15T02:00:00Z,0.5,33,24.8,55.4,1.7054
2004-08-15T05:00:00Z,0.4,27,22.5,61.8,1.6654
2004-08-15T06:00:00Z,0.4,27,22.7,59.2,1.6139
2004-08-15T07:00:00Z,0.5,28,23,58.4,1.6223
2004-08-15T08:00:00Z,0.7,36,23.9,56.3,1.6489
2004-08-15T09:00:00Z,1.1,59,26.3,50.1,1.6889
2004-08-15T10:00:00Z,1,56,32.1,34,1.6039
2004-08-15T11:00:00Z,1.2,70,35.8,25.7,1.4861
2004-08-15T12:00:00Z,1.1,36,38.3,19.8,1.3067
2004-08-15T13:00:00Z,0.6,17,37.3,20.5,1.286
2004-08-15T14:00:00Z,0.4,14,36.3,18.4,1.0976
2004-08-15T15:00:00Z,0.4,24,36.8,16.9,1.0347
2004-08-15T16:00:00Z,0.5,36,37.9,15.9,1.0296
2004-08-15T17:00:00Z,0.6,43,36.7,17.1,1.0398
2004-08-15T18:00:00Z,0.8,60,33.8,21.9,1.1303
2004-08-15T19:00:00Z,1,81,32.6,24.6,1.1885
2004-08-15T20:00:00Z,1.1,87,30.6,28.4,1.2247
2004-08-15T21:00:00Z,1.1,85,29.4,30.5,1.2288
2004-08-15T22:00:00Z,1.6,91,28.4,34.4,1.314
2004-08-15T23:00:00Z,0.9,55,28.3,34.1,1.2951
2004-08-16T00:00:00Z,0.7,42,27.8,35.2,1.2968
2004-08-16T01:00:00Z,0.7,43,25.3,39.7,1.2656
2004-08-16T02:00:00Z,0.5,20,24.5,41.5,1.2589
2004-08-16T04:00:00Z,0.3,23,23.3,41.9,1.1856
2004-08-16T05:00:00Z,0.4,43,21.5,45.6,1.1558
2004-08-16T06:00:00Z,0.9,68,21.3,47,1.1793
2004-08-16T07:00:00Z,1.3,62,22.2,45,1.1867
2004-08-16T08:00:00Z,1.6,65,23.6,40.8,1.1746
2004-08-16T09:00:00Z,2.1,93,27.1,32.4,1.1462
2004-08-16T10:00:00Z,2,110,33.4,20.1,1.0142
2004-08-16T11:00:00Z,1.4,106,35.3,17,0.9546
2004-08-16T12:00:00Z,1.4,77,37.4,14.7,0.9295
2004-08-16T13:00:00Z,0.9,60,38.6,14.6,0.9821
2004-08-16T14:00:00Z,0.8,67,35.8,17.8,1.0274
2004-08-16T15:00:00Z,0.8,57,38.4,16.4,1.0957
2004-08-16T16:00:00Z,1,60,39.7,15.3,1.0963
2004-08-16T17:00:00Z,1.3,69,38.8,15.8,1.0706
2004-08-16T18:00:00Z,1.3,77,35.2,22.3,1.2467
2004-08-16T19:00:00Z,1.3,77,31.7,28.2,1.2962
2004-08-16T20:00:00Z,1.6,87,30.4,30.9,1.3219
2004-08-16T21:00:00Z,1.4,88,29.5,32.1,1.3005
2004-08-16T22:00:00Z,1.3,84,28,34.9,1.2989
2004-08-16T23:00:00Z,1,65,28.2,36.6,1.3722
2004-08-17T00:00:00Z,0.9,54,26.5,40.7,1.3873
2004-08-17T01:00:00Z,0.6,37,28.3,36.7,1.3878
2004-08-17T02:00:00Z,0.5,36,25.7,43.8,1.4233
2004-08-17T04:00:00Z,0.4,29,24.3,48.3,1.4449
2004-08-17T05:00:00Z,0.4,25,23.6,49.2,1.4153
2004-08-17T06:00:00Z,1,41,22.2,53.9,1.4201
2004-08-17T07:00:00Z,2.2,68,22.5,52.3,1.41
2004-08-17T08:00:00Z,2.5,82,24.3,47.8,1.4321
2004-08-17T09:00:00Z,2.3,137,27.3,40.7,1.4548
2004-08-17T10:00:00Z,2,119,33.3,28.2,1.4189
2004-08-18T16:00:00Z,1.4,71,36.4,27.1,1.6226
2004-08-18T17:00:00Z,1.7,78,36.8,26.2,1.5984
2004-08-18T18:00:00Z,1.5,72,36.4,26.8,1.6038
2004-08-18T19:00:00Z,1.7,74,33.3,32.8,1.6527
2004-08-18T20:00:00Z,1.6,70,31.3,39.5,1.7798
2004-08-18T21:00:00Z,1.4,55,29.9,44.7,1.8511
2004-08-18T22:00:00Z,1.4,54,29.1,48.4,1.9186
2004-08-18T23:00:00Z,1.4,53,28,52.9,1.964
2004-08-19T00:00:00Z,1.2,46,27.7,53,1.9423
2004-08-19T01:00:00Z,0.9,38,27.7,52.6,1.9202
2004-08-19T02:00:00Z,0.6,30,28.3,49.5,1.8782
2004-08-19T04:00:00Z,0.5,16,27.7,52.5,1.923
2004-08-19T05:00:00Z,0.5,12,27.5,53,1.9097
2004-08-19T06:00:00Z,0.8,38,27.1,54.4,1.9168
2004-08-19T07:00:00Z,1.4,56,27.6,52.1,1.8936
2004-08-19T08:00:00Z,1.2,57,29,48.5,1.9133
2004-08-19T09:00:00Z,1,39,31,42.9,1.8909
2004-08-19T10:00:00Z,1.2,47,32.5,39.4,1.8982
2004-08-19T11:00:00Z,1.1,35,36.9,30.9,1.8934
2004-08-19T12:00:00Z,1.2,44,36.2,30.6,1.8105
2004-08-19T13:00:00Z,1.1,43,37.7,27.7,1.778
2004-08-19T14:00:00Z,1,34,37.1,27.2,1.6874
2004-08-19T15:00:00Z,1,36,39.5,24.3,1.7216
2004-08-19T16:00:00Z,1.2,44,39.9,23.8,1.7127
2004-08-19T17:00:00Z,1.7,63,39.6,24.3,1.7255
2004-08-19T18:00:00Z,1.7,60,37.2,29.1,1.8185
2004-08-19T19:00:00Z,1.7,66,33.9,37.1,1.9264
2004-08-19T20:00:00Z,1.7,68,31.6,43.6,1.9944
2004-08-23T11:00:00Z,1.6,83,32.9,24.9,1.2269
2004-08-23T12:00:00Z,1.3,64,34.4,23.5,1.2541
2004-08-23T13:00:00Z,1,50,34.3,22.5,1.1974
2004-08-23T14:00:00Z,0.9,53,33.4,21.6,1.0927
2004-08-23T15:00:00Z,1,57,36.1,18.4,1.0827
2004-08-23T16:00:00Z,1.1,55,37.3,15.4,0.9692
2004-08-23T17:00:00Z,1.5,70,36.8,16.2,0.9922
2004-08-23T18:00:00Z,1.5,68,34.9,20.9,1.1463
2004-08-23T19:00:00Z,1.6,73,30.8,26.5,1.1603
2004-08-23T20:00:00Z,1.7,92,28.9,28.3,1.1078
2004-08-23T21:00:00Z,1.4,80,27,30.7,1.079
2004-08-23T22:00:00Z,1.2,60,26.6,30.6,1.0459
2004-08-23T23:00:00Z,1.1,49,26,33.1,1.0955
2004-08-24T00:00:00Z,1.1,53,24.1,37.9,1.1204
2004-08-24T01:00:00Z,1.2,50,22.2,43.1,1.1396
2004-08-24T02:00:00Z,0.7,34,22.8,41.3,1.1284
2004-08-24T04:00:00Z,0.4,21,21.7,42.6,1.0907
2004-08-24T05:00:00Z,0.7,48,20.2,47.1,1.1021
2004-08-24T06:00:00Z,1.1,71,20.1,47.8,1.1093
2004-08-24T07:00:00Z,1.6,94,20.6,45.5,1.0925
2004-08-24T08:00:00Z,2.3,118,22.4,41.1,1.0979
2004-08-24T09:00:00Z,1.6,105,25,36.6,1.143
2004-08-24T10:00:00Z,2,122,29.9,26.2,1.0891
2004-08-24T11:00:00Z,1.6,121,32.9,21.8,1.0714
2004-08-24T12:00:00Z,1.6,115,35,17.9,0.99
2004-08-24T13:00:00Z,1.3,107,34.6,18.2,0.9832
2004-08-24T14:00:00Z,1,86,33.8,22.8,1.1781
2004-08-24T15:00:00Z,1.6,118,36.3,19.5,1.1539
2004-08-24T16:00:00Z,2,129,38.3,17.9,1.181
2004-08-24T17:00:00Z,1.7,90,36.9,20.9,1.2864
2004-08-24T18:00:00Z,1.7,87,33.9,30,1.56
2004-08-24T19:00:00Z,1.4,65,29.8,43.4,1.7988
2004-08-24T20:00:00Z,1.3,61,27.5,50.4,1.8274
2004-08-24T21:00:00Z,1.3,62,27.5,50.4,1.8284
2004-08-24T22:00:00Z,1.6,85,28.1,48,1.7933
2004-08-24T23:00:00Z,1.8,83,26.9,49.6,1.7299
2004-08-25T00:00:00Z,1.5,84,26,48,1.5899
2004-08-25T01:00:00Z,1.3,71,24.9,50.6,1.5747
2004-08-25T02:00:00Z,1.1,62,23.7,53.2,1.5418
2004-08-25T04:00:00Z,0.6,40,22.9,56.1,1.5492
2004-08-25T05:00:00Z,0.7,50,23.3,55.5,1.5636
2004-08-25T06:00:00Z,1.1,78,23.6,54.2,1.5583
2004-08-25T07:00:00Z,1.9,89,24.9,52.9,1.643
2004-08-25T08:00:00Z,3.5,106,26.4,50.8,1.7166
2004-08-25T09:00:00Z,2.9,107,28.1,47.4,1.7753
2004-08-25T10:00:00Z,2.2,93,30.2,43.2,1.823
2004-08-25T11:00:00Z,2,95,31.2,41.9,1.871
2004-08-25T12:00:00Z,1.7,78,33.9,36,1.8692
2004-08-25T13:00:00Z,1.6,76,33.9,34.1,1.7754
2004-08-25T14:00:00Z,1.3,66,34.4,30.6,1.6402
2004-08-25T15:00:00Z,1.3,71,35.3,28.5,1.6034
2004-08-25T16:00:00Z,1.3,61,36.3,28.3,1.6851
2004-08-25T17:00:00Z,1.6,73,35.3,29.4,1.6577
2004-08-25T18:00:00Z,1.3,54,32.5,34.1,1.6453
2004-08-25T19:00:00Z,1.4,53,29.1,42.1,1.6695
2004-08-25T20:00:00Z,1.4,69,27.8,35.6,1.3116
2004-08-25T21:00:00Z,1.3,77,27,30,1.0542
2004-08-25T22:00:00Z,1.4,83,26.3,37.3,1.2555
2004-08-25T23:00:00Z,1.5,94,25.2,40.8,1.2877
2004-08-26T00:00:00Z,1.5,84,24.3,43.3,1.2973
2004-08-26T01:00:00Z,0.9,55,23.3,45.3,1.2794
2004-08-26T02:00:00Z,0.6,35,24.1,44,1.3034
2004-08-26T05:00:00Z,0.5,45,23.7,46.7,1.3501
2004-08-28T04:00:00Z,0.6,56,20,59.3,1.3681
2004-08-28T05:00:00Z,0.4,33,22.5,48.6,1.3077
2004-08-28T06:00:00Z,0.5,39,19.5,57,1.2739
2004-08-28T07:00:00Z,0.7,43,19.6,56.1,1.2651
2004-08-28T08:00:00Z,1.2,62,20.7,53.3,1.287
2004-08-28T09:00:00Z,1.7,81,24.7,41.8,1.2839
2004-08-28T10:00:00Z,1.8,102,29.9,30.5,1.2616
2004-08-28T11:00:00Z,1.5,86,32.3,27.2,1.2933
2004-08-28T12:00:00Z,1.2,37,34.3,24.5,1.3021
2004-08-28T13:00:00Z,1.1,64,33.4,22.5,1.1398
2004-08-31T15:00:00Z,1.9,101,33.8,25.8,1.3338
2004-08-31T16:00:00Z,1.4,71,34.5,28.6,1.5393
2004-08-31T17:00:00Z,2,82,32.7,33,1.5987
2004-08-31T18:00:00Z,2.7,104,31.4,35.4,1.5972
2004-08-31T19:00:00Z,2.8,105,27.7,43.5,1.592
2004-08-31T20:00:00Z,2,87,26.2,47.8,1.5979
2004-08-31T21:00:00Z,2.1,98,25.7,48.7,1.5825
2004-08-31T22:00:00Z,2,105,25.2,50.1,1.58
2004-08-31T23:00:00Z,1.8,104,24.4,53.4,1.6031
2004-09-01T00:00:00Z,1.9,96,23.7,55.4,1.6031
2004-09-01T01:00:00Z,1.3,79,22.8,58.5,1.5992
2004-09-01T02:00:00Z,0.7,61,22.8,58.5,1.5985
2004-09-01T04:00:00Z,0.5,48,20.8,64.9,1.571
2004-09-01T05:00:00Z,0.6,63,19.7,66.8,1.5184
2004-09-01T06:00:00Z,1.3,92,19.8,64.3,1.4678
2004-09-01T07:00:00Z,3.6,99,20.6,62.3,1.4915
2004-09-01T08:00:00Z,4.9,117,23.2,54,1.5143
2004-09-01T09:00:00Z,3.9,142,26.3,43.1,1.4542
2004-09-01T10:00:00Z,2.2,121,29.1,35.4,1.4008
2004-09-01T11:00:00Z,1.9,122,30,31.6,1.3176
2004-09-01T12:00:00Z,2.2,108,32.4,26.3,1.2594
2004-09-01T13:00:00Z,2,80,31.3,29.1,1.3054
2004-09-01T14:00:00Z,1.7,93,31.1,28.6,1.2718
2004-09-01T15:00:00Z,2,108,33.3,24.4,1.232
2004-09-01T16:00:00Z,2.1,118,35.5,21.2,1.2022
2004-09-01T17:00:00Z,3.2,149,34.6,22,1.189
2004-09-01T18:00:00Z,4,171,33.3,23.6,1.1842
2004-09-01T19:00:00Z,4.4,154,30,28.5,1.1896
2004-09-01T20:00:00Z,3,122,28,33,1.2264
2004-09-01T21:00:00Z,2.2,126,27.2,37.4,1.3279
2004-09-01T22:00:00Z,1.7,121,26.6,39.9,1.3657
2004-09-01T23:00:00Z,1.9,125,25.3,41.7,1.3247
2004-09-02T00:00:00Z,2,126,24.3,44.7,1.3432
2004-09-02T01:00:00Z,1.5,96,24.4,45.6,1.3779
2004-09-02T02:00:00Z,0.8,73,23.1,49.9,1.3891
2004-09-02T04:00:00Z,0.6,65,21.8,54.1,1.4004
2004-09-02T05:00:00Z,0.7,90,21,56.9,1.3999
2004-09-02T06:00:00Z,0.8,58,21.8,55.5,1.4323
2004-09-02T07:00:00Z,2.9,27,21.6,57.2,1.4607
2004-09-02T08:00:00Z,5.2,67,22.8,54.2,1.4886
2004-09-02T09:00:00Z,3.3,96,26.2,45,1.5098
2004-09-07T06:00:00Z,1.3,64,23.1,47,1.3122
2004-09-07T07:00:00Z,2.5,72,23.7,46.2,1.3376
2004-09-07T08:00:00Z,3.4,73,25.8,41.9,1.3688
2004-09-07T09:00:00Z,2.1,64,27.3,38.3,1.3669
2004-09-07T10:00:00Z,2.2,74,31,29.1,1.2885
2004-09-07T11:00:00Z,1.7,89,31.6,25.5,1.1638
2004-09-08T18:00:00Z,4,188,32.4,19.8,0.9484
2004-09-08T19:00:00Z,4.7,176,29.9,22.3,0.9235
2004-09-08T20:00:00Z,3.8,163,28.2,24.8,0.936
2004-09-08T21:00:00Z,2.8,155,26.8,28.9,1.0019
2004-09-08T22:00:00Z,2.6,146,25.1,32.3,1.0131
2004-09-08T23:00:00Z,2,131,25.4,30.5,0.9722
2004-09-09T00:00:00Z,1.4,119,24.9,28.3,0.8775
2004-09-09T01:00:00Z,1.2,98,23.2,30.5,0.8558
2004-09-09T02:00:00Z,0.6,89,22.3,33.6,0.8959
2004-09-09T04:00:00Z,0.2,68,21.4,35.7,0.8982
2004-09-09T05:00:00Z,0.4,65,21.7,33.4,0.8545
2004-09-09T06:00:00Z,0.6,81,20.3,35.5,0.8342
2004-09-09T07:00:00Z,3,136,19.7,37.5,0.8501
2004-09-09T08:00:00Z,3.2,130,21,35.6,0.8736
2004-09-09T09:00:00Z,3.5,157,25,28.9,0.9025
2004-09-09T10:00:00Z,3.1,171,31,21.9,0.9708
2004-09-09T11:00:00Z,2.2,143,34.9,18.5,1.0189
2004-09-09T12:00:00Z,1.7,116,37.1,15,0.9297
2004-09-09T13:00:00Z,2,129,35,17.3,0.9542
2004-09-09T14:00:00Z,2.5,168,35.1,17.5,0.9733
2004-09-09T15:00:00Z,2.4,152,35.4,16.6,0.9385
2004-09-09T16:00:00Z,2.9,175,38.4,13.8,0.9221
2004-09-09T17:00:00Z,4.2,212,37.6,14.5,0.9277
2004-09-09T18:00:00Z,5.4,220,35.2,16.6,0.9242
2004-09-09T19:00:00Z,4.3,175,31.2,25.5,1.1379
2004-09-09T20:00:00Z,3.6,165,29.3,30.7,1.229
2004-09-09T21:00:00Z,2,136,28.3,30.1,1.1392
2004-09-09T22:00:00Z,1.5,111,27.4,31.5,1.133
2004-09-09T23:00:00Z,1.5,114,26.2,35.7,1.1929
2004-09-10T00:00:00Z,1.2,96,25.2,38.1,1.2049
2004-09-10T01:00:00Z,1,75,24.4,39.1,1.1784
2004-09-10T02:00:00Z,0.5,58,23.7,39.1,1.1289
2004-09-10T04:00:00Z,0.4,41,24.5,38.5,1.1688
2004-09-10T05:00:00Z,0.5,55,22.4,43.5,1.1624
2004-09-10T06:00:00Z,0.7,73,22.3,43.8,1.1631
2004-09-10T07:00:00Z,2.4,108,21.4,45.8,1.1515
2004-09-10T08:00:00Z,4.1,147,22.9,41.3,1.1383
2004-09-10T09:00:00Z,3,150,26.6,30.3,1.0378
2004-09-10T10:00:00Z,2,131,30.3,23,0.977
2004-09-10T11:00:00Z,2.5,144,32.8,18.9,0.9234
2004-09-10T12:00:00Z,2.4,151,34.3,17.7,0.9416
2004-09-10T13:00:00Z,2.6,165,33.3,18.9,0.9536
2004-09-10T14:00:00Z,1.9,135,33,20.1,0.9959
2004-09-10T15:00:00Z,2.1,143,33.6,19.6,1.0029
2004-09-10T16:00:00Z,2.5,153,34.9,18.4,1.0106
2004-09-10T17:00:00Z,2.7,149,33.4,20.3,1.027
2004-09-10T18:00:00Z,3.3,164,31.6,22.7,1.041
2004-09-10T19:00:00Z,3.2,180,29.2,26.9,1.0709
2004-09-10T20:00:00Z,2.6,159,27.7,30.1,1.0991
2004-09-10T21:00:00Z,1.4,119,27.1,31,1.0991
2004-09-10T22:00:00Z,1.6,127,26,33.4,1.1071
2004-09-10T23:00:00Z,1.7,131,25.1,35.7,1.1222
2004-09-11T00:00:00Z,1.6,101,24.3,38.5,1.1525
2004-09-13T10:00:00Z,3.1,138,25.4,53,1.6963
2004-09-13T11:00:00Z,2.9,138,30,41.6,1.7324
2004-09-13T12:00:00Z,3,138,32.6,34.8,1.6872
2004-09-13T13:00:00Z,3,137,32.2,34.2,1.6145
2004-09-13T14:00:00Z,2.2,120,32.1,33.5,1.569
2004-09-13T15:00:00Z,2,208,32.6,31.8,1.5361
2004-09-13T16:00:00Z,2.3,128,35.2,25.2,1.4111
2004-09-13T17:00:00Z,3.1,145,34.3,24.7,1.3154
2004-09-13T19:00:00Z,6.2,168,29,36.6,1.4452
2004-09-13T20:00:00Z,4.7,177,27.1,42.2,1.4949
2004-09-13T21:00:00Z,3,172,26.1,46.4,1.5445
2004-09-13T22:00:00Z,2.1,112,25.1,49.4,1.548
2004-09-13T23:00:00Z,1,39,26,46.4,1.5375
2004-09-14T00:00:00Z,0.8,68,24.7,49.2,1.5116
2004-09-14T01:00:00Z,0.7,51,24.8,49,1.5092
2004-09-15T17:00:00Z,3.3,112,26.9,53.1,1.8557
2004-09-15T18:00:00Z,6.1,170,26.5,50.8,1.7334
2004-09-15T19:00:00Z,6.7,173,25.1,55.8,1.7511
2004-09-15T20:00:00Z,4.4,135,23.9,58.9,1.7276
2004-09-15T21:00:00Z,1.9,93,23.1,62.8,1.7562
2004-09-15T22:00:00Z,1.8,74,22.1,67.3,1.7671
2004-09-15T23:00:00Z,1.5,69,22.1,66.5,1.7441
2004-09-16T00:00:00Z,1.6,109,21.1,70.1,1.7366
2004-09-16T01:00:00Z,0.8,55,21.9,67.1,1.7394
2004-09-16T02:00:00Z,0.5,49,21.7,67.4,1.7262
2004-09-16T04:00:00Z,0.6,42,19.1,76,1.6668
2004-09-16T05:00:00Z,0.9,50,19.4,75.4,1.6802
2004-09-16T06:00:00Z,1.4,53,19.7,74.4,1.6829
2004-09-16T07:00:00Z,4.2,86,19.9,74.3,1.7083
2004-09-16T08:00:00Z,4.1,81,20.4,72.8,1.7198
2004-09-16T09:00:00Z,3.6,96,21.6,67.7,1.7254
2004-09-16T10:00:00Z,2.5,96,22.9,59.1,1.633
2004-09-16T11:00:00Z,1.3,79,18.7,73.1,1.5608
2004-09-16T12:00:00Z,1.7,95,21.1,58.3,1.4444
2004-09-16T13:00:00Z,2.1,127,23.3,47.1,1.3281
2004-09-16T14:00:00Z,1.7,102,22.9,47.9,1.3208
2004-09-16T15:00:00Z,1.9,107,23.3,46.2,1.301
2004-09-16T16:00:00Z,2.3,110,23.7,45.4,1.315
2004-09-16T17:00:00Z,3.3,124,23.8,46.1,1.3373
2004-09-16T18:00:00Z,3.5,113,23,49.3,1.3689
2004-09-16T19:00:00Z,3.6,104,21.9,53.1,1.3787
2004-09-16T20:00:00Z,2.9,117,21.3,54.8,1.3742
2004-09-16T21:00:00Z,2,94,21.2,55.2,1.3699
2004-09-17T00:00:00Z,1.1,109,21.3,55.8,1.3974
2004-09-17T01:00:00Z,0.8,72,21.4,52.1,1.3125
2004-09-17T02:00:00Z,0.5,40,20.6,56.6,1.3583
2004-09-17T04:00:00Z,0.3,23,19.7,61.9,1.4017
2004-09-17T05:00:00Z,0.3,24,19.6,59.1,1.3346
2004-09-17T06:00:00Z,0.5,41,19.8,56.7,1.2941
2004-09-17T07:00:00Z,2.4,99,20.2,55.6,1.3043
2004-09-17T08:00:00Z,2.2,91,19.7,57.8,1.3112
2004-09-17T09:00:00Z,1.4,81,20.2,53.1,1.2442
2004-09-17T10:00:00Z,1.6,95,22,47,1.2259
2004-09-17T11:00:00Z,1.6,113,23.5,41.6,1.1884
2004-09-17T12:00:00Z,1.6,89,22.8,41.8,1.1417
2004-09-17T13:00:00Z,2.1,88,23.4,40.4,1.15
2004-09-17T14:00:00Z,1.1,81,23.2,42.8,1.2017
2004-09-17T15:00:00Z,1.6,82,23.6,43.2,1.2433
2004-09-17T16:00:00Z,2.4,115,23.9,40.8,1.1937
2004-09-17T17:00:00Z,2.9,112,23.6,42.8,1.23
2004-09-17T18:00:00Z,2.7,116,23.2,43.3,1.2161
2004-09-17T19:00:00Z,3.1,129,22.8,42.5,1.1608
2004-09-17T20:00:00Z,2.2,110,22.3,42.2,1.1209
2004-09-17T21:00:00Z,1.5,105,22.1,43,1.1271
2004-09-17T22:00:00Z,1.2,90,22.2,42.7,1.1237
2004-09-17T23:00:00Z,1.3,94,22.1,42.8,1.1265
2004-09-18T00:00:00Z,1.4,96,22.1,43.5,1.1443
2004-09-18T01:00:00Z,0.9,70,21.5,45.6,1.1528
2004-09-18T02:00:00Z,0.7,57,21.1,44.5,1.098
2004-09-18T05:00:00Z,0.5,42,20.2,46.7,1.0899
2004-09-18T06:00:00Z,0.8,71,20.1,47.8,1.1144
2004-09-18T07:00:00Z,1.2,82,20,50.7,1.1724
2004-09-18T08:00:00Z,1.1,81,20.7,49.7,1.197
2004-09-18T09:00:00Z,1.6,89,24.3,39.5,1.1842
2004-09-18T10:00:00Z,1.4,83,25.4,34.8,1.1119
2004-09-18T11:00:00Z,1.2,82,26.6,30.7,1.0501
2004-09-18T12:00:00Z,1.4,78,27.7,28.1,1.0272
2004-09-18T13:00:00Z,1.6,79,27.6,28.7,1.0406
2004-09-18T14:00:00Z,1.1,78,27.6,29.2,1.0594
2004-09-18T15:00:00Z,1.1,73,28.1,28.6,1.0715
2004-09-18T16:00:00Z,1.3,73,29.1,26.8,1.0648
2004-09-18T17:00:00Z,1.5,100,28.4,28.3,1.0798
2004-09-18T18:00:00Z,2,122,26.6,32.1,1.102
2004-09-18T19:00:00Z,2.4,132,25.3,35.3,1.1262
2004-09-18T20:00:00Z,2,116,24.7,37.1,1.1397
2004-09-18T21:00:00Z,1.5,109,23.5,40.6,1.1588
2004-09-18T22:00:00Z,1.7,109,22.8,43.4,1.1915
2004-09-18T23:00:00Z,2.5,116,22.2,47.9,1.2626
2004-09-19T00:00:00Z,2.2,104,21.3,50.5,1.2652
2004-09-19T01:00:00Z,1.4,81,20.6,53.2,1.2742
2004-09-19T02:00:00Z,1.2,64,19.6,56.6,1.2797
2004-09-19T04:00:00Z,0.9,54,18.8,59.5,1.2758
2004-09-19T05:00:00Z,0.5,35,19.3,57,1.2603
2004-09-19T06:00:00Z,0.6,44,18.2,60.8,1.2567
2004-09-19T07:00:00Z,1,62,16.8,66.8,1.2721
2004-09-19T08:00:00Z,1.3,68,18.6,60,1.2757
2004-09-19T09:00:00Z,1.7,85,22.2,48,1.2678
2004-09-19T10:00:00Z,2.2,110,26.5,35.7,1.2149
2004-09-19T11:00:00Z,2.1,115,30,28.5,1.1883
2004-09-19T12:00:00Z,2.2,129,32.2,24.7,1.1696
2004-09-19T13:00:00Z,2,106,29.6,28.6,1.1628
2004-09-19T14:00:00Z,2,87,29.8,28.5,1.1809
2004-09-19T15:00:00Z,1.2,70,31.1,26.1,1.163
2004-09-19T16:00:00Z,1.8,106,34.6,22.4,1.212
2004-09-19T17:00:00Z,4.3,151,33.2,25.4,1.2722
2004-09-19T18:00:00Z,3.8,179,30,31.4,1.3074
2004-09-19T19:00:00Z,4.4,188,27.5,38.1,1.3756
2004-09-19T20:00:00Z,3.8,187,26.2,42.5,1.423
2004-09-19T21:00:00Z,1.9,121,24.7,46.4,1.4206
2004-09-19T22:00:00Z,1.7,99,23.6,50,1.4383
2004-09-19T23:00:00Z,1.8,100,22.7,53.6,1.4632
2004-09-20T00:00:00Z,1.1,79,22.7,53.8,1.4666
2004-09-20T01:00:00Z,0.8,57,22.8,53,1.4577
2004-09-20T02:00:00Z,0.7,43,21.4,57.6,1.4469
2004-09-20T04:00:00Z,0.5,50,19.5,63.5,1.4269
2004-09-20T05:00:00Z,0.5,47,20.2,60.8,1.4243
2004-09-20T06:00:00Z,0.9,60,19.4,63.5,1.4139
2004-09-20T07:00:00Z,3.5,91,18.7,65.6,1.4039
2004-09-20T09:00:00Z,5.7,159,23.5,49.7,1.4156
2004-09-20T10:00:00Z,3.5,173,26.4,41.9,1.4237
2004-09-20T11:00:00Z,3.7,174,29.9,34,1.4096
2004-09-20T12:00:00Z,3.1,165,31.5,30.8,1.4017
2004-09-20T13:00:00Z,3,136,30.2,30.2,1.2744
2004-09-20T14:00:00Z,2.6,125,30.5,29.3,1.2612
2004-09-20T15:00:00Z,2.4,122,31.8,27.4,1.2673
2004-09-20T16:00:00Z,2.6,124,34.3,23.2,1.2326
2004-09-20T17:00:00Z,5,184,34.1,23,1.2081
2004-09-20T18:00:00Z,5.6,200,30.5,29.2,1.2585
2004-09-20T19:00:00Z,6.5,225,28.1,32.4,1.2173
2004-09-20T20:00:00Z,4.1,168,26.5,31.7,1.0787
2004-09-20T21:00:00Z,2.1,118,24.8,33.7,1.0377
2004-09-20T22:00:00Z,2,115,23.9,38.1,1.1123
2004-09-20T23:00:00Z,1.4,94,23,43,1.1897
2004-09-21T00:00:00Z,0.8,62,23.5,44.7,1.2755
2004-09-21T01:00:00Z,0.8,68,22.3,47.7,1.2643
2004-09-21T02:00:00Z,0.6,50,22.1,49.8,1.3094
2004-09-21T04:00:00Z,0.4,36,20.8,55.9,1.3581
2004-09-21T05:00:00Z,0.6,53,18.8,63,1.3582
2004-09-21T06:00:00Z,1.4,79,18.3,65.5,1.3686
2004-09-21T07:00:00Z,5.6,133,18.2,66.1,1.3679
2004-09-21T08:00:00Z,7.3,148,19.6,60.7,1.3713
2004-09-21T09:00:00Z,5.3,161,22.6,51.4,1.392
2004-09-21T10:00:00Z,4.4,191,25.8,44.2,1.4512
2004-09-21T11:00:00Z,3.1,158,28.5,39,1.4928
2004-09-21T12:00:00Z,3.3,157,30.1,35.1,1.4782
2004-09-21T13:00:00Z,3.8,188,29.4,36.4,1.4718
2004-09-21T14:00:00Z,2.3,143,29.2,37.9,1.5116
2004-09-21T15:00:00Z,2.6,152,30.5,34.9,1.5015
2004-09-21T16:00:00Z,3.2,168,31.5,31.4,1.431
2004-09-21T17:00:00Z,5,205,31.2,31.4,1.3987
2004-09-21T18:00:00Z,5.6,204,28.5,37.2,1.4282
2004-09-21T19:00:00Z,5.4,210,26.7,42.3,1.4618
2004-09-21T20:00:00Z,4.4,173,24.8,49,1.5092
2004-09-21T21:00:00Z,2.4,123,23.6,53.6,1.5374
2004-09-21T22:00:00Z,1.5,92,23,55.8,1.548
2004-09-21T23:00:00Z,1.3,77,22.1,58.4,1.5393
2004-09-22T00:00:00Z,1.1,74,22.6,56.3,1.5233
2004-09-22T01:00:00Z,1,74,21,61.3,1.5031
2004-09-22T02:00:00Z,0.6,47,23,54,1.501
2004-09-22T04:00:00Z,0.6,44,18.3,70.8,1.4794
2004-09-22T05:00:00Z,0.8,69,18.1,72.5,1.4876
2004-09-22T06:00:00Z,1.5,79,18.3,71,1.4807
2004-09-22T07:00:00Z,4.1,108,18.5,68.9,1.4565
2004-09-22T08:00:00Z,5.5,119,20.1,62.7,1.461
2004-09-22T09:00:00Z,5.5,165,23.5,52,1.4833
2004-09-22T10:00:00Z,3.7,172,26.8,42.7,1.4864
2004-09-22T11:00:00Z,3.3,180,29.1,36.7,1.4543
2004-09-22T12:00:00Z,2.5,130,30.8,32,1.4014
2004-09-22T13:00:00Z,2.6,120,27.9,37,1.372
2004-09-22T14:00:00Z,2.2,117,28.5,37.3,1.4291
2004-09-22T15:00:00Z,2.6,141,30.2,32.9,1.3865
2004-09-22T16:00:00Z,2.9,151,32.9,27.7,1.3622
2004-09-22T17:00:00Z,5,218,32.2,28.8,1.3624
2004-09-22T18:00:00Z,5.1,213,28.8,39,1.5203
2004-09-22T19:00:00Z,5.2,194,26.7,43.3,1.4881
2004-09-22T20:00:00Z,3.8,167,24.6,54,1.6461
2004-09-22T21:00:00Z,2.2,115,23.4,59.9,1.6992
2004-09-22T22:00:00Z,2.1,98,22.5,62.6,1.6883
2004-09-22T23:00:00Z,1.8,93,22.9,62,1.7127
2004-09-23T00:00:00Z,1.6,87,22.2,64.9,1.719
2004-09-23T01:00:00Z,1.4,71,21.4,68.5,1.7261
2004-09-23T02:00:00Z,0.8,49,22.2,63,1.6673
2004-09-23T05:00:00Z,0.5,58,22.9,57.5,1.5879
2004-09-23T06:00:00Z,0.9,66,21.3,63.2,1.5794
2004-09-23T07:00:00Z,3.2,112,21.3,63.5,1.5941
2004-09-23T08:00:00Z,2.8,104,23.7,54.4,1.5765
2004-09-23T09:00:00Z,2.7,103,25,50.8,1.5903
2004-09-23T10:00:00Z,2.4,118,26.3,48.1,1.6199
2004-09-23T11:00:00Z,2.7,129,26.4,47.3,1.6006
2004-09-23T12:00:00Z,2.8,127,29.3,39.5,1.5855
2004-09-23T13:00:00Z,2.9,130,29,39.6,1.5581
2004-09-23T14:00:00Z,2.6,130,29.8,38,1.5642
2004-09-23T15:00:00Z,2.6,118,30.4,37.2,1.588
2004-09-23T16:00:00Z,3.2,146,31.5,34.9,1.5903
2004-09-23T17:00:00Z,4.6,190,31.6,34.8,1.5925
2004-09-23T18:00:00Z,4.9,189,29,40.5,1.5949
2004-09-23T19:00:00Z,4.7,173,27.2,45.9,1.6302
2004-09-23T20:00:00Z,3.3,148,26.2,48.7,1.6256
2004-09-23T21:00:00Z,2.3,116,25.1,50.5,1.584
2004-09-23T22:00:00Z,2.1,109,24.1,50.7,1.4959
2004-09-23T23:00:00Z,1.7,94,22.5,53.7,1.4486
2004-09-24T00:00:00Z,1,64,22.7,53.7,1.458
2004-09-24T01:00:00Z,0.9,59,21.5,57.9,1.4658
2004-09-24T02:00:00Z,0.7,64,22.3,55.8,1.4828
2004-09-24T04:00:00Z,0.4,52,21.1,59.9,1.4789
2004-09-24T05:00:00Z,0.5,55,20.4,63,1.4946
2004-09-24T06:00:00Z,1.3,83,20.8,62.2,1.5119
2004-09-24T07:00:00Z,3.5,114,21.3,61.6,1.5452
2004-09-24T08:00:00Z,5.5,137,21.9,60.2,1.56
2004-09-24T09:00:00Z,5.6,160,23,56.4,1.5614
2004-09-24T10:00:00Z,3.4,138,25.1,49.5,1.5572
2004-09-24T11:00:00Z,3.2,134,26.6,44.3,1.5229
2004-09-24T12:00:00Z,3.7,143,26.2,46,1.5422
2004-09-24T13:00:00Z,4.6,153,25.4,48.7,1.5594
2004-09-24T14:00:00Z,4.2,145,25.6,48.3,1.558
2004-09-24T15:00:00Z,3.3,123,25.7,47.8,1.5548
2004-09-24T16:00:00Z,2.7,96,24.9,49.2,1.5251
2004-09-24T17:00:00Z,2.2,107,18.3,75.4,1.5682
2004-09-24T18:00:00Z,2.8,119,16.3,73.9,1.3601
2004-09-24T19:00:00Z,2.9,109,15.6,75.7,1.3345
2004-09-24T20:00:00Z,2,107,15.4,76.6,1.3334
2004-09-24T21:00:00Z,0.7,57,14,75.4,1.1988
2004-09-24T22:00:00Z,0.6,60,14.9,60.5,1.0213
2004-09-24T23:00:00Z,1.2,22,15.5,50.9,0.888
2004-09-25T00:00:00Z,1.2,2,15.6,50,0.8773
2004-09-25T01:00:00Z,1.1,7,15.4,53.6,0.9326
2004-09-25T02:00:00Z,0.6,8,15.4,53.9,0.9334
2004-09-25T04:00:00Z,0.3,27,15.3,53.1,0.9181
2004-09-25T05:00:00Z,0.3,14,15.4,53.7,0.9295
2004-09-25T06:00:00Z,0.4,3,15.5,53.3,0.9308
2004-09-25T07:00:00Z,0.6,9,15.4,52.7,0.9178
2004-09-25T08:00:00Z,0.7,14,15.7,51.1,0.9056
2004-09-25T09:00:00Z,1,52,16.9,47.7,0.9142
2004-09-25T10:00:00Z,1.1,64,18.2,41.9,0.8674
2004-09-25T11:00:00Z,1.5,66,19.1,37,0.8104
2004-09-25T12:00:00Z,1.4,14,19.3,34.8,0.771
2004-09-25T13:00:00Z,1.4,9,19.8,31.2,0.7127
2004-09-25T14:00:00Z,1,12,19.8,31.1,0.7104
2004-09-25T15:00:00Z,0.9,14,20.2,28.6,0.6717
2004-09-25T16:00:00Z,1.1,21,22.1,24.8,0.6514
2004-09-25T17:00:00Z,1.3,43,21.1,27.7,0.6853
2004-09-25T18:00:00Z,1.8,62,20.1,30.3,0.7045
2004-09-25T19:00:00Z,2.4,68,19.5,33,0.7384
2004-09-25T20:00:00Z,2.7,81,19.3,32.3,0.7163
2004-09-25T21:00:00Z,1.7,88,18.4,33.2,0.6975
2004-09-25T22:00:00Z,2.2,99,17.8,36.5,0.7366
2004-09-25T23:00:00Z,2.8,98,17.8,39.9,0.8035
2004-09-26T00:00:00Z,2.4,97,17,43,0.8242
2004-09-26T01:00:00Z,2.5,101,15.5,52.2,0.9136
2004-09-26T02:00:00Z,1.4,90,15.6,51.9,0.9135
2004-09-26T05:00:00Z,0.9,55,12.5,63.2,0.9146
2004-09-26T06:00:00Z,0.6,46,13.6,57.6,0.8941
2004-09-26T07:00:00Z,1,56,12.2,63.2,0.8964
2004-09-26T08:00:00Z,1.6,83,14.6,56.4,0.9319
2004-09-26T09:00:00Z,0.9,55,19.8,38.6,0.8831
2004-09-26T10:00:00Z,0.9,47,21.6,33.4,0.8519
2004-09-26T11:00:00Z,1,61,22,32.2,0.8407
2004-09-26T12:00:00Z,1,58,22.7,30.2,0.8217
2004-09-26T13:00:00Z,0.9,59,22.3,30.4,0.8063
2004-09-26T14:00:00Z,0.9,54,22.1,30.5,0.7981
2004-09-26T15:00:00Z,0.9,69,22.1,29.5,0.7761
2004-09-26T16:00:00Z,0.9,54,23.4,27.1,0.7681
2004-09-26T17:00:00Z,2.7,95,23.1,27,0.7538
2004-09-26T18:00:00Z,2.2,99,21.5,31.4,0.7943
2004-09-26T19:00:00Z,3.3,127,20.3,35.5,0.833
2004-09-26T20:00:00Z,2.1,98,19.6,36.3,0.8193
2004-09-26T21:00:00Z,1.8,112,18.7,39.7,0.8482
2004-09-26T22:00:00Z,1.9,115,18,42.7,0.8745
2004-09-26T23:00:00Z,2.3,114,17.1,47.6,0.9208
2004-09-27T00:00:00Z,1.9,103,16.6,51.3,0.9634
2004-09-27T01:00:00Z,1.3,81,15.9,55.2,0.9881
2004-09-27T02:00:00Z,1,75,14.9,58.9,0.9891
2004-09-27T04:00:00Z,0.6,64,14,62.6,0.9948
2004-09-27T05:00:00Z,0.9,71,14.1,61.7,0.9844
2004-09-27T06:00:00Z,1.5,99,14.4,60.3,0.9802
2004-09-27T07:00:00Z,5.5,132,15,57.7,0.9778
2004-09-27T08:00:00Z,4,135,16.9,50.3,0.958
2004-09-27T09:00:00Z,1.8,94,19.7,40.2,0.9108
2004-09-27T10:00:00Z,1.9,103,22.2,33.6,0.8886
2004-09-27T11:00:00Z,1.7,123,23.7,29.6,0.8537
2004-09-27T12:00:00Z,1.6,95,21.9,30.7,0.7961
2004-09-27T13:00:00Z,1.9,90,22.3,29.5,0.7838
2004-09-27T14:00:00Z,1.6,99,23.8,27,0.7845
2004-09-27T15:00:00Z,1.8,107,23.3,28.3,0.8012
2004-09-27T16:00:00Z,2,112,24.2,27.2,0.8128
2004-09-27T17:00:00Z,3.1,132,25.1,25.8,0.8065
2004-09-27T18:00:00Z,3.9,148,22.3,29.2,0.7773
2004-09-27T19:00:00Z,4.3,158,20.8,32.5,0.7873
2004-09-27T20:00:00Z,3.5,145,19.1,36.8,0.8066
2004-09-27T21:00:00Z,2.4,128,18.1,39.9,0.8232
2004-09-27T22:00:00Z,1.5,105,17.4,42.8,0.8463
2004-09-27T23:00:00Z,1.3,90,16.7,46.6,0.8793
2004-09-28T00:00:00Z,1,85,17.1,46.8,0.9054
2004-09-28T01:00:00Z,0.8,73,15.3,51.9,0.8982
2004-09-28T02:00:00Z,0.5,74,15,52.8,0.8929
2004-09-28T04:00:00Z,0.5,61,12.8,59.8,0.8801
2004-09-28T05:00:00Z,0.7,69,11.9,62.7,0.8726
2004-09-28T06:00:00Z,1.2,82,12.1,62.6,0.8825
2004-09-28T07:00:00Z,2.4,120,13.5,58.2,0.8944
2004-09-28T08:00:00Z,4.3,135,14.4,55.7,0.9087
2004-09-28T09:00:00Z,4.1,152,17.8,45.7,0.9224
2004-09-28T10:00:00Z,3.7,177,21,37.2,0.9155
2004-09-28T11:00:00Z,3.4,181,24.5,29.8,0.9008
2004-09-28T12:00:00Z,3.8,176,26.4,26.4,0.8969
2004-09-28T13:00:00Z,4.1,163,25.2,26.8,0.8451
2004-09-28T14:00:00Z,3.4,174,26.1,24.8,0.8283
2004-09-28T15:00:00Z,2.3,117,26.2,24.4,0.8174
2004-09-28T16:00:00Z,3.2,145,28.9,21.3,0.8382
2004-09-28T17:00:00Z,4.8,173,28,23.3,0.8681
2004-09-28T18:00:00Z,6.7,204,24.7,27.9,0.8559
2004-09-28T19:00:00Z,7.5,209,23,33.6,0.9302
2004-09-28T20:00:00Z,4.5,175,20.9,45.8,1.1159
2004-09-28T21:00:00Z,2.1,129,19.8,48.6,1.113
2004-09-28T22:00:00Z,1.5,111,19.8,47.7,1.0885
2004-09-28T23:00:00Z,1.1,85,18.6,49.1,1.0435
2004-09-29T00:00:00Z,1.1,86,17.2,53.9,1.0498
2004-09-29T01:00:00Z,0.9,71,16.3,56.8,1.047
2004-09-29T02:00:00Z,0.5,60,17.4,53.4,1.0541
2004-09-29T05:00:00Z,0.4,45,17.1,52.5,1.013
2004-09-29T06:00:00Z,0.7,53,15.2,58.3,0.9986
2004-09-29T07:00:00Z,2,94,14.9,59.2,0.9985
2004-09-29T08:00:00Z,4.2,122,15.1,59,1.0086
2004-09-29T09:00:00Z,5.2,170,19,47.8,1.0434
2004-09-29T10:00:00Z,3.8,174,22.4,38.8,1.04
2004-09-29T11:00:00Z,3.7,191,25.4,33.3,1.0679
2004-09-29T12:00:00Z,3.4,179,27.2,30.4,1.081
2004-09-29T13:00:00Z,3.1,148,25.5,34.8,1.1152
2004-09-29T14:00:00Z,2.4,129,26.4,28.5,0.9658
2004-09-29T15:00:00Z,2.8,148,27.7,25.1,0.9158
2004-09-29T16:00:00Z,3.6,184,28.6,23.2,0.8917
2004-09-29T17:00:00Z,4,188,27.2,26.3,0.9317
2004-09-29T18:00:00Z,5.6,204,25.3,33,1.0473
2004-09-29T19:00:00Z,6.3,201,23.2,36.9,1.0346
2004-09-29T20:00:00Z,4.7,165,21.6,43.3,1.1019
2004-09-29T21:00:00Z,1.9,133,21.1,44.8,1.1088
2004-09-29T22:00:00Z,1.9,125,19.7,49.3,1.1148
2004-09-29T23:00:00Z,1.2,101,20.3,47.8,1.1281
2004-09-30T00:00:00Z,0.9,79,19.4,50.3,1.1201
2004-09-30T13:00:00Z,1.7,101,24.6,44.1,1.3477
2004-09-30T14:00:00Z,2.2,113,25.6,43.4,1.4049
2004-09-30T15:00:00Z,2.8,121,26.1,42.6,1.4172
2004-09-30T16:00:00Z,3.9,146,25.8,44.8,1.4644
2004-09-30T17:00:00Z,6.5,188,25.4,47.9,1.5346
2004-09-30T18:00:00Z,6.3,182,24.6,50,1.5241
2004-09-30T19:00:00Z,5.7,166,23.6,54.4,1.5687
2004-09-30T20:00:00Z,4.4,142,22.6,59.5,1.6155
2004-09-30T21:00:00Z,1.6,84,22.1,61.3,1.6133
2004-09-30T22:00:00Z,1.5,87,22.1,61.3,1.6053
2004-09-30T23:00:00Z,1.7,91,21.1,64.7,1.5956
2004-10-01T00:00:00Z,1.9,91,20.3,66.4,1.5591
2004-10-01T01:00:00Z,1.6,74,19.4,69.3,1.5418
2004-10-01T02:00:00Z,1.3,69,19,70.8,1.5417
2004-10-01T04:00:00Z,0.6,54,19.8,67.2,1.5322
2004-10-01T05:00:00Z,0.7,60,19,70.3,1.5308
2004-10-01T06:00:00Z,1.6,69,18.8,71.8,1.5372
2004-10-01T07:00:00Z,2.9,91,20.2,66.3,1.555
2004-10-01T08:00:00Z,4.1,97,20.8,64.3,1.563
2004-10-01T09:00:00Z,3.7,114,22.3,59.3,1.5705
2004-10-01T10:00:00Z,3.6,129,23.2,56.6,1.5929
2004-10-01T11:00:00Z,3.4,137,23.8,54.7,1.587
2004-10-01T12:00:00Z,3.7,134,23.5,56.2,1.6048
2004-10-01T13:00:00Z,4.1,132,23.9,54.4,1.5963
2004-10-01T15:00:00Z,2.4,105,25.4,47.4,1.517
2004-10-01T16:00:00Z,3.4,136,26.4,45.4,1.54
2004-10-01T17:00:00Z,5.6,169,25.8,46.9,1.5375
2004-10-07T16:00:00Z,2.9,87,28.6,37.6,1.4468
2004-10-07T17:00:00Z,5.4,111,28,38.5,1.437
2004-10-07T18:00:00Z,5.3,119,25.2,45.8,1.4464
2004-10-07T19:00:00Z,6.7,128,24,50.6,1.4892
2004-10-07T20:00:00Z,7,117,23.2,54.7,1.5296
2004-10-07T21:00:00Z,2.8,92,22.3,57.1,1.5219
2004-10-07T22:00:00Z,1.7,73,21.8,58.2,1.5036
2004-10-07T23:00:00Z,1.7,60,20.9,61.3,1.4923
2004-10-08T00:00:00Z,1.7,60,20.6,62,1.4827
2004-10-08T01:00:00Z,1.2,53,20.3,62.5,1.472
2004-10-08T02:00:00Z,0.7,47,20.5,62.1,1.4771
2004-10-08T04:00:00Z,0.8,43,18.2,70.3,1.4498
2004-10-08T05:00:00Z,0.9,47,18.2,70.1,1.4552
2004-10-08T06:00:00Z,1.7,50,18.2,70,1.4519
2004-10-08T07:00:00Z,5.7,81,19.4,66.5,1.4801
2004-10-08T08:00:00Z,4.3,75,19.5,66.9,1.4999
2004-10-08T09:00:00Z,3.9,87,21.1,61.1,1.5056
2004-10-08T10:00:00Z,5.1,128,23.2,54.7,1.5349
2004-10-08T11:00:00Z,3.7,105,24.4,52.5,1.5807
2004-10-08T12:00:00Z,3.3,101,26.4,45.8,1.553
2004-10-08T13:00:00Z,3.6,100,27.7,39.2,1.4356
2004-10-08T14:00:00Z,3.2,98,28,39.6,1.4738
2004-10-08T15:00:00Z,3.5,98,28.7,38.4,1.486
2004-10-08T16:00:00Z,2.4,98,28.5,39.4,1.5147
2004-10-08T17:00:00Z,2.9,90,28.4,39.8,1.5191
2004-10-08T18:00:00Z,2.3,84,26.4,45.9,1.5572
2004-10-08T19:00:00Z,3.1,101,25.2,49.5,1.5665
2004-10-08T20:00:00Z,2.9,98,24.9,50.9,1.5856
2004-10-08T21:00:00Z,1.5,76,24.6,52.2,1.5951
2004-10-08T22:00:00Z,1.5,71,24,54.4,1.6049
2004-10-08T23:00:00Z,1.7,71,23.8,56.1,1.6298
2004-10-09T00:00:00Z,1.6,66,22.3,60.6,1.608
2004-10-09T01:00:00Z,1.3,62,21.9,61.5,1.5967
2004-10-09T02:00:00Z,1.4,58,21.1,64.5,1.594
2004-10-09T04:00:00Z,0.9,48,21.3,63.9,1.5951
2004-10-09T05:00:00Z,1.3,53,20.8,66.7,1.6201
2004-10-09T06:00:00Z,1.3,55,20.6,67.5,1.621
2004-10-09T07:00:00Z,2.9,63,20.9,66.3,1.6165
2004-10-09T08:00:00Z,3.2,69,21.5,63.7,1.6186
2004-10-09T09:00:00Z,3.4,84,23.7,56,1.6238
2004-10-09T10:00:00Z,3.6,95,26,48.2,1.598
2004-10-09T11:00:00Z,2.3,80,28.5,42.4,1.6286
2004-10-09T12:00:00Z,3.1,87,28.1,45.3,1.6957
2004-10-09T13:00:00Z,3.3,94,29,43.9,1.7309
2004-10-09T14:00:00Z,1.9,76,28.9,44.3,1.7392
2004-10-09T15:00:00Z,2.6,92,29.6,42.3,1.7248000000000001
2004-10-09T16:00:00Z,2.7,94,29.4,42.9,1.7308
2004-10-09T17:00:00Z,3.7,110,28.7,45.1,1.7468
2004-10-09T18:00:00Z,3.8,109,27,51.2,1.7928
2004-10-09T19:00:00Z,4.8,122,26.5,52.7,1.7966
2004-10-09T20:00:00Z,3.5,107,26.2,51.7,1.7334
2004-10-09T21:00:00Z,2.2,83,24.8,56.4,1.7447
2004-10-09T22:00:00Z,1.5,62,24.9,56,1.7367
2004-10-09T23:00:00Z,3.4,89,24.5,57.5,1.7433
2004-10-10T00:00:00Z,3.7,103,24.7,56.9,1.7438
2004-10-10T01:00:00Z,2,74,23.9,59.2,1.7327
2004-10-10T02:00:00Z,1.4,52,23.8,60.2,1.7515
2004-10-10T05:00:00Z,0.7,39,22.2,65.6,1.7355
2004-10-10T06:00:00Z,1.2,59,21.3,69.1,1.7275
2004-10-10T07:00:00Z,1.3,56,21.3,68.2,1.7127
2004-10-10T08:00:00Z,1.1,51,22.2,65.2,1.7256
2004-10-10T09:00:00Z,1,51,24.1,59,1.7449
2004-10-10T10:00:00Z,1.2,58,24.3,61.6,1.8468
2004-10-10T11:00:00Z,1.9,68,24.8,59.6,1.8351
2004-10-10T12:00:00Z,2.3,81,24.5,58.8,1.7838
2004-10-10T13:00:00Z,1.6,73,21,76.8,1.8881
2004-10-10T14:00:00Z,1.3,69,19.8,78,1.7879
2004-10-10T15:00:00Z,1.8,81,19.4,80.5,1.7917
2004-10-10T16:00:00Z,1.7,82,19.6,79.1,1.7877
2004-10-10T17:00:00Z,1.8,71,20.8,73.1,1.7695
2004-10-10T18:00:00Z,2,81,21.1,68.6,1.7014
2004-10-10T19:00:00Z,2.2,87,21.1,68.3,1.6914
2004-10-10T20:00:00Z,1.6,72,21.2,67.7,1.6848
2004-10-10T21:00:00Z,1.3,63,20.8,68.6,1.6719
2004-10-10T22:00:00Z,1.5,63,20.8,68.1,1.6585
2004-10-10T23:00:00Z,1.5,63,20.7,68.4,1.6507
2004-10-11T00:00:00Z,1.3,55,20.1,70.5,1.6384
2004-10-11T01:00:00Z,1.4,52,20.2,67.9,1.5901
2004-10-11T02:00:00Z,0.5,32,19.4,70.4,1.5663
2004-10-11T04:00:00Z,0.4,29,17.9,77.7,1.5795
2004-10-11T05:00:00Z,0.6,44,18.2,76.9,1.5945
2004-10-11T06:00:00Z,1.1,53,18.6,74.9,1.5918
2004-10-11T07:00:00Z,2.9,62,19.6,70.3,1.5821
2004-10-11T08:00:00Z,3.5,68,20.2,66.6,1.5567
2004-10-11T09:00:00Z,4.6,85,19.7,68.9,1.5638
2004-10-11T10:00:00Z,3.4,88,19.2,73.4,1.6192
2004-10-11T11:00:00Z,2.3,82,20,69.6,1.607
2004-10-11T12:00:00Z,2.7,91,21.1,64,1.5795
2004-10-11T13:00:00Z,3.1,87,20.2,67.4,1.5832
2004-10-11T14:00:00Z,3.2,90,20.2,68.9,1.6074
2004-10-11T15:00:00Z,2.5,97,21.9,57.6,1.4942
2004-10-11T16:00:00Z,3.4,99,23.2,52,1.4642
2004-10-11T17:00:00Z,4.8,109,21.7,59.1,1.5115
2004-10-11T18:00:00Z,4.5,95,20.8,61.4,1.4898
2004-10-11T19:00:00Z,4,80,19.9,64.2,1.4711
2004-10-11T20:00:00Z,3.2,76,19.7,65.1,1.4769
2004-10-11T21:00:00Z,1.9,62,20,63.3,1.4672
2004-10-11T22:00:00Z,1.9,57,19,66.1,1.4415
2004-10-11T23:00:00Z,1.3,57,18.8,60.9,1.3032
2004-10-12T00:00:00Z,1.1,54,18.9,60.7,1.311
2004-10-12T01:00:00Z,1,50,18.1,65.2,1.343
2004-10-12T02:00:00Z,0.5,44,18.3,65.1,1.3529
2004-10-12T04:00:00Z,0.5,34,17.8,67.5,1.3674
2004-10-12T05:00:00Z,0.8,44,16.9,66.7,1.2772
2004-10-12T06:00:00Z,1.2,74,17.8,60.6,1.2276
2004-10-12T07:00:00Z,2.7,101,17.6,60.8,1.2151
2004-10-12T08:00:00Z,3,103,17.9,57.8,1.1751
2004-10-13T09:00:00Z,1.5,78,15.4,53.2,0.9246
2004-10-13T10:00:00Z,1.2,72,16.5,49.9,0.9289
2004-10-20T16:00:00Z,4.7,167,24.8,57.7,1.7765
2004-10-20T17:00:00Z,8,194,24.6,58.9,1.8005
2004-10-20T18:00:00Z,7.7,172,23.9,61.8,1.8088
2004-10-20T19:00:00Z,6.8,134,23,65.9,1.8319
2004-10-20T20:00:00Z,6,130,22.4,67.7,1.8161
2004-10-20T21:00:00Z,4.7,113,22,69.2,1.8061
2004-10-20T22:00:00Z,3.4,99,21.8,69.6,1.79
2004-10-20T23:00:00Z,3.9,109,21.9,68.3,1.7699
2004-10-21T00:00:00Z,4.4,105,21.7,69.7,1.7872
2004-10-21T01:00:00Z,3.3,91,21.3,70.3,1.7574
2004-10-21T02:00:00Z,2,77,20.8,71.7,1.7415
2004-10-21T05:00:00Z,0.8,60,21.3,69.5,1.7447
2004-10-21T06:00:00Z,1.3,72,21.5,67.5,1.708
2004-10-21T07:00:00Z,2.7,83,21.9,64.8,1.683
2004-10-21T08:00:00Z,3.6,104,22.6,61.4,1.6645
2004-10-21T09:00:00Z,3.6,119,22.6,61.5,1.6636
2004-10-21T10:00:00Z,2.6,105,25.5,52.3,1.6796
2004-10-21T11:00:00Z,2,91,27,47.6,1.67
2004-10-21T12:00:00Z,3.3,103,25.2,53.3,1.6834
2004-10-21T14:00:00Z,2.1,111,27.2,48.5,1.7172
2004-10-21T15:00:00Z,2.9,101,26.9,50,1.7507
2004-10-21T16:00:00Z,3,102,26.5,52.2,1.7769
2004-10-21T17:00:00Z,3.2,101,27,51,1.7936
2004-10-21T18:00:00Z,4.4,118,25.9,55.8,1.8347
2004-10-21T19:00:00Z,6,120,25.1,59.4,1.8632
2004-10-21T20:00:00Z,5,107,24.7,58.7,1.8001
2004-10-21T21:00:00Z,4.3,104,23.6,62.2,1.7863
2004-10-21T22:00:00Z,4.3,91,22.4,67.1,1.794
2004-10-21T23:00:00Z,4.2,91,21.6,69.2,1.763
2004-10-22T00:00:00Z,2.2,74,21.3,68.5,1.7164
2004-10-22T01:00:00Z,1.3,63,21.2,68.6,1.7046
2004-10-22T02:00:00Z,1,57,20.3,70.6,1.6659
2004-10-22T05:00:00Z,0.9,49,18.7,74.4,1.5861
2004-10-22T06:00:00Z,1,55,19.8,69.2,1.5808
2004-10-22T07:00:00Z,2.8,78,19.8,69.4,1.5859
2004-10-22T08:00:00Z,4.1,91,20.4,66.7,1.5781
2004-10-22T09:00:00Z,2.9,88,22.3,60.6,1.6069
2004-10-22T10:00:00Z,2.7,83,22.6,59.9,1.6246
2004-10-22T11:00:00Z,2.1,81,24.5,54.5,1.6514
2004-10-22T12:00:00Z,2.4,83,24.4,55.4,1.6712
2004-10-22T13:00:00Z,3.8,111,26,51.9,1.7148
2004-10-22T14:00:00Z,3.7,112,26.8,49.1,1.7101
2004-10-22T15:00:00Z,3.7,112,26.4,49.8,1.6928
2004-10-22T16:00:00Z,5.5,137,26.9,48.6,1.7017
2004-10-22T17:00:00Z,5.4,152,26.2,48.9,1.634
2004-10-22T18:00:00Z,8.4,163,24.3,54.3,1.6276
2004-10-22T19:00:00Z,6.8,135,23.3,58.1,1.6457
2004-10-22T20:00:00Z,4.5,119,22.3,62.5,1.6616
2004-10-22T21:00:00Z,2.5,91,21.3,66.1,1.6556
2004-10-22T22:00:00Z,1.6,74,21.2,65.7,1.6319
2004-10-22T23:00:00Z,1.7,73,20.3,68.1,1.6009
2004-10-23T00:00:00Z,1.7,71,20.4,66.7,1.583
2004-10-23T01:00:00Z,1.1,57,19.9,67.5,1.5544
2004-10-23T02:00:00Z,1,51,19.1,70,1.5331
2004-10-23T05:00:00Z,0.7,43,18.1,72.1,1.4834
2004-10-23T06:00:00Z,1.2,52,18.1,72.3,1.4927
2004-10-23T07:00:00Z,2.3,65,17.6,74.8,1.491
2004-10-23T08:00:00Z,3,69,18.2,72.8,1.5048
2004-10-23T09:00:00Z,3.3,91,20.2,65.8,1.5374
2004-10-23T10:00:00Z,2.8,92,21.6,61.4,1.5696
2004-10-23T11:00:00Z,3,102,23.3,57.5,1.6169
2004-10-23T12:00:00Z,3.4,118,25,52.4,1.6356
2004-10-23T13:00:00Z,3,111,25.4,50.8,1.6275
2004-10-23T14:00:00Z,2.3,101,26.1,47.1,1.5724
2004-10-23T15:00:00Z,3.1,119,27,44.2,1.549
2004-10-23T16:00:00Z,3,115,27.2,43,1.5246
2004-10-23T17:00:00Z,3.3,120,25.6,48.3,1.5641
2004-10-23T18:00:00Z,4,115,23.3,57.9,1.6376
2004-10-23T19:00:00Z,4.6,118,22.2,63.6,1.6763
2004-10-23T20:00:00Z,4.1,117,21.6,67.7,1.7228
2004-10-23T21:00:00Z,2.3,96,21,69.3,1.7058
2004-10-23T22:00:00Z,2.6,89,20.3,70.5,1.6599
2004-10-23T23:00:00Z,2.6,84,20,69.5,1.6109
2004-10-24T00:00:00Z,2.9,97,19.7,70.1,1.5891
2004-10-24T01:00:00Z,2.1,68,19.5,70.7,1.5851
2004-10-24T02:00:00Z,2.1,66,19.4,71.4,1.5959
2004-10-24T05:00:00Z,1.4,48,18,75.4,1.5441
2004-10-24T06:00:00Z,1.2,47,17.3,78.4,1.532
2004-10-24T07:00:00Z,1.5,48,17.5,76.6,1.5174
2004-10-24T08:00:00Z,0.9,45,20,66.7,1.5401
2004-10-24T09:00:00Z,1.4,59,19.1,70,1.5366
2004-10-24T10:00:00Z,2.1,84,21.4,61.7,1.5547
2004-10-24T11:00:00Z,1.6,72,24.6,50.4,1.5363
2004-10-24T12:00:00Z,1.5,68,25,49.1,1.5295
2004-10-24T13:00:00Z,1.1,52,25.3,46.7,1.4874
2004-10-24T14:00:00Z,1.4,70,24.8,47.9,1.4819
2004-10-24T15:00:00Z,2,90,25.3,48,1.5249
2004-10-24T16:00:00Z,2,87,26.5,44.9,1.5278
2004-10-24T17:00:00Z,2.5,99,25,50.1,1.563
2004-10-24T18:00:00Z,4.3,128,22.9,57.6,1.5885
2004-10-24T19:00:00Z,5.2,127,21.7,62.9,1.6117
2004-10-24T20:00:00Z,3.4,99,21.8,63,1.619
2004-10-24T21:00:00Z,1.3,72,21.2,63.4,1.5748
2004-10-24T22:00:00Z,1.2,62,20.2,65.8,1.535
2004-10-24T23:00:00Z,1.7,62,18.4,71.5,1.5038
2004-10-25T00:00:00Z,1.7,63,17.9,72.4,1.4758
2004-10-25T01:00:00Z,1.4,56,16.9,75.4,1.4393
2004-10-25T02:00:00Z,0.9,44,16.5,75.5,1.4056
2004-10-25T05:00:00Z,0.9,48,16.2,76.9,1.4029
2004-10-25T06:00:00Z,1.2,59,15.8,79.6,1.417
2004-10-25T07:00:00Z,3.2,77,16,76.3,1.3772
2004-10-25T08:00:00Z,4.4,88,16.3,74.3,1.3644
2004-10-25T09:00:00Z,3.5,111,18.7,66.3,1.414
2004-10-25T10:00:00Z,3.2,114,20.5,60.2,1.4346
2004-10-25T11:00:00Z,3,108,19.3,66.2,1.4706
2004-10-25T12:00:00Z,3.5,111,20,63.9,1.4805
2004-10-25T13:00:00Z,4,126,21.4,59.4,1.4928
2004-10-25T14:00:00Z,3.8,117,21.5,60.9,1.5398
2004-10-25T15:00:00Z,4.2,119,21.6,60.9,1.5551
2004-10-25T16:00:00Z,5,125,21.6,62,1.5784
2004-10-25T17:00:00Z,7.9,158,21.7,61.9,1.592
2004-10-25T18:00:00Z,8.4,149,21,64.9,1.5987
2004-10-25T19:00:00Z,8,136,20,68.6,1.5882
2004-10-25T20:00:00Z,6.4,112,19.3,71.4,1.5805
2004-10-25T21:00:00Z,3.5,87,18.5,73.4,1.5461
2004-10-25T22:00:00Z,3.5,82,17.7,75.6,1.5226
2004-10-25T23:00:00Z,1.9,67,18.5,70.4,1.487
2004-10-26T00:00:00Z,2.2,68,17,76.1,1.4582
2004-10-26T01:00:00Z,1.6,60,16.8,74.9,1.4258
2004-10-26T02:00:00Z,1,48,15.5,78.5,1.3782
2004-10-26T05:00:00Z,0.9,46,14.8,79.4,1.3312
2004-10-26T06:00:00Z,1.4,54,15.7,77,1.3591
2004-10-26T07:00:00Z,3,82,16.2,75.9,1.3872
2004-10-26T08:00:00Z,4.5,93,16.3,75.9,1.3991
2004-10-26T09:00:00Z,3.8,95,17.7,70.6,1.4202
2004-10-26T10:00:00Z,3.4,120,18.3,67.6,1.4103
2004-10-26T11:00:00Z,3.5,132,20.1,62,1.4409
2004-10-26T12:00:00Z,4.4,146,22.6,54.5,1.4737
2004-10-26T13:00:00Z,4,157,24.6,47.1,1.4378
2004-10-26T14:00:00Z,4.5,158,24.9,48.3,1.4942
2004-10-26T15:00:00Z,5.3,175,24.9,50,1.5522
2004-10-26T16:00:00Z,5.8,166,24,55,1.6211
2004-10-26T17:00:00Z,8.4,187,23.2,58.7,1.651
2004-10-26T18:00:00Z,9.5,180,22.5,61.5,1.6579
2004-10-26T19:00:00Z,6.2,134,22.2,61,1.6071
2004-10-26T20:00:00Z,5,127,22.6,58.3,1.5829
2004-10-26T21:00:00Z,2.1,95,21,57.4,1.4098
2004-10-26T22:00:00Z,1.4,79,19.8,63.7,1.4524
2004-10-26T23:00:00Z,1.6,78,17.7,78.8,1.5855
2004-10-27T00:00:00Z,2,80,17.6,80.5,1.6062
2004-10-27T01:00:00Z,1.2,67,17.4,81.3,1.6066
2004-10-27T02:00:00Z,0.8,61,17.4,81,1.6012
2004-10-27T05:00:00Z,0.7,56,16.8,81.3,1.5447
2004-10-27T06:00:00Z,1.7,68,17.6,78.8,1.5723
2004-10-27T07:00:00Z,3.4,101,18,75.7,1.5527
2004-10-27T08:00:00Z,4.9,119,18,74.8,1.5281
2004-10-27T09:00:00Z,2.7,108,18.2,74,1.5343
2004-10-27T10:00:00Z,3.2,132,19.7,65.4,1.4854
2004-10-27T11:00:00Z,2.7,130,21,57.9,1.4267
2004-10-27T12:00:00Z,3.2,129,20.7,58.6,1.4142
2004-10-27T13:00:00Z,4.1,117,19.5,67.1,1.506
2004-10-27T14:00:00Z,3.6,119,18.5,76.2,1.6045
2004-10-27T15:00:00Z,2.8,113,19.6,69.7,1.5675
2004-10-27T16:00:00Z,2.1,102,19.9,65.3,1.5066
2004-10-27T17:00:00Z,2.4,101,20,63.3,1.4622
2004-10-27T18:00:00Z,3.6,116,19.2,66.4,1.4592
2004-10-27T19:00:00Z,2.6,101,19.3,67.5,1.4977
2004-10-27T20:00:00Z,2.8,94,18.2,71.4,1.4776
2004-10-27T21:00:00Z,1.4,75,17.8,71.2,1.4396
2004-10-27T22:00:00Z,1.1,69,17.6,69.9,1.3969
2004-10-27T23:00:00Z,1.3,60,16,75.9,1.3721
2004-10-28T00:00:00Z,0.9,58,16.9,72,1.3749
2004-10-28T01:00:00Z,1,51,15.7,76.3,1.3519
2004-10-28T02:00:00Z,0.9,45,14.8,78.7,1.3169
2004-10-28T05:00:00Z,0.8,48,15.2,78,1.3382
2004-10-28T06:00:00Z,1.6,61,15.5,77.2,1.3502
2004-10-28T07:00:00Z,3.4,88,15.7,76.4,1.3558
2004-10-28T08:00:00Z,4.4,102,16,76.4,1.3751
2004-10-28T09:00:00Z,3.5,97,16.7,73.8,1.3886
2004-10-28T10:00:00Z,3.4,116,18.6,66.3,1.4047
2004-10-28T11:00:00Z,2.4,112,20.4,58.1,1.3762
2004-10-28T12:00:00Z,2.3,101,20.6,57.3,1.3792
2004-10-28T13:00:00Z,2.6,99,21.6,53.6,1.3669
2004-10-28T14:00:00Z,2.9,113,21.4,55.6,1.4015
2004-10-28T15:00:00Z,4.4,122,20.7,63,1.5204
2004-10-28T16:00:00Z,5,139,21.3,61.9,1.5463
2004-10-28T17:00:00Z,6.5,149,20.8,64,1.5522
2004-10-28T18:00:00Z,5.9,136,20.3,66.7,1.5656
2004-10-28T19:00:00Z,2.7,103,19.7,64.5,1.4594
2004-10-28T20:00:00Z,2.5,112,19.4,64,1.4282
2004-10-28T21:00:00Z,1.5,88,20.1,60.8,1.4152
2004-10-28T22:00:00Z,1,63,20.4,60.4,1.4263
2004-10-28T23:00:00Z,1.2,69,20.1,62.6,1.4543
2004-10-29T00:00:00Z,1,65,19.9,64.9,1.4905
2004-10-29T01:00:00Z,0.8,50,18.2,74.7,1.5441
2004-10-29T02:00:00Z,0.6,43,18.4,73.8,1.5463
2004-10-29T05:00:00Z,1.1,69,18.5,76.4,1.6112
2004-10-29T06:00:00Z,1.3,91,19.3,71.6,1.5844
2004-10-29T07:00:00Z,2.9,111,20.2,66.9,1.5643
2004-10-29T08:00:00Z,3.7,124,20.8,64.7,1.5692
2004-10-29T09:00:00Z,3,119,21.9,61.8,1.6021
2004-10-29T10:00:00Z,1.4,77,23.5,57.7,1.6515
2004-10-29T11:00:00Z,2.6,101,19.8,81,1.8538
2004-10-29T12:00:00Z,4.2,116,20.2,86.5,2.0224
2004-10-29T13:00:00Z,5.1,137,20.2,82.2,1.9184
2004-10-29T14:00:00Z,5.5,163,19.7,82.2,1.8669
2004-10-29T15:00:00Z,4.5,144,20.2,79.1,1.85
2004-10-29T16:00:00Z,2.7,118,20.1,75.4,1.751
2004-10-29T17:00:00Z,3.1,135,20.2,72.3,1.6893
2004-10-29T18:00:00Z,4.2,129,20,73.3,1.693
2004-10-29T19:00:00Z,3.1,128,18.3,74.9,1.5583
2004-10-29T20:00:00Z,1.7,103,18.9,70.4,1.5259
2004-10-29T21:00:00Z,1.8,116,17.3,76.3,1.4919
2004-10-29T22:00:00Z,1.7,95,17.1,77.9,1.5081
2004-10-29T23:00:00Z,2.1,107,17.3,79.3,1.5569
2004-10-30T00:00:00Z,2.4,108,17.3,79.9,1.5643
2004-10-30T01:00:00Z,1.8,94,16.9,80.6,1.5372
2004-10-30T02:00:00Z,1.5,84,16.9,81.4,1.551
2004-10-30T05:00:00Z,1,76,16.7,79.7,1.503
2004-10-30T06:00:00Z,1.4,82,16.8,79,1.4978
2004-10-30T07:00:00Z,2.4,94,16.8,79.8,1.5115
2004-10-30T08:00:00Z,3.1,102,16.9,79.9,1.5253
2004-10-30T09:00:00Z,3,106,17.4,79.3,1.5593
2004-10-30T10:00:00Z,2.7,108,18,76.6,1.5706
2004-10-30T11:00:00Z,4,152,21.2,64.4,1.6015
2004-10-30T12:00:00Z,3.7,160,22.4,60.8,1.6261
2004-10-30T13:00:00Z,3.4,133,22.6,61.1,1.6596
2004-10-30T14:00:00Z,3.4,147,23.6,57.3,1.645
2004-10-30T15:00:00Z,3.2,135,23.5,58.3,1.664
2004-10-30T16:00:00Z,3.9,135,22.9,61.6,1.7014
2004-10-30T17:00:00Z,3.7,129,22.3,64.3,1.7055
2004-10-30T18:00:00Z,4.3,117,21.6,68,1.7305
2004-10-30T19:00:00Z,4.9,116,21.2,67.4,1.6755
2004-10-30T20:00:00Z,4,109,20.8,65.8,1.6001
2004-10-30T21:00:00Z,2.8,96,20.4,64.8,1.5379
2004-10-30T22:00:00Z,2.4,90,20.1,66.7,1.5548
2004-10-30T23:00:00Z,1.9,82,19.5,70,1.5711
2004-10-31T00:00:00Z,2,86,19.3,70.4,1.5578
2004-10-31T01:00:00Z,1.5,72,19.7,68.6,1.5563
2004-10-31T02:00:00Z,1.3,61,19.7,68.2,1.5484
2004-10-31T05:00:00Z,0.5,37,18.9,71.3,1.5449
2004-10-31T06:00:00Z,0.4,31,18.1,79,1.6224
2004-10-31T07:00:00Z,0.4,30,20.4,71.2,1.6834
2004-10-31T08:00:00Z,0.9,41,20.6,70.7,1.6996
2004-10-31T09:00:00Z,1.3,64,19.3,74.1,1.6391
2004-10-31T10:00:00Z,2.1,74,22.2,64.4,1.7005
2004-10-31T11:00:00Z,2.4,77,23,64.6,1.7851
2004-10-31T12:00:00Z,2,83,24.3,57.4,1.7233
2004-10-31T13:00:00Z,1.8,71,22,67,1.7441
2004-10-31T14:00:00Z,1.5,62,22.9,65.7,1.8148
2004-10-31T15:00:00Z,1.6,62,23.2,63.9,1.7957
2004-10-31T16:00:00Z,2.2,79,23,62.3,1.7248000000000001
2004-10-31T17:00:00Z,2.3,93,22.4,63.2,1.6878
2004-10-31T18:00:00Z,6.6,106,21.7,66.6,1.7077
2004-10-31T19:00:00Z,4.7,100,21.2,70.3,1.7476
2004-10-31T20:00:00Z,4.1,89,20.8,70.9,1.7203
2004-10-31T21:00:00Z,4.1,83,20,73.2,1.6965
2004-10-31T22:00:00Z,2.7,76,19.7,73.7,1.6708
2004-10-31T23:00:00Z,2.6,68,19.9,72.6,1.6681
2004-11-01T00:00:00Z,3.2,69,20.1,71.3,1.6564
2004-11-01T01:00:00Z,3.7,77,20.1,71.1,1.6498
2004-11-01T02:00:00Z,3.5,68,19.6,73.2,1.6543
2004-11-01T05:00:00Z,2.7,49,18.4,78.1,1.637
2004-11-01T06:00:00Z,1.8,45,19.2,74.7,1.6398
2004-11-01T07:00:00Z,1.3,51,19.4,75.1,1.6766
2004-11-01T08:00:00Z,1.5,51,19.1,75.6,1.6519
2004-11-01T09:00:00Z,1.9,62,20.3,71.1,1.6803
2004-11-01T10:00:00Z,2.2,74,23.1,61.3,1.7131
2004-11-01T11:00:00Z,2.6,88,25.1,56,1.7565
2004-11-01T12:00:00Z,2.7,90,25.8,56.1,1.841
2004-11-01T13:00:00Z,2.5,91,23.7,68.2,1.9739
2004-11-01T14:00:00Z,1.5,64,23.1,70.8,1.98
2004-11-01T15:00:00Z,2,72,23.9,66.3,1.9361
2004-11-01T16:00:00Z,3.1,88,23.8,65,1.8897
2004-11-01T17:00:00Z,3.7,110,23.2,65.6,1.8435
2004-11-01T18:00:00Z,4,95,21.8,72.7,1.8789
2004-11-01T19:00:00Z,4.1,91,21.7,67.3,1.7256
2004-11-01T20:00:00Z,3.1,94,21.3,66.3,1.6594
2004-11-01T21:00:00Z,3.2,86,20.4,71.6,1.7004
2004-11-01T22:00:00Z,3.2,79,19.6,75.3,1.6981
2004-11-01T23:00:00Z,2.7,71,19.3,75.8,1.6762
2004-11-02T00:00:00Z,2.3,62,18.4,76.3,1.6017
2004-11-02T01:00:00Z,1.6,56,18.2,76.4,1.5787
2004-11-02T02:00:00Z,1.1,49,17.9,74.8,1.5219
2004-11-02T05:00:00Z,0.6,35,17.6,73.2,1.4555
2004-11-02T06:00:00Z,0.5,37,17.9,69.3,1.4099
2004-11-02T07:00:00Z,1.5,56,16.1,76.3,1.3902
2004-11-02T08:00:00Z,3.4,85,17.1,72.8,1.4054
2004-11-02T09:00:00Z,4.4,112,20.8,57.9,1.407
2004-11-02T10:00:00Z,4.4,107,20.6,60.2,1.4428
2004-11-02T11:00:00Z,5.8,151,22.1,56.6,1.4851
2004-11-02T12:00:00Z,4.9,151,24,50,1.4679
2004-11-02T13:00:00Z,5.1,150,25.7,45.6,1.487
2004-11-02T14:00:00Z,7.5,190,25.5,49.7,1.5985
2004-11-02T15:00:00Z,5.8,168,25.2,50.6,1.5989
2004-11-02T16:00:00Z,5.9,127,25.4,50.7,1.6187
2004-11-02T17:00:00Z,6.8,140,24.4,56,1.6885
2004-11-02T18:00:00Z,7.9,158,23,62.1,1.7283
2004-11-02T19:00:00Z,8,121,21.8,65.3,1.6889
2004-11-02T20:00:00Z,9.2,119,20.9,67.5,1.6539
2004-11-02T21:00:00Z,5.9,96,20.2,68.6,1.6034
2004-11-02T22:00:00Z,3.7,77,19.3,70.8,1.5728
2004-11-02T23:00:00Z,2.6,66,19.2,68.8,1.5097
2004-11-03T00:00:00Z,1.1,56,20.4,61.1,1.4495
2004-11-03T01:00:00Z,2.6,62,18,71.5,1.4615
2004-11-03T02:00:00Z,2.2,58,17.5,73.2,1.4515
2004-11-03T05:00:00Z,0.5,35,16.8,71.9,1.3628
2004-11-03T06:00:00Z,0.7,50,16.9,70.5,1.3504
2004-11-03T07:00:00Z,1.3,64,17,70.1,1.3512
2004-11-03T08:00:00Z,2.2,75,18.8,62.5,1.3401
2004-11-03T09:00:00Z,3.7,101,20.3,58.4,1.3745
2004-11-03T10:00:00Z,3.7,94,23.7,49.1,1.423
2004-11-03T11:00:00Z,3.4,95,26.6,42.8,1.4713
2004-11-03T12:00:00Z,3.4,124,26.2,43.5,1.4591
2004-11-03T13:00:00Z,2.6,86,26.3,43.6,1.4663
2004-11-03T14:00:00Z,2.5,79,26.6,42.5,1.4568
2004-11-03T15:00:00Z,2.5,87,26.3,43.7,1.4718
2004-11-03T16:00:00Z,2.7,94,25.6,46.2,1.4903
2004-11-03T17:00:00Z,3.2,107,25.1,47.6,1.4983
2004-11-03T18:00:00Z,3.7,107,23.8,51.4,1.4956
2004-11-03T19:00:00Z,4.6,117,23.3,53.1,1.496
2004-11-03T20:00:00Z,3.3,97,22.4,55.2,1.4735
2004-11-03T21:00:00Z,2.4,90,21.7,57.7,1.4766
2004-11-03T22:00:00Z,2.8,86,20.5,63,1.5043
2004-11-03T23:00:00Z,2.7,77,19.5,67.6,1.5156
2004-11-04T00:00:00Z,1.8,66,18.7,69,1.4727
2004-11-04T01:00:00Z,1.1,57,19.3,65.5,1.45
2004-11-04T02:00:00Z,1.2,55,17.6,70.8,1.4105
2004-11-04T04:00:00Z,0.6,40,17.8,68.1,1.3722
2004-11-04T05:00:00Z,0.5,40,16.1,73.5,1.3329
2004-11-04T06:00:00Z,0.7,46,15.8,73.5,1.3151
2004-11-04T07:00:00Z,0.8,53,17,68,1.3102
2004-11-04T08:00:00Z,3.5,84,16,72.2,1.3077
2004-11-04T09:00:00Z,3.6,88,17.8,65.4,1.3213
2004-11-04T18:00:00Z,8.7,171,23.1,61.1,1.7082
2004-11-04T19:00:00Z,5.8,124,22.2,63.7,1.6865
2004-11-04T20:00:00Z,4.3,97,21.1,66.1,1.6313
2004-11-04T21:00:00Z,3.6,92,20,69,1.5956
2004-11-04T22:00:00Z,3.9,96,19.1,72,1.5732
2004-11-04T23:00:00Z,2.4,74,18.8,70.6,1.5209
2004-11-05T00:00:00Z,1.6,65,18.5,69.5,1.4657
2004-11-05T01:00:00Z,1.8,62,18.4,68.5,1.439
2004-11-05T02:00:00Z,1.5,59,16.8,73.3,1.3915
2004-11-05T04:00:00Z,0.5,41,16.5,71,1.3239
2004-11-05T05:00:00Z,0.4,38,16.9,67.9,1.295
2004-11-05T06:00:00Z,0.5,43,16.1,69.3,1.2591
2004-11-05T07:00:00Z,0.8,52,16.1,69.6,1.2593
2004-11-05T08:00:00Z,2,75,16.2,70.1,1.2837
2004-11-05T09:00:00Z,6.2,118,16.5,69.3,1.2897
2004-11-05T10:00:00Z,4.5,126,19.6,58.3,1.3141
2004-11-05T11:00:00Z,4.6,151,20.7,55.5,1.3414
2004-11-05T12:00:00Z,3.3,107,20.8,56.3,1.3664
2004-11-05T13:00:00Z,3.6,114,21.7,53.1,1.3649
2004-11-05T14:00:00Z,4.4,125,23,49,1.362
2004-11-05T15:00:00Z,4.3,138,24.2,44,1.3078
2004-11-05T16:00:00Z,5,144,24.7,43.6,1.3396
2004-11-05T17:00:00Z,8.1,180,23,54.2,1.5066
2004-11-05T18:00:00Z,8,154,21.4,60.9,1.5322
2004-11-05T19:00:00Z,3.6,105,20.3,61.4,1.4417
2004-11-05T20:00:00Z,2.9,98,20,63.2,1.4581
2004-11-05T21:00:00Z,2.7,93,19.1,64.4,1.405
2004-11-05T22:00:00Z,1.9,76,18.1,67.5,1.3855
2004-11-05T23:00:00Z,1.3,69,17.8,66.9,1.3464
2004-11-06T00:00:00Z,1.2,66,17.6,66.5,1.3249
2004-11-06T01:00:00Z,1.8,76,16.1,71.2,1.2948
2004-11-06T02:00:00Z,1.9,73,15.5,73.3,1.2845
2004-11-06T04:00:00Z,0.9,54,15.6,70.8,1.2461
2004-11-06T05:00:00Z,0.5,44,17,64.5,1.2374
2004-11-06T06:00:00Z,0.6,45,14.9,72.3,1.2186
2004-11-06T07:00:00Z,1.1,58,14,76.6,1.2183
2004-11-06T08:00:00Z,2.8,87,14.6,74.2,1.2256
2004-11-06T09:00:00Z,2.9,97,15.9,69.8,1.253
2004-11-06T10:00:00Z,1.7,80,18.4,61.3,1.2854
2004-11-06T11:00:00Z,2.3,82,20,56.7,1.3078
2004-11-06T12:00:00Z,3.3,112,20.4,57,1.3507
2004-11-06T13:00:00Z,3.5,121,20.7,59.3,1.4283
2004-11-06T14:00:00Z,3.8,132,21.7,54.8,1.4024
2004-11-06T15:00:00Z,3.4,141,22,54.2,1.4096
2004-11-06T16:00:00Z,3.8,130,21.4,57.1,1.4356
2004-11-06T17:00:00Z,3.6,113,20.8,58.7,1.4259
2004-11-06T18:00:00Z,3.5,101,20.1,59.6,1.3852
2004-11-06T19:00:00Z,2.8,91,20,58.4,1.3473
2004-11-06T20:00:00Z,2.5,90,19.5,58.9,1.3195
2004-11-06T21:00:00Z,3.1,90,19.5,57.4,1.2874
2004-11-06T22:00:00Z,1.8,83,19.1,59.2,1.295
2004-11-06T23:00:00Z,1.6,73,18.8,59.1,1.2702
2004-11-07T00:00:00Z,1.9,80,18,60.4,1.2331
2004-11-07T01:00:00Z,2,87,17.5,60.7,1.2009
2004-11-07T02:00:00Z,1.4,79,17.5,59.4,1.1768
2004-11-07T05:00:00Z,0.7,42,16.1,49.8,0.9021
2004-11-07T06:00:00Z,0.4,31,15.5,51.5,0.9026
2004-11-07T07:00:00Z,0.4,35,15.1,52,0.8878
2004-11-07T08:00:00Z,0.5,51,14.9,46.8,0.7885
2004-11-07T09:00:00Z,0.7,58,15.5,42.4,0.74
2004-11-07T10:00:00Z,0.7,57,16.6,38.2,0.7186
2004-11-07T11:00:00Z,0.7,63,18,34.7,0.7089
2004-11-07T12:00:00Z,1,61,18,35.1,0.7176
2004-11-07T13:00:00Z,1,34,17.6,33.8,0.6726
2004-11-07T14:00:00Z,0.9,26,17.5,33.7,0.6691
2004-11-07T15:00:00Z,0.9,28,17.2,33.9,0.6591
2004-11-07T16:00:00Z,0.9,50,16.8,32.1,0.6073
2004-11-07T17:00:00Z,1.1,55,16,34.1,0.6155
2004-11-07T18:00:00Z,3.2,84,14.8,37.5,0.6259
2004-11-07T19:00:00Z,3.1,140,14.4,39.2,0.6407
2004-11-07T20:00:00Z,3.1,138,14.1,43,0.6883
2004-11-07T21:00:00Z,2.3,127,13.4,48.4,0.7397
2004-11-07T22:00:00Z,1.8,117,12.7,51.2,0.7505
2004-11-07T23:00:00Z,0.8,57,9.9,71.4,0.8736
2004-11-08T00:00:00Z,0.9,59,10.2,71.6,0.8893
2004-11-08T01:00:00Z,0.8,62,10.6,61.3,0.7856
2004-11-08T02:00:00Z,0.7,42,11.1,55.6,0.7344
2004-11-08T04:00:00Z,0.2,13,11.3,49.5,0.6615
2004-11-08T05:00:00Z,0.2,18,10.8,50.9,0.657
2004-11-08T06:00:00Z,0.3,26,10.9,50.1,0.6519
2004-11-08T07:00:00Z,0.7,72,10.8,49.7,0.6429
2004-11-08T08:00:00Z,1.7,131,10.7,50.4,0.6467
2004-11-08T09:00:00Z,1.8,133,10.9,50,0.6531
2004-11-08T10:00:00Z,1.5,116,12.1,46.5,0.653
2004-11-08T11:00:00Z,1.3,117,12.4,44.1,0.6324
2004-11-08T12:00:00Z,1.2,103,13,40.1,0.5989
2004-11-08T13:00:00Z,1.3,100,13.4,36.3,0.5556
2004-11-08T14:00:00Z,1.8,105,13.1,38.5,0.5776
2004-11-08T15:00:00Z,1.7,121,11.5,46.4,0.6302
2004-11-08T16:00:00Z,2.2,132,13.1,40.4,0.606
2004-11-08T17:00:00Z,3.2,156,13,39.3,0.5877
2004-11-08T18:00:00Z,5.9,183,11.3,50.9,0.679
2004-11-10T04:00:00Z,0.2,29,8,64.5,0.695
2004-11-10T05:00:00Z,0.2,26,8.1,68.6,0.7409
2004-11-10T06:00:00Z,0.3,39,6.3,84.8,0.8148
2004-11-10T07:00:00Z,0.5,72,6.7,79.8,0.7872
2004-11-10T08:00:00Z,1.4,128,7.1,77.9,0.7914
2004-11-10T09:00:00Z,2,149,7.9,73.5,0.7883
2004-11-10T10:00:00Z,1.6,165,6.9,86,0.8632
2004-11-10T11:00:00Z,1.3,150,6.8,87.1,0.8652
2004-11-10T12:00:00Z,1.4,165,8,81.6,0.8755
2004-11-10T13:00:00Z,1.9,175,9.5,70,0.8296
2004-11-10T14:00:00Z,2.7,145,10.5,62.2,0.7923
2004-11-10T15:00:00Z,2.1,98,11.4,59.1,0.7963
2004-11-10T16:00:00Z,2.4,105,11.1,58.6,0.7737
2004-11-10T17:00:00Z,2.7,106,10.8,57.6,0.7473
2004-11-10T18:00:00Z,2.5,141,10.6,56.9,0.7281
2004-11-10T19:00:00Z,3.7,177,10.6,59.3,0.7588
2004-11-10T20:00:00Z,4.6,182,10,71.5,0.8768
2004-11-10T21:00:00Z,3.9,193,10.3,71.1,0.8878
2004-11-10T22:00:00Z,2.2,148,10.5,70.3,0.893
2004-11-10T23:00:00Z,2.7,167,10.2,71.3,0.8859
2004-11-11T00:00:00Z,2.6,158,9.7,73.1,0.8787
2004-11-11T01:00:00Z,2.1,132,9.3,73.5,0.8651
2004-11-11T02:00:00Z,1.4,97,9.2,73.9,0.8616
2004-11-11T04:00:00Z,1.1,74,7.6,81.2,0.8483
2004-11-11T05:00:00Z,1.1,68,7.5,81.5,0.8495
2004-11-11T06:00:00Z,1.1,89,8.3,77.2,0.8464
2004-11-11T07:00:00Z,1.5,117,8.9,75.6,0.8667
2004-11-11T08:00:00Z,3.1,190,9.2,81.7,0.9506
2004-11-11T09:00:00Z,6.8,211,9.9,83.4,1.0194
2004-11-11T10:00:00Z,5.4,190,10.2,82.3,1.0253
2004-11-11T11:00:00Z,4.5,194,11.2,80.7,1.0688
2004-11-11T12:00:00Z,3,210,11.8,76.1,1.0516
2004-11-11T13:00:00Z,2.8,199,12.5,71.3,1.0285
2004-11-11T14:00:00Z,3.9,178,13.2,68.4,1.0346
2004-11-11T15:00:00Z,3.4,184,12.5,73.2,1.0563
2004-11-11T16:00:00Z,3.2,186,12.2,75.7,1.0693
2004-11-11T17:00:00Z,2.8,168,11.5,78.1,1.0565
2004-11-11T18:00:00Z,3.9,187,11.6,76,1.0354
2004-11-11T19:00:00Z,3.5,166,12,73.3,1.0264
2004-11-11T20:00:00Z,4.7,177,12.9,68.8,1.0175
2004-11-11T21:00:00Z,4.6,207,13.1,69.6,1.0464
2004-11-11T22:00:00Z,1.2,114,12.3,73.4,1.049
2004-11-11T23:00:00Z,1.1,84,12.7,71,1.0387
2004-11-12T00:00:00Z,1.2,92,12.9,69.9,1.0371
2004-11-12T01:00:00Z,1.6,111,12.9,70.5,1.0442
2004-11-12T02:00:00Z,0.7,71,13.1,67.7,1.0198
2004-11-12T05:00:00Z,0.6,50,13.7,64.4,1.0036
2004-11-12T06:00:00Z,0.5,53,13.9,63.8,1.0079
2004-11-12T07:00:00Z,0.6,67,14.1,64.5,1.0287
2004-11-12T08:00:00Z,1.4,113,14,66.1,1.0488
2004-11-12T09:00:00Z,2,140,14.2,66.4,1.0673
2004-11-12T10:00:00Z,1.6,116,14.9,62.5,1.0529
2004-11-12T11:00:00Z,1.6,122,16.3,58.4,1.0729
2004-11-12T12:00:00Z,1.7,116,16.9,56.5,1.0801
2004-11-12T13:00:00Z,2,118,17.4,55.8,1.098
2004-11-12T14:00:00Z,2.3,125,17.4,57.3,1.1328
2004-11-12T15:00:00Z,2.4,126,17.7,55.5,1.1127
2004-11-12T16:00:00Z,2.2,135,16.8,58.9,1.1199
2004-11-12T17:00:00Z,2.6,140,17,57.5,1.1071
2004-11-12T18:00:00Z,4,163,16.2,60.2,1.1003
2004-11-12T19:00:00Z,5.2,178,16.7,58,1.0916
2004-11-12T20:00:00Z,3.9,160,16.5,58.8,1.0921
2004-11-12T21:00:00Z,3.8,166,15.8,61.1,1.0856
2004-11-12T22:00:00Z,1.6,115,15.7,60.8,1.0769
2004-11-12T23:00:00Z,1.5,107,15.9,59.6,1.0673
2004-11-13T00:00:00Z,1.6,108,15.6,60,1.0594
2004-11-13T01:00:00Z,1.5,111,15.6,60.1,1.0557
2004-11-13T02:00:00Z,1,75,15.7,59.5,1.0534
2004-11-13T04:00:00Z,1.3,88,15.6,61.7,1.0847
2004-11-13T05:00:00Z,1,71,15.8,59.9,1.0693
2004-11-13T06:00:00Z,1,75,15.2,61.8,1.0602
2004-11-13T07:00:00Z,0.9,86,16.1,55.4,1.0089
2004-11-13T08:00:00Z,2.1,124,14.9,64.1,1.0773
2004-11-13T09:00:00Z,2.1,128,15.6,62,1.0904
2004-11-13T10:00:00Z,3.1,164,17.9,54.6,1.11
2004-11-13T11:00:00Z,3.8,199,21.1,44.5,1.0964
2004-11-13T12:00:00Z,3.7,192,20.3,46.7,1.0971
2004-11-13T13:00:00Z,3.6,166,21.5,42.7,1.0837
2004-11-13T14:00:00Z,3.3,133,21.5,43.1,1.0919
2004-11-13T15:00:00Z,2.1,118,21.5,43.4,1.0965
2004-11-13T16:00:00Z,2.3,133,20.8,45.5,1.1054
2004-11-13T17:00:00Z,2.1,128,19.2,49.6,1.0893
2004-11-13T18:00:00Z,1.9,116,18.3,51.6,1.0732
2004-11-13T19:00:00Z,1.9,118,17.7,51.5,1.0357
2004-11-13T20:00:00Z,2.3,142,17.2,51.5,1.0015
2004-11-13T21:00:00Z,1.7,113,15.9,54.9,0.9853
2004-11-13T22:00:00Z,0.8,59,14,55.2,0.8807
2004-11-13T23:00:00Z,0.8,52,13.3,53,0.8044
2004-11-14T00:00:00Z,0.8,57,11.9,55.5,0.7711
2004-11-14T01:00:00Z,0.8,58,11.4,54.6,0.7363
2004-11-14T02:00:00Z,0.6,44,10.4,53.7,0.67490000000000006
2004-11-14T04:00:00Z,0.3,26,9.8,51.3,0.6225
2004-11-14T05:00:00Z,0.3,20,9.5,52.2,0.6198
2004-11-14T06:00:00Z,0.2,17,10,45.7,0.5598
2004-11-14T07:00:00Z,0.2,21,10.2,41.9,0.5209
2004-11-14T08:00:00Z,0.3,29,10.6,36.1,0.4624
2004-11-14T09:00:00Z,0.3,39,10.7,36,0.4623
2004-11-14T10:00:00Z,0.4,41,10.8,35.4,0.4583
2004-11-14T11:00:00Z,0.4,44,11.4,32.9,0.4435
2004-11-14T12:00:00Z,0.6,54,12.4,32,0.4583
2004-11-14T13:00:00Z,0.6,62,12.4,31.3,0.45
2004-11-14T14:00:00Z,0.6,62,12.2,31.8,0.4514
2004-11-14T15:00:00Z,0.5,48,10.5,37.9,0.4821
2004-11-14T16:00:00Z,0.6,59,9.6,44.2,0.5289
2004-11-14T17:00:00Z,0.7,63,8.2,57.9,0.6293
2004-11-14T18:00:00Z,1.4,78,7.3,63.5,0.6519
2004-11-14T19:00:00Z,1.2,99,8.4,55.7,0.6155
2004-11-14T20:00:00Z,1.1,106,9.1,49.6,0.5765
2004-11-14T21:00:00Z,1,97,10,41.4,0.5102
2004-11-14T22:00:00Z,0.6,67,10.4,36.2,0.4561
2004-11-14T23:00:00Z,0.8,73,11.3,32.3,0.4329
2004-11-15T00:00:00Z,0.6,62,10.9,33.5,0.4378
2004-11-15T01:00:00Z,0.5,44,10.6,34.9,0.4455
2004-11-15T02:00:00Z,0.3,31,10.7,36.1,0.4639
2004-11-15T05:00:00Z,0.3,22,10.4,38.6,0.4862
2004-11-15T06:00:00Z,0.4,41,10.4,37.4,0.4717
2004-11-15T07:00:00Z,0.7,94,10.5,37,0.4707
2004-11-15T08:00:00Z,2,167,10.7,37.9,0.487
2004-11-15T09:00:00Z,2.4,162,11.1,38.1,0.5023
2004-11-15T10:00:00Z,1.8,141,12.6,36.6,0.5314
2004-11-15T11:00:00Z,1.6,127,13.8,36.2,0.569
2004-11-15T12:00:00Z,1.7,116,13.4,37.1,0.5683
2004-11-15T13:00:00Z,1.8,104,13.5,34.9,0.5393
2004-11-15T14:00:00Z,1.7,111,13.7,32.2,0.5032
2004-11-15T15:00:00Z,1.7,114,13.6,32.1,0.4977
2004-11-15T16:00:00Z,1.7,121,13.5,31.8,0.4876
2004-11-15T17:00:00Z,2.6,164,13.5,27.9,0.4287
2004-11-15T18:00:00Z,4,194,12.7,28.9,0.4233
2004-11-15T19:00:00Z,3.8,175,12.6,30.2,0.4384
2004-11-15T20:00:00Z,4,180,12.3,32,0.4553
2004-11-15T21:00:00Z,2.4,147,12,34.3,0.4787
2004-11-15T22:00:00Z,1.4,112,11.6,37.3,0.5095
2004-11-15T23:00:00Z,1.3,94,11.3,40.3,0.5406
2004-11-16T00:00:00Z,1.3,91,11.3,41.8,0.561
2004-11-16T01:00:00Z,1,76,11.2,42,0.5582
2004-11-16T02:00:00Z,0.8,73,11,42.6,0.5595
2004-11-16T04:00:00Z,0.4,32,11.1,40.8,0.5395
2004-11-16T05:00:00Z,0.5,40,10.7,41.8,0.536
2004-11-16T06:00:00Z,0.5,63,10.2,43.6,0.5405
2004-11-16T07:00:00Z,0.9,119,10.1,44,0.5434
2004-11-16T08:00:00Z,3.5,202,10.1,45.6,0.5632
2004-11-16T09:00:00Z,5.2,222,11.3,43.9,0.5867
2004-11-16T10:00:00Z,4.3,212,14.5,33.8,0.5541
2004-11-16T11:00:00Z,3.5,219,17.5,26.4,0.5228
2004-11-16T12:00:00Z,2.6,189,17.2,22.4,0.4354
2004-11-16T13:00:00Z,2.5,147,17.3,20.4,0.4011
2004-11-16T14:00:00Z,2.8,161,18.1,21,0.4321
2004-11-16T15:00:00Z,2.2,148,17.9,22.3,0.4537
2004-11-16T16:00:00Z,2.4,148,17.6,23.7,0.473
2004-11-16T17:00:00Z,3.5,188,16.7,25.9,0.4886
2004-11-16T18:00:00Z,4.2,206,14.8,29.6,0.4965
2004-11-16T19:00:00Z,3.1,168,13.6,34,0.5251
2004-11-16T20:00:00Z,3.2,171,13.4,40.4,0.6178
2004-11-16T21:00:00Z,2.8,171,11.8,44.3,0.6121
2004-11-16T22:00:00Z,2.2,142,10.7,47.5,0.6108
2004-11-16T23:00:00Z,1.8,134,10.2,49.4,0.6138
2004-11-17T00:00:00Z,1.7,107,9.5,51,0.6045
2004-11-17T01:00:00Z,1.6,121,7.7,57.9,0.6107
2004-11-17T02:00:00Z,1.1,85,8.4,54.5,0.6022
2004-11-17T04:00:00Z,0.7,68,6.2,61,0.5824
2004-11-17T05:00:00Z,0.8,69,6.8,58.6,0.5813
2004-11-17T06:00:00Z,0.9,81,5.7,62.7,0.5801
2004-11-17T07:00:00Z,1.2,92,5.9,62,0.5811
2004-11-17T08:00:00Z,3.3,200,6.3,61.7,0.5926
2004-11-17T09:00:00Z,3.8,201,7.5,58.8,0.6117
2004-11-17T10:00:00Z,3.2,213,11.4,45.4,0.6113
2004-11-17T12:00:00Z,3.2,187,13.3,42.3,0.6448
2004-11-17T13:00:00Z,4.2,205,14.7,38.9,0.6462
2004-11-17T14:00:00Z,4.3,212,16.5,32.9,0.6127
2004-11-17T15:00:00Z,4,198,17.4,32.7,0.6422
2004-11-17T16:00:00Z,4.1,171,17.3,33.9,0.6627
2004-11-17T17:00:00Z,7.8,272,16,41.5,0.7483
2004-11-17T18:00:00Z,10.2,192,13.7,52.8,0.8244
2004-11-17T19:00:00Z,6.6,288,13,55.1,0.824
2004-11-17T20:00:00Z,4.3,254,12.4,56.8,0.8141
2004-11-17T21:00:00Z,4.9,267,10.7,62.1,0.7972
2004-11-17T22:00:00Z,2.6,198,10.5,61.1,0.7755
2004-11-17T23:00:00Z,2.3,145,9.7,62.5,0.7509
2004-11-18T00:00:00Z,2.7,167,8.8,65.5,0.7435
2004-11-18T01:00:00Z,2.2,127,8.8,63.8,0.7236
2004-11-18T02:00:00Z,2,119,8.5,65,0.7221
2004-11-18T04:00:00Z,1.2,84,6.4,74,0.7134
2004-11-18T05:00:00Z,1.1,89,5.9,76.6,0.7179
2004-11-18T06:00:00Z,1.4,122,6.1,76.7,0.7271
2004-11-18T07:00:00Z,2.1,162,6.8,74.5,0.7415
2004-11-18T08:00:00Z,4.5,225,7.7,72.5,0.7666
2004-11-18T09:00:00Z,5.6,249,8.9,67.4,0.7714
2004-11-18T10:00:00Z,5.6,282,11.4,58.3,0.7868
2004-11-18T11:00:00Z,4.7,278,13.4,52.8,0.8086
2004-11-18T12:00:00Z,4.2,251,15.8,50.1,0.892
2004-11-18T13:00:00Z,3.6,208,18.3,50,1.0431
2004-11-18T14:00:00Z,3.2,187,18.8,49.2,1.0548
2004-11-18T15:00:00Z,3.1,182,18.4,49.6,1.0391
2004-11-18T16:00:00Z,3.8,212,18.3,51,1.0586
2004-11-18T17:00:00Z,3.9,174,17.6,53.1,1.0596
2004-11-18T18:00:00Z,4.6,220,17.3,53.6,1.0472
2004-11-18T19:00:00Z,4.9,214,16.8,55.2,1.048
2004-11-18T20:00:00Z,5.4,212,16.6,56.5,1.0551
2004-11-18T21:00:00Z,4.3,191,16.3,58.1,1.0648
2004-11-18T22:00:00Z,3.1,160,15.9,59,1.059
2004-11-18T23:00:00Z,2.5,130,15.9,59.4,1.0628
2004-11-19T00:00:00Z,2.4,133,15.7,60.9,1.0774
2004-11-19T01:00:00Z,1.9,110,16.1,59.5,1.0811
2004-11-19T02:00:00Z,1.3,65,15.5,63.8,1.1119
2004-11-19T04:00:00Z,1.1,41,14.7,64.4,1.0704
2004-11-19T05:00:00Z,0.9,36,14.7,59.8,0.9968
2004-11-19T06:00:00Z,1,45,15.4,55.9,0.9722
2004-11-19T07:00:00Z,1.6,98,14.5,63,1.0319
2004-11-19T08:00:00Z,4.8,194,14.7,63.1,1.0513
2004-11-19T09:00:00Z,5.9,191,15.2,62.2,1.0641
2004-11-19T10:00:00Z,5.6,193,16.1,59.2,1.0736
2004-11-19T11:00:00Z,3.5,231,17,55.9,1.0741
2004-11-19T12:00:00Z,2.8,202,17.6,52.2,1.0396
2004-11-19T13:00:00Z,3.6,188,17.3,55.4,1.0836
2004-11-19T14:00:00Z,4.8,184,17.8,53.5,1.0833
2004-11-19T15:00:00Z,5,222,18.3,52.3,1.0922
2004-11-19T16:00:00Z,5.6,221,18.3,52.8,1.1016
2004-11-19T17:00:00Z,7.5,193,17.7,56.6,1.133
2004-11-19T18:00:00Z,7.2,187,17.3,58.2,1.1435
2004-11-19T19:00:00Z,8.3,188,16.2,62.6,1.1455
2004-11-19T20:00:00Z,8.6,185,15.2,57.5,0.9829
2004-11-19T21:00:00Z,4.3,146,14.2,27.7,0.4451
2004-11-19T22:00:00Z,2.6,120,13.4,14.3,0.2185
2004-11-19T23:00:00Z,2.6,110,12.8,14.8,0.218
2004-11-20T00:00:00Z,2.7,121,12.2,14,0.1988
2004-11-20T01:00:00Z,2.7,126,12,14.5,0.2029
2004-11-20T02:00:00Z,2.6,117,10.8,17,0.2193
2004-11-20T05:00:00Z,0.6,70,9,23.1,0.2648
2004-11-20T06:00:00Z,0.7,96,8.7,24.7,0.2785
2004-11-20T07:00:00Z,1.2,136,6.9,39.4,0.3948
2004-11-20T08:00:00Z,2,177,6.3,44.8,0.431
2004-11-20T09:00:00Z,2.8,214,7.2,43.2,0.4417
2004-11-20T10:00:00Z,2.9,243,11.9,27.9,0.3882
2004-11-20T11:00:00Z,2.2,192,14.8,17.9,0.2977
2004-11-20T12:00:00Z,1.6,149,14.8,14.3,0.2397
2004-11-20T13:00:00Z,1.5,141,14.7,15.5,0.2586
2004-11-20T14:00:00Z,1.9,137,14.7,16.6,0.2756
2004-11-20T15:00:00Z,1.5,138,14.8,15.6,0.2615
2004-11-20T16:00:00Z,1.8,149,15.3,14.3,0.2462
2004-11-20T17:00:00Z,3.4,196,13.5,19.5,0.3003
2004-11-20T18:00:00Z,4.6,239,11.1,31.8,0.4187
2004-11-20T19:00:00Z,1.6,164,10.2,33.4,0.4143
2004-11-20T20:00:00Z,1.2,149,9.5,35.9,0.4273
2004-11-20T21:00:00Z,1.2,159,8,39.8,0.4286
2004-11-20T22:00:00Z,0.9,149,6.6,44.1,0.4333
2004-11-20T23:00:00Z,0.7,133,6.1,45.2,0.4295
2004-11-21T00:00:00Z,2.5,216,5.2,50.8,0.452
2004-11-21T01:00:00Z,1.5,196,4.9,53,0.4629
2004-11-21T02:00:00Z,0.5,120,5.3,48.7,0.4364
2004-11-21T04:00:00Z,0.5,101,3.1,56.3,0.4368
2004-11-21T05:00:00Z,0.1,75,4.1,52.2,0.4338
2004-11-21T06:00:00Z,0.2,73,3.5,55.9,0.4431
2004-11-21T08:00:00Z,0.2,116,1.3,65.3,0.4457
2004-11-21T09:00:00Z,0.5,132,3.2,57,0.4434
2004-11-21T10:00:00Z,0.4,125,7.2,42.8,0.4356
2004-11-21T11:00:00Z,0.8,148,10.3,34.2,0.4291
2004-11-21T12:00:00Z,1.5,186,10.9,33.8,0.4393
2004-11-21T13:00:00Z,1.9,193,12.2,30,0.4245
2004-11-21T14:00:00Z,1.1,174,13.3,24.3,0.3686
2004-11-21T15:00:00Z,0.3,106,15.2,18.7,0.3214
2004-11-21T16:00:00Z,0.9,127,14.9,21.7,0.3646
2004-11-21T17:00:00Z,2.1,172,13.1,25.4,0.3814
2004-11-21T18:00:00Z,2.4,179,11.7,32.7,0.4472
2004-11-21T19:00:00Z,1.6,150,10.1,34.4,0.4249
2004-11-21T20:00:00Z,1.1,147,9.8,36,0.4364
2004-11-21T21:00:00Z,1.3,163,7.1,43.2,0.436
2004-11-21T22:00:00Z,0.8,145,5.9,47.8,0.4459
2004-11-21T23:00:00Z,1,186,5.3,50.5,0.453
2004-11-22T00:00:00Z,0.3,116,5.6,48,0.4412
2004-11-22T01:00:00Z,1,145,3.9,55.9,0.4568
2004-11-22T02:00:00Z,0.4,122,3.3,58,0.4551
2004-11-22T06:00:00Z,0.1,108,3.7,57.9,0.4651
2004-11-22T07:00:00Z,0.4,149,4.5,54.8,0.466
2004-11-22T08:00:00Z,2.4,232,4.9,55.8,0.4882
2004-11-22T09:00:00Z,3.1,215,5.4,55.1,0.497
2004-11-22T10:00:00Z,3.1,218,6.2,51.8,0.4952
2004-11-22T11:00:00Z,2.7,239,6.8,49.8,0.4959
2004-11-22T12:00:00Z,2.3,224,7.3,50.6,0.5184
2004-11-22T13:00:00Z,3,235,7.8,49,0.5191
2004-11-22T14:00:00Z,3.6,237,8,49.2,0.5282
2004-11-22T15:00:00Z,3.1,239,8.3,49.3,0.5414
2004-11-22T16:00:00Z,3.5,235,8.5,49.6,0.5517
2004-11-22T17:00:00Z,4,199,8.5,52.6,0.5856
2004-11-22T18:00:00Z,6.3,240,8.9,53.4,0.6117
2004-11-22T19:00:00Z,6.9,245,9.1,53.8,0.6216
2004-11-22T20:00:00Z,6.5,239,8.9,54.2,0.6183
2004-11-22T21:00:00Z,3.3,191,8.5,54.2,0.6054
2004-11-22T22:00:00Z,2.4,164,8.5,57.8,0.6432
2004-11-22T23:00:00Z,1.7,130,7.7,71.1,0.7503
2004-11-23T00:00:00Z,1.3,121,7.9,72.5,0.7766
2004-11-23T01:00:00Z,1.1,118,8,75.3,0.8079
2004-11-23T02:00:00Z,0.8,113,8,76.2,0.8217
2004-11-23T05:00:00Z,1.3,92,8.2,81.4,0.888
2004-11-23T06:00:00Z,1.4,98,8.5,81.1,0.8989
2004-11-23T07:00:00Z,2.1,111,8.9,79.3,0.9088
2004-11-23T08:00:00Z,4.5,139,9.5,77.9,0.9278
2004-11-23T09:00:00Z,5.7,160,9.9,77.6,0.9488
2004-11-23T10:00:00Z,6.6,183,10.7,76.2,0.9798
2004-11-23T11:00:00Z,5,185,11.8,72.2,0.9948
2004-11-23T12:00:00Z,5.3,198,13.3,66.9,1.0163
2004-11-23T13:00:00Z,5.4,201,13.8,67,1.0513
2004-11-23T14:00:00Z,7.3,233,13.9,67.6,1.0666
2004-11-23T15:00:00Z,5.1,202,14.2,66.8,1.073
2004-11-23T16:00:00Z,5.3,186,14.2,67.8,1.0879
2004-11-23T17:00:00Z,7.3,215,13.6,71,1.1018
2004-11-23T18:00:00Z,10.2,227,13.2,72.6,1.0936
2004-11-23T19:00:00Z,11.9,220,12.4,74.7,1.0741
2004-11-23T20:00:00Z,11.5,190,11.5,76.2,1.0324
2004-11-23T21:00:00Z,8.3,178,10.4,79.3,0.9993
2004-11-23T22:00:00Z,4.7,147,10,82.5,1.015
2004-11-23T23:00:00Z,4,138,10,82.6,1.0163
2004-11-24T00:00:00Z,3.9,135,10.1,83.5,1.0296
2004-11-24T01:00:00Z,2.8,123,10,83.6,1.0235
2004-11-24T02:00:00Z,2.3,106,10.4,80.8,1.0191
2004-11-24T04:00:00Z,1.4,81,10.6,78.8,1.008
2004-11-24T05:00:00Z,1,66,10.5,77.8,0.9839
2004-11-24T06:00:00Z,1,64,9.8,79.2,0.9567
2004-11-24T07:00:00Z,1.8,86,9.5,80.3,0.9532
2004-11-24T08:00:00Z,3.8,114,9.8,80.5,0.9724
2004-11-24T09:00:00Z,4.2,115,10.3,80.3,1.002
2004-11-24T10:00:00Z,3.6,110,11.1,77.2,1.0175
2004-11-24T11:00:00Z,3.3,116,13.3,68.8,1.0505
2004-11-24T12:00:00Z,2,162,15.1,58.3,0.9978
2004-11-24T13:00:00Z,2,104,15.6,56.2,0.9876
2004-11-24T14:00:00Z,2.9,129,15.4,59.6,1.0375
2004-11-24T15:00:00Z,2.7,146,14.6,63.7,1.0508
2004-11-24T16:00:00Z,3.4,160,13.7,66.8,1.0432
2004-11-24T17:00:00Z,4.5,169,12.3,72.5,1.0331
2004-11-24T18:00:00Z,6.1,167,10.8,77.2,1.0021
2004-11-24T19:00:00Z,6.8,166,10.2,80.4,1.0003
2004-11-24T20:00:00Z,8.4,181,10.1,79.3,0.9795
2004-11-24T21:00:00Z,5.3,144,10,76.1,0.9329
2004-11-24T22:00:00Z,4.5,141,8.6,82.3,0.9198
2004-11-24T23:00:00Z,4.1,123,7.7,84.3,0.8881
2004-11-25T00:00:00Z,4,121,7.1,84.1,0.8557
2004-11-25T01:00:00Z,4,114,6.7,83.2,0.819
2004-11-25T02:00:00Z,3,93,6,83,0.78
2004-11-25T04:00:00Z,2.2,89,4.3,85.4,0.7152
2004-11-25T05:00:00Z,2.2,94,4,85.7,0.7041
2004-11-25T06:00:00Z,2,93,4,84.4,0.6943
2004-11-25T07:00:00Z,2.2,100,4,83.1,0.682
2004-11-25T08:00:00Z,4,127,4.4,81.3,0.689
2004-11-25T09:00:00Z,4.8,137,6.7,72.6,0.718
2004-11-25T10:00:00Z,4.6,190,10,63.4,0.7791
2004-11-25T11:00:00Z,2.8,171,13.6,48.7,0.7547
2004-11-25T12:00:00Z,2.1,127,14.6,46.5,0.7687
2004-11-25T13:00:00Z,2,109,15.4,43,0.7483
2004-11-25T14:00:00Z,2.5,126,16.4,38.2,0.7081
2004-11-25T15:00:00Z,2.5,136,16.8,37.6,0.7129
2004-11-25T16:00:00Z,2.8,156,16.8,36.7,0.6944
2004-11-25T17:00:00Z,4,187,15.4,41.3,0.7151
2004-11-25T18:00:00Z,4.5,173,13.8,48.9,0.7699
2004-11-25T19:00:00Z,3.1,137,13.3,50.9,0.7745
2004-11-25T20:00:00Z,2.6,122,11.5,57.3,0.7786
2004-11-25T21:00:00Z,2.6,129,10.7,59.8,0.7674
2004-11-25T22:00:00Z,2,110,10,61.8,0.7576
2004-11-25T23:00:00Z,1.8,102,9.9,62.1,0.7566
2004-11-26T00:00:00Z,2.5,114,9.3,64.5,0.7554
2004-11-26T01:00:00Z,2.3,117,9.1,65.7,0.7607
2004-11-26T02:00:00Z,2.1,98,8.9,71.8,0.818
2004-11-26T05:00:00Z,1.2,77,9,77.3,0.8873
2004-11-26T06:00:00Z,1,75,9.1,77.3,0.8944
2004-11-26T07:00:00Z,1.7,95,9.3,76.9,0.9007
2004-11-26T08:00:00Z,4.3,137,10,75,0.9179
2004-11-26T09:00:00Z,5.8,149,10.6,72.7,0.9272
2004-11-26T10:00:00Z,5.6,197,12.4,64.8,0.931
2004-11-26T11:00:00Z,4,183,13.7,59.9,0.9335
2004-11-26T12:00:00Z,4,179,14.9,57,0.9564
2004-11-26T13:00:00Z,4.9,196,15.5,56.2,0.9814
2004-11-26T14:00:00Z,5.6,208,15.8,56.3,1.0026
2004-11-26T15:00:00Z,5.1,203,15.8,57.9,1.0292
2004-11-26T16:00:00Z,6.2,213,15.7,58.9,1.0432
2004-11-26T17:00:00Z,7.7,233,15.5,61.2,1.067
2004-11-26T18:00:00Z,10.1,255,15.5,62.8,1.0979
2004-11-26T19:00:00Z,6.4,170,15.6,64.9,1.1396
2004-11-26T20:00:00Z,7.7,167,15.1,67,1.1394
2004-11-26T21:00:00Z,8.1,205,14.6,67.7,1.1164
2004-11-26T22:00:00Z,4.7,170,13.8,67.8,1.0609
2004-11-26T23:00:00Z,4.3,154,13.4,69,1.0579
2004-11-27T00:00:00Z,4.1,143,13,73.7,1.0957
2004-11-27T01:00:00Z,4.2,140,12.7,77.5,1.1339
2004-11-27T02:00:00Z,3.8,122,12.4,78.4,1.1269
2004-11-27T04:00:00Z,2.4,103,11.9,80.7,1.1199
2004-11-27T05:00:00Z,2,97,13.2,75.8,1.1459
2004-11-27T06:00:00Z,1.7,99,12.3,81.9,1.1674
2004-11-27T07:00:00Z,2.1,110,12.8,80.8,1.1898
2004-11-27T08:00:00Z,2.5,110,13.7,76.3,1.1932
2004-11-27T09:00:00Z,3.8,121,13.4,78.8,1.2104
2004-11-27T10:00:00Z,3.9,122,13.8,77.8,1.2201
2004-11-27T11:00:00Z,4.2,136,15.1,73.2,1.244
2004-11-27T12:00:00Z,4,170,15.8,70.5,1.2557
2004-11-27T13:00:00Z,4.4,156,15.4,73.3,1.27
2004-11-27T14:00:00Z,4.7,158,15.6,71.4,1.2596
2004-11-27T15:00:00Z,4.6,174,16.3,68.7,1.2596
2004-11-27T16:00:00Z,4.8,187,16.4,68.2,1.2662
2004-11-27T17:00:00Z,4.5,147,15.6,70.2,1.238
2004-11-27T18:00:00Z,5.6,136,14.2,75.8,1.2202
2004-11-27T19:00:00Z,4.9,134,14,74.6,1.1865
2004-11-27T20:00:00Z,5.3,126,13.3,75.8,1.1506
2004-11-27T21:00:00Z,4.6,130,13.7,72.5,1.1326
2004-11-27T22:00:00Z,2.4,98,12.8,73.8,1.0853
2004-11-27T23:00:00Z,2.7,89,11.2,78.3,1.0415
2004-11-28T00:00:00Z,2.5,88,10.6,79.4,1.0133
2004-11-28T01:00:00Z,2.3,86,10.8,77.5,1.0027
2004-11-28T03:00:00Z,1.3,70,10.3,77.6,0.9743
2004-11-28T04:00:00Z,1,55,10.3,74.9,0.9362
2004-11-28T05:00:00Z,0.9,45,11.2,69,0.9159
2004-11-28T06:00:00Z,0.7,44,8.9,77.1,0.8804
2004-11-28T07:00:00Z,0.8,50,9.5,73.3,0.8719
2004-11-28T08:00:00Z,1,74,8.6,77.2,0.8617
2004-11-28T09:00:00Z,1.1,81,8.6,76.6,0.8586
2004-11-28T10:00:00Z,0.8,65,9.7,72,0.8649
2004-11-28T11:00:00Z,1.4,76,11.1,68.2,0.8979
2004-11-28T12:00:00Z,2.2,110,11.8,65,0.8966
2004-11-28T13:00:00Z,2.7,124,12.1,64.8,0.9135
2004-11-28T14:00:00Z,2.3,120,12.6,63.2,0.9209
2004-11-28T15:00:00Z,1.9,99,13.4,61.9,0.9513
2004-11-28T16:00:00Z,2.7,117,13.3,63.3,0.9597
2004-11-28T17:00:00Z,3.2,132,11.2,70.9,0.9406
2004-11-28T18:00:00Z,3.2,113,9.6,76.5,0.9184
2004-11-28T19:00:00Z,3.5,117,9.9,76.3,0.9296
2004-11-28T20:00:00Z,4.5,127,10.4,74.6,0.9394
2004-11-28T21:00:00Z,4.1,132,10.3,75.1,0.9399
2004-11-28T22:00:00Z,3.3,121,10.4,75.4,0.947
2004-11-28T23:00:00Z,3.1,122,10.5,75.4,0.9566
2004-11-29T00:00:00Z,3,113,10.2,78.4,0.9757
2004-11-29T01:00:00Z,2.3,99,9.9,80.5,0.984
2004-11-29T02:00:00Z,2.3,86,9.8,81.4,0.9855
2004-11-29T04:00:00Z,1.5,66,8.9,83,0.9487
2004-11-29T05:00:00Z,1.3,67,8.8,83.7,0.9529
2004-11-29T06:00:00Z,1.4,78,8.7,84.2,0.9526
2004-11-29T07:00:00Z,2,90,8.7,83.7,0.9454
2004-11-29T08:00:00Z,4.2,120,9.6,80.8,0.9687
2004-11-29T09:00:00Z,5.9,139,11.3,75.3,1.0048
2004-11-29T10:00:00Z,6.3,172,13.8,68.5,1.0718
2004-11-29T11:00:00Z,6.6,232,14.9,64.9,1.0929
2004-11-29T12:00:00Z,5,168,15.3,63.2,1.0898
2004-11-29T13:00:00Z,2.5,120,18.6,49.1,1.0425
2004-11-29T14:00:00Z,2.6,121,18.6,49.3,1.0451
2004-11-29T15:00:00Z,1.9,117,18.4,49.9,1.0453
2004-11-29T16:00:00Z,2.3,121,17.9,51.4,1.0488
2004-11-29T17:00:00Z,1.9,107,18,51.9,1.0622
2004-11-29T18:00:00Z,2.3,115,16.7,57.3,1.0813
2004-11-29T19:00:00Z,1.8,94,17.3,57,1.1137
2004-11-29T20:00:00Z,1.9,98,16.8,58.7,1.1109
2004-11-29T21:00:00Z,1.4,87,16.5,59.2,1.1021
2004-11-29T22:00:00Z,1.2,78,16.3,59.7,1.0941
2004-11-29T23:00:00Z,1,69,16,61.6,1.1127
2004-11-30T00:00:00Z,1.2,67,15.6,66.6,1.1763
2004-11-30T01:00:00Z,1.4,81,13.8,80.4,1.2621
2004-11-30T02:00:00Z,1.2,75,13.2,84.4,1.2779
2004-11-30T04:00:00Z,0.6,42,13.8,81.3,1.2767
2004-11-30T05:00:00Z,0.6,38,13.6,75.5,1.172
2004-11-30T06:00:00Z,0.7,64,11.5,81.4,1.1025
2004-11-30T07:00:00Z,1.1,86,11.8,80.7,1.1181
2004-11-30T08:00:00Z,2.5,127,12.3,78.9,1.1283
2004-11-30T09:00:00Z,3.6,122,13,76,1.1317
2004-11-30T10:00:00Z,3.6,141,13.7,70.9,1.1076
2004-11-30T11:00:00Z,3.3,139,14,70.9,1.1244
2004-11-30T12:00:00Z,2,105,14.6,65.9,1.088
2004-11-30T13:00:00Z,1.9,103,14.9,59.9,1.0063
2004-11-30T14:00:00Z,2.2,108,14.9,58.4,0.9839
2004-11-30T15:00:00Z,2.2,109,15.3,54.3,0.9357
2004-11-30T16:00:00Z,3.8,149,14.6,56.6,0.9367
2004-11-30T17:00:00Z,3.5,143,12.6,62,0.9027
2004-11-30T18:00:00Z,5.2,159,11.9,62.3,0.8674
2004-11-30T19:00:00Z,6.3,178,11.6,64.3,0.8789
2004-11-30T20:00:00Z,6.8,168,11.5,68,0.9207
2004-11-30T21:00:00Z,4.1,160,10.7,73.9,0.9502
2004-11-30T22:00:00Z,2.3,117,9.6,83,0.9899
2004-11-30T23:00:00Z,1.9,113,9.6,79.9,0.9579
2004-12-01T00:00:00Z,2.2,113,9.8,79.4,0.9626
2004-12-01T01:00:00Z,1.3,94,10.1,75.3,0.9322
2004-12-01T02:00:00Z,1.2,76,9.1,80,0.9299
2004-12-01T05:00:00Z,0.6,63,8.3,80.4,0.8861
2004-12-01T06:00:00Z,0.9,74,8.9,79.2,0.9067
2004-12-01T07:00:00Z,1.4,96,8.7,80.8,0.9096
2004-12-01T08:00:00Z,3.4,121,9,79.8,0.9203
2004-12-01T09:00:00Z,5,145,9.5,78.3,0.9338
2004-12-01T10:00:00Z,4.7,158,10.4,76,0.9561
2004-12-01T11:00:00Z,3.2,143,11,74.4,0.9736
2004-12-01T12:00:00Z,3.5,182,13.8,63.6,0.9959
2004-12-01T13:00:00Z,4,163,13.6,65.6,1.0167
2004-12-01T14:00:00Z,5.7,178,13.7,66.5,1.038
2004-12-01T15:00:00Z,5,162,13,73,1.086
2004-12-01T16:00:00Z,5.6,171,12.7,77.1,1.1251
2004-12-01T17:00:00Z,6.2,174,12.3,79.7,1.1342
2004-12-01T18:00:00Z,7.5,185,12.3,78.8,1.1279
2004-12-01T19:00:00Z,3,126,12.5,72.6,1.0489
2004-12-01T20:00:00Z,2.6,113,11.8,76.1,1.0544
2004-12-01T21:00:00Z,2.1,111,11.3,79.9,1.0697
2004-12-01T22:00:00Z,1.8,107,11.1,84.3,1.1137
2004-12-01T23:00:00Z,2,107,11.3,83.1,1.1089
2004-12-02T00:00:00Z,2.2,102,11.6,81,1.1082
2004-12-02T01:00:00Z,1.9,96,11.7,77.8,1.0689
2004-12-02T02:00:00Z,1.6,86,11.7,78.6,1.0813
2004-12-02T04:00:00Z,0.9,70,12,77.4,1.0825
2004-12-02T05:00:00Z,0.7,59,12,78,1.094
2004-12-02T06:00:00Z,0.9,74,12.4,75.3,1.0813
2004-12-02T07:00:00Z,1.4,89,12.5,76.4,1.1021
2004-12-02T08:00:00Z,4.2,131,12.9,73.8,1.0937
2004-12-02T09:00:00Z,5,139,13.3,70.7,1.0749
2004-12-02T10:00:00Z,4.4,145,14.3,66.1,1.0711
2004-12-02T11:00:00Z,3.4,137,15.4,63.9,1.1071
2004-12-02T12:00:00Z,2.8,128,15.9,62.7,1.1273
2004-12-02T13:00:00Z,3.4,128,16.4,61.9,1.1465
2004-12-02T14:00:00Z,2.9,123,18,58,1.1901
2004-12-02T15:00:00Z,3.9,136,19.2,57.9,1.2757
2004-12-02T16:00:00Z,4,137,18.1,62.1,1.2822
2004-12-02T17:00:00Z,4.9,151,16.7,67.3,1.2707
2004-12-02T18:00:00Z,7.7,171,15.8,70.7,1.2601
2004-12-02T19:00:00Z,9.4,171,15.4,73,1.2688
2004-12-02T20:00:00Z,7.8,161,15.4,73,1.2648
2004-12-02T21:00:00Z,6.6,154,15.3,73.6,1.2691
2004-12-02T22:00:00Z,4.7,127,15.1,74.3,1.2623
2004-12-02T23:00:00Z,4.8,115,14.2,78,1.254
2004-12-03T00:00:00Z,3.2,102,14.1,81.4,1.3066
2004-12-03T01:00:00Z,2.6,100,14.4,82.7,1.3496
2004-12-03T02:00:00Z,2.1,86,14.1,84.1,1.3461
2004-12-03T04:00:00Z,1.1,80,14,84.1,1.3389
2004-12-03T05:00:00Z,0.7,74,13.9,85.1,1.3449
2004-12-03T06:00:00Z,0.9,82,13.8,85.5,1.3469
2004-12-03T07:00:00Z,1.5,96,13.8,85.3,1.3412
2004-12-03T08:00:00Z,3.8,124,13.7,84.5,1.3202
2004-12-03T09:00:00Z,6,142,13.9,83.9,1.3284
2004-12-03T10:00:00Z,5.1,154,14.6,81.6,1.3448
2004-12-03T11:00:00Z,3.6,144,15.8,74.7,1.3336
2004-12-03T12:00:00Z,3,144,16.4,72.1,1.336
2004-12-03T13:00:00Z,3.1,139,16.8,70.3,1.3341
2004-12-03T14:00:00Z,3.3,138,17.9,66.3,1.3499
2004-12-03T15:00:00Z,3.4,134,18.8,62.7,1.3506
2004-12-03T16:00:00Z,4.6,150,19,61.6,1.3407
2004-12-03T17:00:00Z,6.9,173,17.7,68.3,1.3713
2004-12-03T18:00:00Z,5.1,134,16.5,71.7,1.3358
2004-12-03T19:00:00Z,4.9,128,15.7,72.7,1.2872
2004-12-03T20:00:00Z,6.1,132,15,74.4,1.2593
2004-12-03T21:00:00Z,6.2,134,14.6,75.2,1.2405
2004-12-03T22:00:00Z,3,107,14,75.7,1.2051
2004-12-03T23:00:00Z,3.4,101,13.1,78.7,1.1817
2004-12-04T00:00:00Z,3.5,94,12.6,78.4,1.1419
2004-12-04T01:00:00Z,3.2,99,12.8,77.9,1.1438
2004-12-04T02:00:00Z,2.9,90,12.1,79.4,1.1201
2004-12-04T05:00:00Z,1.7,71,11.4,81.1,1.0928
2004-12-04T06:00:00Z,1.7,66,11.5,81.7,1.1033
2004-12-04T07:00:00Z,1.3,70,12.4,77.1,1.1072
2004-12-04T08:00:00Z,2.8,90,12.3,79,1.1293
2004-12-04T09:00:00Z,2.5,102,12.2,83.9,1.189
2004-12-04T10:00:00Z,2.7,102,12.2,85.1,1.2079
2004-12-04T11:00:00Z,1.5,94,12.4,80.1,1.1462
2004-12-04T12:00:00Z,2.6,122,13,77.8,1.1641
2004-12-04T13:00:00Z,3.1,124,11.8,86.5,1.1981
2004-12-04T14:00:00Z,2.5,103,11.9,85.7,1.1912
2004-12-04T15:00:00Z,2.6,115,11.9,88.7,1.2352
2004-12-04T16:00:00Z,2.5,107,12.3,87,1.2422
2004-12-04T17:00:00Z,2.3,120,12.7,84.4,1.2352
2004-12-04T18:00:00Z,3.1,120,13.1,81.7,1.2284
2004-12-04T19:00:00Z,1.9,108,13.1,80.4,1.2038
2004-12-04T20:00:00Z,2.5,115,13.4,79.9,1.2254
2004-12-04T21:00:00Z,3.1,124,13.8,76.8,1.206
2004-12-04T22:00:00Z,2,109,14,75.9,1.2064
2004-12-04T23:00:00Z,1.9,93,13.5,78.3,1.2097
2004-12-05T00:00:00Z,2.4,103,13,79.2,1.182
2004-12-05T01:00:00Z,2,106,12.4,77.5,1.1115
2004-12-05T02:00:00Z,1.2,96,12.3,71.2,1.0175
2004-12-05T04:00:00Z,1,81,12.3,67.5,0.9624
2004-12-05T05:00:00Z,0.8,70,12.7,65.6,0.9566
2004-12-05T06:00:00Z,0.6,60,12.5,65.9,0.9533
2004-12-05T07:00:00Z,0.7,63,12.4,65.4,0.9426
2004-12-05T08:00:00Z,0.8,68,13.2,62.5,0.943
2004-12-05T09:00:00Z,0.9,68,13.1,62.4,0.9366
2004-12-05T10:00:00Z,1,66,12.9,64.7,0.9564
2004-12-05T11:00:00Z,1.3,72,13,67.6,1.009
2004-12-05T12:00:00Z,1.7,81,13,69.7,1.0403
2004-12-05T13:00:00Z,2.4,89,12,80,1.1167
2004-12-05T14:00:00Z,1.7,85,11.4,83.7,1.1278
2004-12-05T15:00:00Z,1.8,86,12,80.8,1.1264
2004-12-05T16:00:00Z,1.5,83,11.5,81,1.101
2004-12-05T17:00:00Z,1.1,77,11.3,81,1.0851
2004-12-05T18:00:00Z,2.4,93,12,78.4,1.0954
2004-12-05T19:00:00Z,2,103,12.1,75.5,1.0669
2004-12-05T20:00:00Z,1.5,90,12.5,71.9,1.0351
2004-12-05T21:00:00Z,1.7,93,12.6,70.5,1.0239
2004-12-05T22:00:00Z,1,72,12.5,69.1,1.0003
2004-12-05T23:00:00Z,1,73,13.1,64.3,0.9628
2004-12-06T00:00:00Z,1,64,13.2,62.9,0.9517
2004-12-06T01:00:00Z,0.9,66,13.3,63.6,0.9673
2004-12-06T02:00:00Z,1.1,71,13.3,65.3,0.9948
2004-12-06T04:00:00Z,0.6,54,11.9,79.6,1.1043
2004-12-06T05:00:00Z,0.7,58,11.8,81.4,1.1238
2004-12-06T06:00:00Z,0.9,72,12,80.1,1.1231
2004-12-06T07:00:00Z,1.3,89,12.2,78.8,1.1178
2004-12-06T08:00:00Z,3.1,112,12.7,77.2,1.1298
2004-12-06T09:00:00Z,4.9,131,13.4,74.4,1.1407
2004-12-06T10:00:00Z,4.7,161,15.9,63.4,1.1349
2004-12-06T11:00:00Z,3.2,135,18.5,52.9,1.1174
2004-12-06T12:00:00Z,2.5,119,18.4,52.6,1.1064
2004-12-06T13:00:00Z,3.8,144,19.4,49.8,1.1095
2004-12-06T14:00:00Z,3.3,130,19.5,50.1,1.1225
2004-12-06T15:00:00Z,2.5,109,20.3,47.5,1.1187
2004-12-06T16:00:00Z,2.7,114,18.7,53,1.1322
2004-12-06T17:00:00Z,2.9,115,17.3,57.1,1.1161
2004-12-06T18:00:00Z,3.1,123,16.4,59.5,1.1017
2004-12-06T19:00:00Z,4,138,15.9,60.8,1.088
2004-12-06T20:00:00Z,3.1,123,15.5,60.7,1.0591
2004-12-06T21:00:00Z,2.7,112,15.3,63.1,1.0872
2004-12-06T22:00:00Z,1.7,87,16.6,58.5,1.0963
2004-12-06T23:00:00Z,1.5,79,14.6,64.7,1.0677
2004-12-07T00:00:00Z,1.4,74,14,66.1,1.05
2004-12-07T01:00:00Z,1.4,75,13,69.4,1.0364
2004-12-07T02:00:00Z,1.1,70,13.1,67.4,1.0101
2004-12-07T05:00:00Z,0.6,63,12.4,68.3,0.9801
2004-12-07T06:00:00Z,0.8,67,14.1,60.6,0.9715
2004-12-07T07:00:00Z,1,71,12.9,64.2,0.9506
2004-12-07T08:00:00Z,2.8,98,11.7,68.9,0.9439
2004-12-07T09:00:00Z,3.4,114,12.5,65.8,0.9538
2004-12-07T10:00:00Z,3.3,130,14.5,61.1,1.0007
2004-12-07T11:00:00Z,4.1,155,16.9,54.2,1.0371
2004-12-07T12:00:00Z,3.5,141,17.4,53.3,1.0528
2004-12-07T13:00:00Z,3,118,18.8,49.3,1.0581
2004-12-07T14:00:00Z,3.6,134,19.4,47.1,1.051
2004-12-07T15:00:00Z,3,123,19.2,47.1,1.0371
2004-12-07T16:00:00Z,2.6,117,17.7,51.5,1.0315
2004-12-07T17:00:00Z,2.6,110,16.5,54.6,1.0164
2004-12-07T18:00:00Z,3.1,115,15.4,57.9,1.0068
2004-12-07T19:00:00Z,3.2,116,15.2,58.4,1.0007
2004-12-07T20:00:00Z,2.4,99,14.9,58.4,0.9843
2004-12-07T21:00:00Z,2.6,115,14.5,60.4,0.9909
2004-12-07T22:00:00Z,2.4,104,14.5,62.3,1.0216
2004-12-07T23:00:00Z,1.8,92,14.6,60.6,1.0033
2004-12-08T00:00:00Z,1.7,84,15,59.3,1.0045
2004-12-08T01:00:00Z,1.9,81,14.7,60.3,1.0031
2004-12-08T02:00:00Z,1.4,77,15.3,59.1,1.0191
2004-12-08T04:00:00Z,1.7,75,11.6,72.5,0.9916
2004-12-08T05:00:00Z,1,69,12,71.9,1.003
2004-12-08T06:00:00Z,0.9,67,11.8,71.8,0.9909
2004-12-08T07:00:00Z,1,68,11.8,71.4,0.9864
2004-12-08T08:00:00Z,1,68,12.8,66.3,0.9804
2004-12-08T09:00:00Z,1.1,69,13.2,65.2,0.9841
2004-12-08T10:00:00Z,1.7,81,13.1,66.2,0.9933
2004-12-08T11:00:00Z,2.3,95,14.3,63.3,1.0266
2004-12-08T12:00:00Z,2.1,92,16,58.1,1.0482
2004-12-08T13:00:00Z,2.7,113,17.3,53.9,1.0562
2004-12-08T14:00:00Z,2.3,98,17.3,53.3,1.0407
2004-12-08T15:00:00Z,1.2,82,16.7,54.7,1.0311
2004-12-08T16:00:00Z,1.4,96,15.4,58.9,1.02
2004-12-08T17:00:00Z,1.9,107,15.2,58,0.9927
2004-12-08T18:00:00Z,2.6,119,16.2,54.5,0.9956
2004-12-08T19:00:00Z,2.4,114,16.5,55.3,1.0267
2004-12-08T20:00:00Z,3.5,127,14.6,72.1,1.1947
2004-12-08T21:00:00Z,3.5,121,13.9,76.7,1.2098
2004-12-08T22:00:00Z,2.2,109,13.7,79.3,1.2326
2004-12-08T23:00:00Z,2.3,107,13.8,77.3,1.2169
2004-12-09T00:00:00Z,1.9,100,14.2,71.7,1.1578
2004-12-09T01:00:00Z,1,83,14.9,65.7,1.105
2004-12-09T02:00:00Z,0.8,66,14.7,67.3,1.1177
2004-12-09T04:00:00Z,0.4,30,14.8,65.5,1.0965
2004-12-09T05:00:00Z,0.4,29,14.4,68.5,1.1158
2004-12-09T06:00:00Z,0.4,41,14.5,62.9,1.0335
2004-12-09T07:00:00Z,0.6,63,14.6,56.7,0.9358
2004-12-09T08:00:00Z,1.9,114,15,55.3,0.9338
2004-12-09T09:00:00Z,2,114,14.5,56.5,0.9306
2004-12-09T10:00:00Z,1.4,102,14.3,55.4,0.9005
2004-12-09T11:00:00Z,1.4,101,14.7,52.5,0.8716
2004-12-09T12:00:00Z,1.5,103,15.5,51.7,0.9033
2004-12-09T13:00:00Z,1.6,100,14.9,53.4,0.8998
2004-12-09T14:00:00Z,1.8,95,15.2,51,0.8762
2004-12-09T15:00:00Z,1.4,99,15.2,50.1,0.858
2004-12-09T16:00:00Z,1.7,102,15.6,46.6,0.8176
2004-12-09T17:00:00Z,1.7,105,14.8,48.4,0.8069
2004-12-09T18:00:00Z,2.3,118,14.6,48,0.7902
2004-12-09T19:00:00Z,3.2,135,15.1,45.4,0.7759
2004-12-09T20:00:00Z,2.6,124,14.5,45.4,0.7458
2004-12-09T21:00:00Z,1.6,100,13.4,48.1,0.73740000000000006
2004-12-09T22:00:00Z,0.8,66,12.3,48.7,0.6931
2004-12-09T23:00:00Z,0.7,57,12,51.2,0.7179
2004-12-10T00:00:00Z,0.6,58,11.9,54.6,0.7589
2004-12-10T01:00:00Z,0.7,59,13.7,45,0.6991
2004-12-10T02:00:00Z,0.7,60,14.7,37.5,0.622
2004-12-10T05:00:00Z,0.3,27,12,37.3,0.5239
2004-12-10T06:00:00Z,0.4,39,11.7,38.1,0.5223
2004-12-10T07:00:00Z,0.5,63,11.5,38,0.5159
2004-12-10T08:00:00Z,1.4,110,12.3,35.8,0.5086
2004-12-10T09:00:00Z,2.4,128,12.9,34.5,0.5102
2004-12-10T10:00:00Z,1.8,122,14.4,30.2,0.4911
2004-12-10T11:00:00Z,1.5,111,16.2,26.2,0.4789
2004-12-10T12:00:00Z,1.5,110,17.1,23.5,0.453
2004-12-10T13:00:00Z,1.8,114,18.1,21.3,0.4396
2004-12-10T14:00:00Z,2.1,114,18.8,20,0.4278
2004-12-10T15:00:00Z,1.7,111,18.1,20.8,0.4274
2004-12-10T16:00:00Z,2.3,116,17.6,19.9,0.3952
2004-12-10T17:00:00Z,2.9,148,16,20.8,0.3757
2004-12-10T18:00:00Z,4,177,14.6,23.7,0.3903
2004-12-10T19:00:00Z,4.2,164,13.7,22.9,0.3581
2004-12-10T20:00:00Z,3.5,151,12.8,21.7,0.3182
2004-12-10T21:00:00Z,2.6,147,12.7,21.3,0.3119
2004-12-10T22:00:00Z,1.3,110,12.8,22.5,0.3309
2004-12-10T23:00:00Z,1,99,12.6,23.4,0.3408
2004-12-11T00:00:00Z,1.6,116,12.4,24,0.3443
2004-12-11T01:00:00Z,1.6,121,12.5,24,0.3462
2004-12-11T02:00:00Z,1.1,103,11.9,32.4,0.4489
2004-12-11T04:00:00Z,0.8,83,11.5,34.2,0.4621
2004-12-11T05:00:00Z,0.8,76,10.5,37.8,0.4799
2004-12-11T06:00:00Z,1,107,7.8,47.4,0.5046
2004-12-11T07:00:00Z,1.2,106,9.3,43.1,0.5062
2004-12-11T08:00:00Z,1.7,124,8.2,46.8,0.5091
2004-12-11T09:00:00Z,2.4,134,10.7,34.2,0.439
2004-12-11T10:00:00Z,2.8,147,14.4,28.2,0.4593
2004-12-11T11:00:00Z,2.9,146,17.4,23.3,0.4599
2004-12-11T12:00:00Z,2.6,133,17.8,23.6,0.4766
2004-12-11T13:00:00Z,2.3,120,18.3,19.5,0.4044
2004-12-11T14:00:00Z,2.3,117,18.9,18.9,0.4091
2004-12-11T15:00:00Z,1.7,109,18.4,19.7,0.4117
2004-12-11T16:00:00Z,1.8,112,17.8,21,0.4234
2004-12-11T17:00:00Z,2.5,131,16.1,23.4,0.4248
2004-12-11T18:00:00Z,2.4,133,14.9,24.9,0.4178
2004-12-11T19:00:00Z,2,138,14.6,24.6,0.4054
2004-12-11T20:00:00Z,2.3,142,14.2,26.8,0.4332
2004-12-11T21:00:00Z,2.9,138,13.3,38.7,0.5867
2004-12-11T22:00:00Z,2,118,11.2,45.1,0.6004
2004-12-11T23:00:00Z,2.5,120,8.8,52.5,0.5969
2004-12-12T00:00:00Z,3,132,8.6,54.3,0.606
2004-12-12T01:00:00Z,2.4,121,8.1,53.2,0.5746
2004-12-12T02:00:00Z,2.6,117,6.8,57.8,0.5768
2004-12-12T04:00:00Z,2.1,102,5.4,64.1,0.5772
2004-12-12T05:00:00Z,1.7,95,5.6,61.6,0.5656
2004-12-12T06:00:00Z,1.5,81,4.2,69,0.5737
2004-12-12T07:00:00Z,1.3,95,4.8,64.6,0.563
2004-12-12T08:00:00Z,1.9,111,4,69,0.5661
2004-12-12T09:00:00Z,2,118,4.9,66.3,0.5786
2004-12-12T10:00:00Z,2.7,130,9.4,48.7,0.5748
2004-12-12T11:00:00Z,2.4,116,12.6,39.9,0.5804
2004-12-12T12:00:00Z,2.7,128,14.4,35.3,0.5763
2004-12-12T13:00:00Z,3.2,156,15.1,37.4,0.6374
2004-12-12T14:00:00Z,3.4,169,16,35.8,0.6456
2004-12-12T15:00:00Z,3.2,168,17.5,30.8,0.6095
2004-12-12T16:00:00Z,4.3,178,17.2,34.2,0.6669
2004-12-12T17:00:00Z,5,178,14.3,45.8,0.7452
2004-12-12T18:00:00Z,6.3,188,12.2,53.9,0.7617
2004-12-12T19:00:00Z,4.6,169,11.6,51.2,0.6965
2004-12-12T20:00:00Z,3.1,133,11.3,50.1,0.672
2004-12-12T21:00:00Z,2.6,125,10.6,51.2,0.6541
2004-12-12T22:00:00Z,2.1,110,9.6,51.7,0.6163
2004-12-12T23:00:00Z,2.1,112,8.7,55.2,0.6225
2004-12-13T00:00:00Z,2.5,112,7.9,60.2,0.6432
2004-12-13T01:00:00Z,2,102,7.9,59.2,0.6331
2004-12-13T02:00:00Z,1.8,90,6.7,64.6,0.6381
2004-12-13T05:00:00Z,0.7,64,6.4,63.3,0.6123
2004-12-13T06:00:00Z,0.9,81,6.4,64.4,0.6204
2004-12-13T07:00:00Z,1.5,106,5.6,68.9,0.6328
2004-12-13T08:00:00Z,3.4,140,6.4,65.6,0.6348
2004-12-13T09:00:00Z,3.4,138,7.3,61.4,0.6306
2004-12-13T10:00:00Z,3.2,165,9.6,53.7,0.6409
2004-12-13T11:00:00Z,4.8,214,12,45.9,0.6421
2004-12-13T12:00:00Z,3.5,178,12.7,44.4,0.6512
2004-12-13T13:00:00Z,4.1,187,13.9,42.8,0.6761
2004-12-13T14:00:00Z,4.8,203,15,41.4,0.7016
2004-12-13T15:00:00Z,4.4,204,16,38.7,0.6987
2004-12-13T16:00:00Z,4.5,198,16,38.6,0.6952
2004-12-13T17:00:00Z,5.9,218,14.1,44.9,0.7194
2004-12-13T18:00:00Z,9.9,269,12.6,55.9,0.8142
2004-12-13T19:00:00Z,6.9,217,11.7,60.8,0.8336
2004-12-13T20:00:00Z,4.3,183,11.5,60.9,0.8249
2004-12-13T21:00:00Z,2.9,147,10.6,64.1,0.8182
2004-12-13T22:00:00Z,2,120,10.1,66.2,0.8185
2004-12-13T23:00:00Z,1.7,112,9,70.1,0.8036
2004-12-14T00:00:00Z,1.9,107,8.6,70.5,0.7915
2004-12-14T01:00:00Z,2,103,7.6,74.3,0.7783
2004-12-14T02:00:00Z,1.9,97,6.9,76.1,0.759
2004-12-14T04:00:00Z,0.8,74,6.8,75.4,0.7475
2004-12-14T05:00:00Z,0.7,68,6.6,75.3,0.7378
2004-12-14T06:00:00Z,1.1,92,6,77.3,0.7262
2004-12-14T07:00:00Z,1.7,111,6,76.7,0.722
2004-12-14T08:00:00Z,3.1,133,6.9,73.7,0.7348
2004-12-14T09:00:00Z,4.4,139,7.6,70.6,0.7371
2004-12-14T10:00:00Z,5.6,192,9.3,64.2,0.7544
2004-12-14T11:00:00Z,4.4,192,11.7,55.7,0.763
2004-12-14T12:00:00Z,4.4,206,12.9,54.1,0.8003
2004-12-14T13:00:00Z,4.7,182,14,53,0.8451
2004-12-14T14:00:00Z,4.2,192,15.1,50.2,0.8552
2004-12-14T15:00:00Z,3.3,188,16.7,47.3,0.8883
2004-12-14T16:00:00Z,5.1,186,16.8,48.4,0.9175
2004-12-17T20:00:00Z,3.3,130,13.3,68,1.0376
2004-12-17T21:00:00Z,3.1,137,13.2,72.8,1.0984
2004-12-17T22:00:00Z,2.4,125,12.6,76.5,1.1106
2004-12-17T23:00:00Z,1.4,106,12.6,74.3,1.0843
2004-12-18T00:00:00Z,2.1,121,12.9,72.1,1.0658
2004-12-18T01:00:00Z,1.4,101,13.1,70.5,1.0594
2004-12-18T02:00:00Z,1.4,100,12.4,73.8,1.0574
2004-12-18T04:00:00Z,1,86,11.8,76.3,1.0547
2004-12-18T05:00:00Z,1.3,90,10.8,80,1.0367
2004-12-18T06:00:00Z,1,89,10.4,77.3,0.9709
2004-12-18T07:00:00Z,1.1,96,10,76.2,0.9332
2004-12-18T08:00:00Z,2.1,125,9.4,67.7,0.8018
2004-12-18T09:00:00Z,3.2,143,9.3,71.2,0.8325
2004-12-18T10:00:00Z,3.3,153,12.6,54,0.784
2004-12-18T11:00:00Z,2.3,140,16.1,28.5,0.5164
2004-12-18T12:00:00Z,1,92,16.6,19.9,0.3728
2004-12-18T13:00:00Z,0.8,78,15.9,18.2,0.3255
2004-12-18T14:00:00Z,0.8,68,14.3,18.4,0.2991
2004-12-18T15:00:00Z,0.6,64,15,16.3,0.2749
2004-12-18T16:00:00Z,0.9,80,14.9,17.1,0.2875
2004-12-18T17:00:00Z,0.8,81,13.2,18.8,0.2837
2004-12-18T18:00:00Z,1.2,102,12.4,19.6,0.2797
2004-12-18T19:00:00Z,2.1,132,11.9,21.3,0.2957
2004-12-18T20:00:00Z,3.9,162,11.1,24.8,0.3264
2004-12-18T21:00:00Z,4.4,179,10.1,29.7,0.3666
2004-12-18T22:00:00Z,2,148,10.2,23.8,0.2955
2004-12-18T23:00:00Z,2.3,146,9.4,27.4,0.3239
2004-12-19T00:00:00Z,3.6,164,7.9,39,0.4154
2004-12-19T01:00:00Z,3.9,162,7.6,40.6,0.4273
2004-12-19T02:00:00Z,1.6,118,6.4,43.7,0.4242
2004-12-19T05:00:00Z,1,79,3.3,53.5,0.418
2004-12-19T06:00:00Z,0.8,62,4.8,49.9,0.4325
2004-12-19T07:00:00Z,0.7,85,2.2,60.1,0.4361
2004-12-19T08:00:00Z,1,110,2.5,59.3,0.4401
2004-12-19T09:00:00Z,1,99,3.2,55.7,0.4344
2004-12-19T10:00:00Z,1.5,101,5,48.8,0.429
2004-12-19T11:00:00Z,2.5,129,5.8,49.8,0.4613
2004-12-19T12:00:00Z,2.6,132,6,47.6,0.4488
2004-12-19T13:00:00Z,3.2,148,7.4,44.6,0.4613
2004-12-19T14:00:00Z,3,134,5.2,73.1,0.6535
2004-12-19T15:00:00Z,3.4,148,4.8,81.4,0.7055
2004-12-19T16:00:00Z,3.3,146,4.7,82.3,0.7105
2004-12-19T17:00:00Z,3.6,148,4.7,82.8,0.7157
2004-12-19T18:00:00Z,5.5,175,4.7,83.4,0.7177
2004-12-19T19:00:00Z,4.5,170,5.2,83.1,0.7411
2004-12-19T20:00:00Z,4.7,173,5.5,84.1,0.7657
2004-12-19T21:00:00Z,4.3,151,5.8,84.5,0.7822
2004-12-19T22:00:00Z,3.2,129,6.2,84.1,0.8018
2004-12-19T23:00:00Z,2.9,126,6.6,83.3,0.8183
2004-12-20T00:00:00Z,3.1,127,6.8,82.8,0.8216
2004-12-20T01:00:00Z,2.8,118,8.2,78.4,0.8561
2004-12-20T02:00:00Z,1.2,83,9.7,70.9,0.8539
2004-12-20T04:00:00Z,0.8,60,9.3,65.9,0.7757
2004-12-20T05:00:00Z,0.6,37,8.8,62.9,0.7154
2004-12-20T06:00:00Z,0.6,39,8.6,58.8,0.6603
2004-12-20T07:00:00Z,1,70,9.2,55.9,0.6521
2004-12-20T08:00:00Z,3.2,108,8.4,57.7,0.6376
2004-12-20T09:00:00Z,3.6,119,8.5,60.4,0.6713
2004-12-20T10:00:00Z,2.9,111,8.9,57.4,0.6575
2004-12-20T11:00:00Z,2.4,106,9.2,55.8,0.6479
2004-12-20T12:00:00Z,2.5,105,9.6,53.9,0.6425
2004-12-20T13:00:00Z,2.6,114,9.6,52.4,0.6276
2004-12-20T14:00:00Z,2.3,93,9.7,49.8,0.5998
2004-12-20T15:00:00Z,2.2,89,9.4,44.9,0.5296
2004-12-20T16:00:00Z,2.3,102,9.8,41.9,0.5083
2004-12-20T17:00:00Z,2.9,129,8.9,44.9,0.5125
2004-12-20T18:00:00Z,4.1,151,8.4,45.4,0.5035
2004-12-20T19:00:00Z,4.1,151,8,41,0.4416
2004-12-20T20:00:00Z,4,149,7.9,37.1,0.3974
2004-12-20T21:00:00Z,3.7,149,7.8,33.9,0.3594
2004-12-20T22:00:00Z,1.7,114,7.3,32.4,0.334
2004-12-20T23:00:00Z,1.1,104,7.4,34.6,0.3576
2004-12-21T00:00:00Z,1.1,104,7.1,33.7,0.3417
2004-12-21T01:00:00Z,1.5,127,6.4,35.8,0.3471
2004-12-21T02:00:00Z,0.5,53,5.6,37.7,0.3444
2004-12-21T04:00:00Z,0.2,39,5.3,38.8,0.3473
2004-12-21T05:00:00Z,0.3,41,4.7,41.4,0.3576
2004-12-21T06:00:00Z,0.6,97,4.3,43.9,0.3675
2004-12-21T07:00:00Z,0.7,120,4.9,40.6,0.3539
2004-12-21T08:00:00Z,2.6,167,5.1,40.8,0.3603
2004-12-21T09:00:00Z,5.5,198,6.5,38.1,0.3709
2004-12-21T10:00:00Z,2.6,157,7.4,36.5,0.3778
2004-12-21T11:00:00Z,1.5,125,7.9,36.4,0.3889
2004-12-21T12:00:00Z,1.7,135,7.8,36.8,0.3908
2004-12-21T13:00:00Z,2.2,138,8.7,33.7,0.379
2004-12-21T14:00:00Z,2.1,132,8.5,34.3,0.3813
2004-12-21T15:00:00Z,2.2,142,8.9,34.5,0.3946
2004-12-21T16:00:00Z,2.3,137,8.8,35.7,0.4043
2004-12-21T17:00:00Z,2.5,145,7.9,38.6,0.4137
2004-12-21T18:00:00Z,3.1,166,7.6,40.1,0.4195
2004-12-21T19:00:00Z,3.6,165,6.9,40.3,0.4025
2004-12-21T20:00:00Z,3.9,175,6.5,41.7,0.4047
2004-12-21T21:00:00Z,4,185,6.3,42.6,0.4106
2004-12-21T22:00:00Z,2.3,166,5.9,44.7,0.4186
2004-12-21T23:00:00Z,1.5,140,5.8,43.4,0.4037
2004-12-22T00:00:00Z,1.5,133,5.8,42.5,0.3937
2004-12-22T01:00:00Z,2.2,144,5.6,42,0.3856
2004-12-22T02:00:00Z,1.3,126,5.3,42.3,0.3806
2004-12-22T05:00:00Z,0.5,70,5.2,45.9,0.4099
2004-12-22T06:00:00Z,0.5,74,4.7,49,0.4209
2004-12-22T07:00:00Z,0.9,124,4.5,51.8,0.4418
2004-12-22T08:00:00Z,2,152,4.5,53,0.4495
2004-12-22T09:00:00Z,3.2,174,4.8,53.1,0.4605
2004-12-22T10:00:00Z,2.3,161,7.8,42,0.4464
2004-12-22T11:00:00Z,1.8,120,9.3,37.6,0.4391
2004-12-22T12:00:00Z,2.1,111,10,34.2,0.4212
2004-12-22T13:00:00Z,1.9,128,10.3,32.6,0.4094
2004-12-22T14:00:00Z,2.4,133,9.8,31.8,0.3858
2004-12-22T15:00:00Z,2.1,121,9.8,30.3,0.3658
2004-12-22T16:00:00Z,2.8,147,9.6,29.6,0.3545
2004-12-22T17:00:00Z,3.3,136,8.1,32.5,0.3516
2004-12-22T18:00:00Z,2.9,153,6.8,36.1,0.3575
2004-12-22T19:00:00Z,3.9,178,6.4,36.5,0.3519
2004-12-22T20:00:00Z,4.1,174,5.9,37.8,0.3528
2004-12-22T21:00:00Z,3.3,166,5.1,40.7,0.3621
2004-12-22T22:00:00Z,3.3,169,4.8,45.1,0.3925
2004-12-22T23:00:00Z,1.9,132,4.5,43.9,0.3728
2004-12-23T00:00:00Z,2,127,5.2,44.1,0.3939
2004-12-23T01:00:00Z,1.9,113,4.3,46.4,0.3896
2004-12-23T02:00:00Z,2.1,128,3,52.5,0.4021
2004-12-23T04:00:00Z,1.3,85,1.5,61.4,0.4235
2004-12-23T05:00:00Z,1.1,77,4,50.4,0.4154
2004-12-23T06:00:00Z,1.2,78,2.8,55.2,0.4177
2004-12-23T07:00:00Z,1.8,115,1.2,61.4,0.4159
2004-12-23T08:00:00Z,3.6,169,1.4,61.3,0.4208
2004-12-23T09:00:00Z,3.7,174,2.2,58.1,0.4218
2004-12-23T10:00:00Z,3.4,171,4.3,49.4,0.4138
2004-12-23T11:00:00Z,4,179,6.6,42.5,0.416
2004-12-23T12:00:00Z,3.8,193,8,38.3,0.4133
2004-12-23T13:00:00Z,4.1,210,9.1,36.1,0.4172
2004-12-23T14:00:00Z,4.9,224,10,34.7,0.4259
2004-12-23T15:00:00Z,3.3,175,11,33,0.4331
2004-12-23T16:00:00Z,4.3,177,11.3,33.6,0.4504
2004-12-23T17:00:00Z,6.6,208,9.4,41.3,0.4888
2004-12-23T18:00:00Z,8.5,247,8,45.9,0.4936
2004-12-23T19:00:00Z,8.7,242,7.1,50.3,0.51
2004-12-23T20:00:00Z,9.1,252,6.2,56.9,0.5419
2004-12-23T21:00:00Z,7.2,228,6.3,57.9,0.5575
2004-12-23T22:00:00Z,5,196,6.2,56.8,0.5421
2004-12-23T23:00:00Z,4.2,190,6.1,54.7,0.5201
2004-12-24T00:00:00Z,4.6,187,6,55.6,0.5244
2004-12-24T01:00:00Z,3.9,174,5.1,59,0.5248
2004-12-24T02:00:00Z,3.4,158,5.1,58.4,0.517
2004-12-24T04:00:00Z,2.4,132,4.2,63.1,0.5259
2004-12-24T05:00:00Z,2.5,121,4.3,64.1,0.537
2004-12-24T06:00:00Z,3.5,136,4.8,61.9,0.537
2004-12-24T07:00:00Z,3.9,138,5.3,61.1,0.54990000000000006
2004-12-24T08:00:00Z,4.8,149,5.7,61.3,0.5657
2004-12-24T09:00:00Z,6.1,165,6.1,60.5,0.5719
2004-12-24T10:00:00Z,6.6,170,6.7,59.7,0.589
2004-12-24T11:00:00Z,6.5,165,7.2,58.6,0.5986
2004-12-24T12:00:00Z,6,167,8,55.9,0.6018
2004-12-24T13:00:00Z,6.9,197,9.8,52.4,0.6349
2004-12-24T14:00:00Z,7.9,217,10.5,51.1,0.6503
2004-12-24T15:00:00Z,6.1,204,10.8,52.4,0.6767
2004-12-24T16:00:00Z,6.7,193,10.6,55.3,0.7058
2004-12-24T17:00:00Z,6.8,192,10.4,57,0.7167
2004-12-24T18:00:00Z,6.7,175,10.2,58.3,0.7256
2004-12-25T00:00:00Z,5.9,169,9.4,66.1,0.7816
2004-12-25T01:00:00Z,5.6,164,9.6,65.9,0.7869
2004-12-25T02:00:00Z,5.5,154,9.5,66.2,0.7882
2004-12-25T05:00:00Z,2.2,119,9,69.8,0.8039
2004-12-25T06:00:00Z,2,106,8.9,70.5,0.8056
2004-12-25T07:00:00Z,2.2,111,8.9,70.4,0.8074
2004-12-25T08:00:00Z,2,122,9.1,69.6,0.8045
2004-12-25T09:00:00Z,2.5,121,9,70.8,0.8173
2004-12-25T10:00:00Z,3,136,9.8,68.6,0.8324
2004-12-25T11:00:00Z,2.8,138,10.2,67.3,0.8373
2004-12-25T12:00:00Z,3.4,147,10.7,65,0.8378
2004-12-25T13:00:00Z,5.5,178,11.4,62.9,0.8454
2004-12-25T14:00:00Z,4,176,12.2,61.1,0.8652
2004-12-25T15:00:00Z,2.4,159,12.1,61.8,0.8723
2004-12-25T16:00:00Z,3.1,168,11.7,65.6,0.898
2004-12-25T17:00:00Z,4,181,11.4,67.9,0.9119
2004-12-25T18:00:00Z,4.6,184,11.2,70.8,0.9386
2004-12-25T19:00:00Z,4.8,170,10.9,75.9,0.9868
2004-12-25T20:00:00Z,6.2,174,11.3,78.3,1.0455
2004-12-25T21:00:00Z,4.6,136,10.3,82.8,1.0369
2004-12-25T22:00:00Z,4.5,127,10.4,82.5,1.0406
2004-12-25T23:00:00Z,4.2,125,11,81.7,1.0727
2004-12-26T00:00:00Z,2.6,121,11.7,79.8,1.0964
2004-12-26T01:00:00Z,1.6,117,11.6,80,1.0924
2004-12-26T02:00:00Z,1.3,108,11.3,80.1,1.0741
2004-12-26T04:00:00Z,0.5,55,10.8,78.7,1.0202
2004-12-26T05:00:00Z,0.4,46,10.7,81.5,1.0497
2004-12-26T06:00:00Z,0.3,46,10.9,80.3,1.0444
2004-12-26T07:00:00Z,0.4,67,10.7,80.7,1.0377
2004-12-26T08:00:00Z,0.6,90,10.5,81.8,1.0416
2004-12-26T09:00:00Z,0.9,117,10.4,82.9,1.0419
2004-12-26T10:00:00Z,1.1,118,10.6,82.1,1.0451
2004-12-26T11:00:00Z,1,112,11.5,72.6,0.9846
2004-12-26T12:00:00Z,1.6,134,12.8,65.5,0.964
2004-12-26T13:00:00Z,1.8,127,13.9,60.9,0.9644
2004-12-26T14:00:00Z,1,88,14.9,57.9,0.9726
2004-12-26T15:00:00Z,0.8,57,14.8,63.5,1.0592
2004-12-26T16:00:00Z,1.4,99,13.6,68.9,1.0699
2004-12-26T17:00:00Z,2.1,129,13.6,68.9,1.0661
2004-12-26T18:00:00Z,2.3,137,13.5,67.1,1.0357
2004-12-26T19:00:00Z,3.5,146,12.3,75.4,1.0768
2004-12-26T20:00:00Z,3.8,139,11.7,80,1.0938
2004-12-26T21:00:00Z,2.4,128,11.8,82.7,1.1381
2004-12-26T22:00:00Z,1,106,11.8,77.5,1.0741
2004-12-26T23:00:00Z,1.3,114,12,72.3,1.0095
2004-12-27T00:00:00Z,2.3,137,11.2,79.6,1.0587
2004-12-27T01:00:00Z,1.5,114,11.5,74.2,1.0063
2004-12-27T02:00:00Z,1.1,92,11.6,68.9,0.9411
2004-12-27T04:00:00Z,0.7,55,11.7,64.6,0.8888
2004-12-27T05:00:00Z,0.4,46,11.9,61.1,0.8527
2004-12-27T06:00:00Z,0.5,67,12.5,57.3,0.8269
2004-12-27T07:00:00Z,0.8,95,12.3,60.1,0.8562
2004-12-27T08:00:00Z,1.9,133,11.5,68.7,0.9302
2004-12-27T09:00:00Z,2.3,138,12.5,63.2,0.9113
2004-12-27T10:00:00Z,1.9,127,12.9,63.2,0.9335
2004-12-27T11:00:00Z,1.6,119,13.5,59.9,0.9261
2004-12-27T12:00:00Z,1.4,113,13.4,61.3,0.9379
2004-12-27T13:00:00Z,1.5,109,14.4,57.1,0.9309
2004-12-27T14:00:00Z,1.4,97,15,57.2,0.9698
2004-12-27T15:00:00Z,2,117,12.4,72.6,1.0422
2004-12-27T16:00:00Z,2.5,132,12.8,73.6,1.0851
2004-12-27T17:00:00Z,2.2,117,13.3,68.2,1.0356
2004-12-27T18:00:00Z,2,110,13.4,66.6,1.0187
2004-12-27T19:00:00Z,2.1,119,13.3,63.6,0.9661
2004-12-27T20:00:00Z,2.1,116,12.9,62.4,0.9258
2004-12-27T21:00:00Z,2.1,123,12.4,64.7,0.9266
2004-12-27T22:00:00Z,1.6,117,12.1,65.6,0.9222
2004-12-27T23:00:00Z,1.1,100,11.3,69.8,0.932
2004-12-28T00:00:00Z,1.2,101,11,68.7,0.9001
2005-01-01T01:00:00Z,1.6,106,5.3,50.7,0.4564
2005-01-01T02:00:00Z,2.5,129,5.9,50,0.4689
2005-01-01T04:00:00Z,1.9,126,4.3,55.3,0.465
2005-01-01T05:00:00Z,1.4,106,4.2,57.1,0.4759
2005-01-01T06:00:00Z,1.5,99,3.5,58.3,0.4636
2005-01-01T07:00:00Z,1.4,97,3,60.7,0.4667
2005-01-01T08:00:00Z,1.1,94,2.6,63.2,0.4721
2005-01-01T09:00:00Z,1,86,3.9,59,0.4807
2005-01-01T10:00:00Z,1.2,97,4.7,57.2,0.4932
2005-01-01T11:00:00Z,1.7,113,6.8,48.6,0.4822
2005-01-01T12:00:00Z,2.3,125,8.6,43.6,0.4887
2005-01-01T13:00:00Z,2.2,147,9.5,41.2,0.4908
2005-01-01T14:00:00Z,2.4,153,10.9,35.9,0.468
2005-01-01T15:00:00Z,2.2,147,12.5,32.3,0.467
2005-01-01T16:00:00Z,2.1,139,12.8,32.6,0.4814
2005-01-01T17:00:00Z,3,165,10.9,39.7,0.5166
2005-01-01T18:00:00Z,4.7,191,9,51.8,0.5961
2005-01-01T19:00:00Z,3.6,172,8.1,54.1,0.5882
2005-01-01T20:00:00Z,2.5,151,7.8,54.6,0.5786
2005-01-01T21:00:00Z,2.3,137,6.2,59.6,0.5698
2005-01-01T22:00:00Z,2.1,130,5.7,59.9,0.5523
2005-01-01T23:00:00Z,1.7,115,5.6,59.7,0.5463
2005-01-02T00:00:00Z,1.8,112,4.7,62.9,0.5424
2005-01-02T01:00:00Z,1.6,105,4.5,63.5,0.5411
2005-01-02T02:00:00Z,1.3,96,4.5,63.6,0.5414
2005-01-02T04:00:00Z,1.3,87,3.2,68.3,0.531
2005-01-02T05:00:00Z,1.1,75,3.1,69.2,0.5337
2005-01-02T06:00:00Z,1,82,2.4,71.9,0.5288
2005-01-02T07:00:00Z,1,83,3.1,68.7,0.5317
2005-01-02T08:00:00Z,1.2,88,2.1,73.1,0.5289
2005-01-02T09:00:00Z,1.3,106,3.3,68.2,0.5346
2005-01-02T10:00:00Z,1.6,112,4.1,65.8,0.5451
2005-01-02T11:00:00Z,2.2,141,6.6,56.6,0.5528
2005-01-02T12:00:00Z,2.2,148,8,51.2,0.5516
2005-01-02T13:00:00Z,2.8,171,10.3,44.9,0.5612
2005-01-02T14:00:00Z,2.1,160,12.3,41.7,0.5961
2005-01-02T15:00:00Z,1.6,137,13.5,41.3,0.6342
2005-01-02T16:00:00Z,2.8,167,13.4,43.1,0.66
2005-01-02T17:00:00Z,2.6,164,9.9,53.3,0.6504
2005-01-02T18:00:00Z,2.8,166,8.9,54.6,0.6226
2005-01-02T19:00:00Z,2.9,167,8.9,54.8,0.6244
2005-01-02T20:00:00Z,3.4,174,8.3,58.2,0.6391
2005-01-05T01:00:00Z,1.7,120,9.5,69.5,0.8261
2005-01-05T02:00:00Z,1.9,119,9.1,70.9,0.8176
2005-01-05T04:00:00Z,2,111,7.9,72.1,0.7679
2005-01-05T05:00:00Z,1.7,109,7.6,72.7,0.7598
2005-01-05T06:00:00Z,1.8,110,7.5,71.7,0.7439
2005-01-05T07:00:00Z,2.2,126,7.9,70.6,0.7562
2005-01-05T08:00:00Z,3.7,148,8.6,69,0.7732
2005-01-05T09:00:00Z,4.8,162,9.1,67.5,0.7831
2005-01-05T10:00:00Z,4.8,173,9.8,65.8,0.7967
2005-01-05T11:00:00Z,5.2,198,11.2,61.9,0.8226
2005-01-05T12:00:00Z,5.9,219,12.8,60.1,0.882
2005-01-05T13:00:00Z,5.9,206,13.4,62.4,0.9513
2005-01-05T14:00:00Z,3.1,155,14.3,61.2,0.9941
2005-01-05T15:00:00Z,2.6,150,14.6,59.6,0.9824
2005-01-05T16:00:00Z,2.8,148,14.2,60,0.9684
2005-01-05T17:00:00Z,2.8,158,13.8,62.6,0.9862
2005-01-05T18:00:00Z,2.8,152,13.6,64,0.9891
2005-01-05T19:00:00Z,3.1,148,13.4,64.5,0.9865
2005-01-05T20:00:00Z,3.3,147,13.5,64.7,0.9971
2005-01-05T21:00:00Z,2.7,144,13.4,65.3,0.9967
2005-01-05T22:00:00Z,2.3,144,13.2,64.5,0.9732
2005-01-05T23:00:00Z,1.6,126,13.2,62.3,0.9392
2005-01-06T00:00:00Z,1.6,115,12.5,63.7,0.9196
2005-01-06T01:00:00Z,1.7,116,12.3,64.6,0.9229
2005-01-06T02:00:00Z,1.6,112,12.5,63.8,0.9244
2005-01-06T05:00:00Z,0.9,67,10.7,69.5,0.8919
2005-01-06T06:00:00Z,0.8,72,12.4,62.6,0.8994
2005-01-06T07:00:00Z,0.7,69,12.3,62.7,0.8947
2005-01-06T08:00:00Z,1.1,107,11.4,66.6,0.8948
2005-01-06T09:00:00Z,1.5,117,11.1,70.2,0.9276
2005-01-06T10:00:00Z,1.5,115,13.4,61,0.9348
2005-01-06T11:00:00Z,1.6,120,15.9,52.2,0.9377
2005-01-06T12:00:00Z,1.6,128,15.6,54,0.9515
2005-01-06T13:00:00Z,2,138,16.3,51.5,0.9462
2005-01-06T14:00:00Z,1.7,127,16.5,50.8,0.9442
2005-01-06T15:00:00Z,1.5,111,16.3,51.9,0.9535
2005-01-06T16:00:00Z,2,122,16.2,53,0.9687
2005-01-06T17:00:00Z,1.9,134,15.6,54.8,0.966
2005-01-06T18:00:00Z,2.1,153,14.5,57.5,0.944
2005-01-06T19:00:00Z,2.8,169,14,60.1,0.9566
2005-01-06T20:00:00Z,2.7,162,13.5,63,0.9686
2005-01-06T21:00:00Z,2.4,152,12.6,65.4,0.9529
2005-01-06T22:00:00Z,1.6,127,12,67.5,0.9413
2005-01-06T23:00:00Z,1.7,112,10.5,72,0.912
2005-01-07T00:00:00Z,1.3,98,10,70.9,0.8706
2005-01-07T01:00:00Z,1.4,89,9.8,70.7,0.8571
2005-01-07T02:00:00Z,1.2,82,8,75,0.8098
2005-01-07T04:00:00Z,1,77,7,77.3,0.7782
2005-01-07T05:00:00Z,0.6,55,7.2,74.4,0.7581
2005-01-07T06:00:00Z,0.7,63,6.7,75,0.7418
2005-01-07T07:00:00Z,1,69,6.4,76.3,0.7389
2005-01-07T08:00:00Z,1.7,99,6,78.5,0.7377
2005-01-07T09:00:00Z,3,125,6.3,77.4,0.7452
2005-01-07T10:00:00Z,2.4,123,7.7,73.8,0.7769
2005-01-07T11:00:00Z,2.2,128,10.2,61.5,0.7638
2005-01-07T12:00:00Z,2.6,149,11.3,58.1,0.7743
2005-01-07T13:00:00Z,2.5,137,10.6,62.3,0.7981
2005-01-07T14:00:00Z,3,147,11.1,62,0.8199
2005-01-07T15:00:00Z,3.3,168,12.6,57.7,0.8387
2005-01-07T16:00:00Z,3.8,180,13.3,56.2,0.8548
2005-01-07T17:00:00Z,3.6,170,11.2,65.3,0.8639
2005-01-07T18:00:00Z,5,180,8.8,74.6,0.8434
2005-01-07T19:00:00Z,5.7,178,7.2,78.5,0.803
2005-01-07T20:00:00Z,5,159,6.5,80,0.7789
2005-01-07T21:00:00Z,4.8,156,5.8,83.8,0.7768
2005-01-07T22:00:00Z,3.9,146,5.5,83.5,0.7619
2005-01-07T23:00:00Z,3.3,132,5.8,81.3,0.7568
2005-01-08T00:00:00Z,3.4,137,5.4,82.6,0.7495
2005-01-08T01:00:00Z,2.4,114,6.4,76.3,0.7369
2005-01-08T02:00:00Z,1.4,95,7,73.6,0.7417
2005-01-08T04:00:00Z,1.2,88,7.9,69.3,0.7413
2005-01-08T05:00:00Z,1.2,94,7.4,71.7,0.7434
2005-01-08T06:00:00Z,1.2,97,7.7,71.9,0.7575
2005-01-08T07:00:00Z,1.3,93,8.1,68,0.7396
2005-01-08T08:00:00Z,2.3,113,6.7,77.1,0.7597
2005-01-08T09:00:00Z,3.4,126,6.8,77.9,0.7756
2005-01-08T10:00:00Z,3,133,8.9,66.7,0.7634
2005-01-08T11:00:00Z,2.5,141,11.6,54.1,0.7387
2005-01-08T12:00:00Z,2.7,139,13.5,49.4,0.7598
2005-01-08T13:00:00Z,2.8,147,13.8,50.9,0.796
2005-01-08T14:00:00Z,3.6,175,13.4,55.9,0.8588
2005-01-08T15:00:00Z,3.1,180,12.9,59,0.8736
2005-01-08T16:00:00Z,4.3,194,13.3,59,0.8945
2005-01-08T17:00:00Z,4.6,192,13,61.9,0.9224
2005-01-08T18:00:00Z,4.3,188,12.5,63.6,0.9193
2005-01-08T19:00:00Z,4.3,179,12.2,65.8,0.931
2005-01-08T20:00:00Z,5.5,196,12.6,65.2,0.9474
2005-01-08T21:00:00Z,3.4,169,13.3,63.6,0.9681
2005-01-08T22:00:00Z,2.4,151,13.5,62.6,0.9644
2005-01-08T23:00:00Z,1.6,123,14.1,59.6,0.9563
2005-01-09T00:00:00Z,1.7,127,14,61.4,0.9773
2005-01-09T01:00:00Z,1.6,127,13.5,63.4,0.9755
2005-01-09T02:00:00Z,1.3,118,13.2,64.2,0.9706
2005-01-09T05:00:00Z,0.6,44,13.5,63.8,0.9801
2005-01-09T06:00:00Z,0.6,46,12.5,67.3,0.9743
2005-01-09T07:00:00Z,0.5,46,13.2,64.2,0.9664
2005-01-09T08:00:00Z,0.6,61,13.1,63.4,0.9535
2005-01-09T09:00:00Z,0.7,60,13.8,60.5,0.9526
2005-01-09T10:00:00Z,0.9,71,13.7,60.4,0.939
2005-01-09T11:00:00Z,1.5,111,14,59.7,0.9495
2005-01-09T12:00:00Z,1.9,127,15,56.2,0.9539
2005-01-09T13:00:00Z,1.9,128,16.9,50.9,0.9714
2005-01-09T14:00:00Z,2.2,142,16.6,52.4,0.981
2005-01-09T15:00:00Z,3.8,145,16.4,53.2,0.9826
2005-01-09T16:00:00Z,2,145,16.1,52.8,0.9579
2005-01-09T17:00:00Z,2.2,156,15.7,54.4,0.9616
2005-01-09T18:00:00Z,3.3,154,15.4,55.3,0.9616
2005-01-09T19:00:00Z,2.7,165,15.2,54.7,0.9362
2005-01-09T20:00:00Z,2.6,153,14.7,56.6,0.9392
2005-01-09T21:00:00Z,2.5,151,14.4,58.2,0.9495
2005-01-09T22:00:00Z,1.5,131,14.3,59.2,0.9608
2005-01-09T23:00:00Z,1.9,128,14,60.4,0.9622
2005-01-10T00:00:00Z,2,137,13.7,63.6,0.9912
2005-01-10T01:00:00Z,1.7,119,13.1,68.7,1.0329
2005-01-10T02:00:00Z,1.2,96,13.2,69.9,1.0526
2005-01-10T04:00:00Z,0.6,60,12.9,70.4,1.0444
2005-01-10T05:00:00Z,-200,54,12.4,72.5,1.0411
2005-01-10T06:00:00Z,-200,66,13,70.3,1.0502
2005-01-10T07:00:00Z,0.4,104,12.3,73.3,1.0448
2005-01-10T08:00:00Z,2.6,137,12.8,71.8,1.0551
2005-01-10T09:00:00Z,3.5,146,13.1,70.2,1.0567
2005-01-10T10:00:00Z,2.1,136,12.8,71.8,1.0551
2005-01-10T11:00:00Z,2.1,144,13.1,70.3,1.0566
2005-01-10T12:00:00Z,1.7,133,13.7,67,1.0446
2005-01-10T13:00:00Z,2.6,148,14,65.4,1.0427
2005-01-10T14:00:00Z,2.6,155,14.4,63.8,1.0421
2005-01-10T15:00:00Z,2.4,152,14.1,65.9,1.0531
2005-01-10T16:00:00Z,2.4,145,14.1,65.9,1.0552
2005-01-10T17:00:00Z,2,139,14.1,66,1.0539
2005-01-10T18:00:00Z,2,134,14,66.4,1.0536
2005-01-10T19:00:00Z,3.1,128,13.8,66.4,1.0451
2005-01-10T20:00:00Z,3.3,135,13.4,68.1,1.0441
2005-01-10T21:00:00Z,3.3,136,13.2,69.1,1.0452
2005-01-10T22:00:00Z,2.6,126,13,70,1.042
2005-01-10T23:00:00Z,1.7,116,12.7,69.9,1.0223
2005-01-11T00:00:00Z,1.8,116,12,71.9,1.0071
2005-01-11T01:00:00Z,1.5,107,13.2,66.8,1.0087
2005-01-11T02:00:00Z,1.1,91,12.4,69.5,0.9986
2005-01-11T04:00:00Z,0.7,70,11.8,70.6,0.9731
2005-01-11T05:00:00Z,0.7,78,12.3,68,0.9734
2005-01-11T06:00:00Z,0.9,75,12,69.2,0.9697
2005-01-11T07:00:00Z,1.3,101,11.7,69.8,0.9612
2005-01-11T08:00:00Z,3.2,136,12.1,67.6,0.95
2005-01-11T09:00:00Z,5.1,147,12.5,65.1,0.9399
2005-01-11T10:00:00Z,3.7,143,12.8,62.5,0.9213
2005-01-11T11:00:00Z,3.2,153,13.4,59.9,0.9143
2005-01-11T12:00:00Z,3.1,148,13.4,57.9,0.8895
2005-01-11T13:00:00Z,3,149,13.6,56.4,0.8754
2005-01-11T14:00:00Z,3.6,141,13.8,56.3,0.8841
2005-01-11T15:00:00Z,3.2,147,13.7,57.9,0.9063
2005-01-11T16:00:00Z,3.9,159,13.6,58.9,0.9139
2005-01-11T17:00:00Z,3.4,152,13.4,59.7,0.9142
2005-01-11T18:00:00Z,3.9,144,13.3,61.2,0.933
2005-01-11T19:00:00Z,3.6,146,13.2,61.8,0.9313
2005-01-11T20:00:00Z,4.7,162,12.9,61.5,0.9139
2005-01-11T21:00:00Z,4.1,156,12.6,63.9,0.9307
2005-01-11T22:00:00Z,3.4,146,12,67.4,0.9417
2005-01-11T23:00:00Z,3.5,151,11.9,69,0.9568
2005-01-12T00:00:00Z,1.2,127,12,66.6,0.9293
2005-01-12T01:00:00Z,2.4,123,11.4,69.6,0.9373
2005-01-12T02:00:00Z,2.1,122,11.2,70.3,0.9323
2005-01-12T05:00:00Z,1,83,10,74.8,0.9161
2005-01-12T06:00:00Z,1.4,98,9.2,78.5,0.9143
2005-01-12T07:00:00Z,1.8,109,8.8,79.4,0.9033
2005-01-12T08:00:00Z,3.8,138,8.7,79.4,0.8944
2005-01-12T09:00:00Z,4.1,138,8.9,76.5,0.8767
2005-01-12T10:00:00Z,4.4,170,9.9,73.3,0.8936
2005-01-12T11:00:00Z,3.5,191,11.8,65.5,0.901
2005-01-12T12:00:00Z,3.5,196,13,60.9,0.9061
2005-01-12T13:00:00Z,3.8,185,14.7,52.3,0.8687
2005-01-12T14:00:00Z,3.1,156,15.1,49.6,0.8428
2005-01-12T15:00:00Z,3.4,173,15.7,48.8,0.8657
2005-01-12T16:00:00Z,3.3,166,15.8,48.9,0.8707
2005-01-12T17:00:00Z,3.4,173,14.6,54,0.8946
2005-01-12T18:00:00Z,4.7,177,14.3,56.3,0.9119
2005-01-12T19:00:00Z,5.7,182,14.1,57.8,0.9262
2005-01-12T20:00:00Z,5.6,166,13.1,62.9,0.943
2005-01-12T21:00:00Z,5.9,177,12,67.5,0.9467
2005-01-12T22:00:00Z,3.6,158,10.7,70.9,0.9113
2005-01-12T23:00:00Z,2.5,133,10,73.2,0.8988
2005-01-13T00:00:00Z,2.9,123,9.4,75,0.8874
2005-01-13T01:00:00Z,2.5,120,8.5,76.9,0.8557
2005-01-13T02:00:00Z,1.7,105,8.4,75.9,0.8407
2005-01-13T04:00:00Z,1.1,86,6.2,82.1,0.7825
2005-01-13T05:00:00Z,0.9,77,7,77.3,0.7759
2005-01-13T06:00:00Z,1,81,6.5,79.7,0.7751
2005-01-13T07:00:00Z,1.6,103,7.7,76.8,0.8112
2005-01-13T08:00:00Z,3.1,127,8.2,74.9,0.8184
2005-01-13T09:00:00Z,4.1,134,8.8,73.2,0.8298
2005-01-13T10:00:00Z,3.9,158,9.7,70.1,0.8432
2005-01-13T11:00:00Z,3.6,175,11.7,62.7,0.8586
2005-01-13T12:00:00Z,3.2,178,13.1,58.5,0.877
2005-01-13T13:00:00Z,2.2,135,14.2,54.1,0.8707
2005-01-13T14:00:00Z,2.4,133,14.2,54.3,0.8757
2005-01-13T15:00:00Z,2.7,134,14,56.3,0.894
2005-01-13T16:00:00Z,2.7,137,13.5,57.8,0.8933
2005-01-13T17:00:00Z,3.9,160,12.3,63,0.9015
2005-01-13T18:00:00Z,5.2,166,11.4,68,0.9166
2005-01-13T19:00:00Z,4,144,10.8,69.5,0.8995
2005-01-13T20:00:00Z,2.9,129,11,67.1,0.8766
2005-01-13T21:00:00Z,3.3,129,9.5,71.3,0.8458
2005-01-13T22:00:00Z,2,107,8.8,71,0.8089
2005-01-13T23:00:00Z,1.8,101,8,73.4,0.7899
2005-01-14T00:00:00Z,2.7,112,7.6,73,0.7629
2005-01-14T01:00:00Z,1.8,98,7.1,73.9,0.7515
2005-01-14T02:00:00Z,1.3,90,7.1,73.5,0.7439
2005-01-14T04:00:00Z,1.1,59,5.1,81.3,0.7204
2005-01-14T05:00:00Z,1.6,98,4.3,82.9,0.6968
2005-01-14T06:00:00Z,1.3,109,5.3,80.4,0.7234
2005-01-14T07:00:00Z,1.4,110,5.7,79.3,0.7326
2005-01-14T08:00:00Z,5,159,6.8,74.8,0.7423
2005-01-14T09:00:00Z,4.3,144,6.9,75.2,0.7505
2005-01-14T10:00:00Z,4.1,147,8,71.9,0.7712
2005-01-14T11:00:00Z,3.8,179,9.3,67.1,0.7849
2005-01-14T12:00:00Z,3.1,164,10.2,63.6,0.7928
2005-01-14T13:00:00Z,3.3,160,11,60.9,0.7966
2005-01-14T14:00:00Z,3.1,143,11.3,60.1,0.8022
2005-01-14T15:00:00Z,2.7,138,12.2,56.9,0.8068
2005-01-14T16:00:00Z,3.4,143,11.9,59.1,0.8211
2005-01-14T17:00:00Z,5,196,10.3,66.3,0.8286
2005-01-14T18:00:00Z,5.7,197,8.2,74.9,0.8187
2005-01-14T19:00:00Z,5.8,189,7.9,77.1,0.8223
2005-01-14T20:00:00Z,5.8,188,8.3,75,0.8253
2005-01-14T21:00:00Z,5,190,8.2,75.2,0.8185
2005-01-14T22:00:00Z,1.7,126,8.3,69.7,0.7632
2005-01-14T23:00:00Z,1.6,113,6.7,74.4,0.7344
2005-01-15T00:00:00Z,2.3,129,6.4,74.9,0.7238
2005-01-15T01:00:00Z,2.4,128,4.9,80.1,0.7011
2005-01-15T02:00:00Z,2,122,4.8,79.4,0.6872
2005-01-15T05:00:00Z,1.1,92,3.4,81.4,0.6425
2005-01-15T06:00:00Z,1,70,4.2,77,0.6439
2005-01-15T07:00:00Z,1.3,83,3.5,80.8,0.6406
2005-01-15T08:00:00Z,1.9,127,3.5,80.3,0.6366
2005-01-15T09:00:00Z,2.6,142,4,78.5,0.645
2005-01-15T10:00:00Z,2.7,155,4.5,76.6,0.6534
2005-01-15T11:00:00Z,2.4,153,5.6,72.3,0.6627
2005-01-15T12:00:00Z,2.7,177,7.5,64.4,0.672
2005-01-15T13:00:00Z,3.1,179,8.9,60.8,0.6921
2005-01-15T14:00:00Z,4.4,212,10.6,55.3,0.7058
2005-01-15T15:00:00Z,3.2,182,12.3,46.3,0.6597
2005-01-15T16:00:00Z,2.9,168,12.2,47,0.6686
2005-01-15T17:00:00Z,3,179,10.5,55.1,0.6993
2005-01-15T18:00:00Z,3.7,182,8.7,66.3,0.7491
2005-01-15T19:00:00Z,5.2,194,7.9,69.9,0.7487
2005-01-15T20:00:00Z,3.3,166,7.6,65.3,0.6842
2005-01-15T21:00:00Z,3.6,168,6.5,67.6,0.6608
2005-01-15T22:00:00Z,2.3,148,5.9,66.4,0.6226
2005-01-15T23:00:00Z,3,151,5.2,70,0.6232
2005-01-16T00:00:00Z,3.8,165,5.2,67.8,0.6028
2005-01-16T01:00:00Z,3.2,165,4.9,67.1,0.5863
2005-01-16T02:00:00Z,2.1,128,5.1,65.5,0.5811
2005-01-16T04:00:00Z,1.7,115,3.7,68.9,0.5549
2005-01-16T05:00:00Z,1.4,120,4.5,62.7,0.5343
2005-01-16T06:00:00Z,1.2,106,4.7,62.3,0.5368
2005-01-16T07:00:00Z,1.4,118,3.9,67.1,0.5483
2005-01-16T08:00:00Z,1.4,156,5.7,54.5,0.5034
2005-01-16T09:00:00Z,1.7,130,6.1,50.3,0.4769
2005-01-16T10:00:00Z,1,112,9,39.5,0.4554
2005-01-16T11:00:00Z,1,96,10.7,34.4,0.4406
2005-01-16T12:00:00Z,0.8,89,11.1,33.4,0.4401
2005-01-16T13:00:00Z,1,98,11.9,30.8,0.4285
2005-01-16T14:00:00Z,0.8,85,11.4,32,0.431
2005-01-16T15:00:00Z,0.7,80,11.3,32.5,0.4334
2005-01-16T16:00:00Z,1.1,112,11,33,0.4331
2005-01-16T17:00:00Z,1.1,121,10.3,35,0.4377
2005-01-16T18:00:00Z,1.2,132,8.4,40.9,0.4542
2005-01-16T19:00:00Z,2,160,8.3,38.5,0.4228
2005-01-16T20:00:00Z,2.2,167,8.1,37.9,0.41
2005-01-16T21:00:00Z,1.5,157,7.7,39,0.4106
2005-01-16T22:00:00Z,1.2,130,7,41.5,0.4193
2005-01-16T23:00:00Z,1.5,145,6.6,42.6,0.4179
2005-01-17T00:00:00Z,1.4,133,6.4,44.2,0.428
2005-01-17T01:00:00Z,1.2,110,6,46,0.4349
2005-01-17T02:00:00Z,1,100,4.4,53.1,0.4484
2005-01-17T04:00:00Z,0.7,79,3.7,55.8,0.4489
2005-01-17T05:00:00Z,0.5,79,2.6,58.6,0.4385
2005-01-17T06:00:00Z,0.7,90,3.2,56,0.4364
2005-01-17T07:00:00Z,1,95,3.6,55.4,0.4419
2005-01-17T08:00:00Z,3,169,1.8,63.3,0.4464
2005-01-17T09:00:00Z,4.1,199,2.4,60.2,0.4426
2005-01-17T10:00:00Z,3.1,186,4.6,52.1,0.4472
2005-01-17T11:00:00Z,3.8,208,8.2,40.5,0.4414
2005-01-17T12:00:00Z,2.7,178,10.5,34.7,0.4393
2005-01-17T13:00:00Z,3.1,176,11.1,33.3,0.4384
2005-01-17T14:00:00Z,3.1,177,11.1,32.6,0.4292
2005-01-17T15:00:00Z,3.2,182,12.4,28.3,0.4076
2005-01-17T16:00:00Z,3.3,182,12.9,24.5,0.363
2005-01-17T17:00:00Z,4,193,11.4,28.7,0.3865
2005-01-17T18:00:00Z,8.6,272,9.2,39.3,0.4573
2005-01-17T19:00:00Z,8.7,225,7.8,48.1,0.5115
2005-01-17T20:00:00Z,3.6,181,7.2,50.6,0.517
2005-01-17T21:00:00Z,3,172,6,53.3,0.5008
2005-01-17T22:00:00Z,1.9,153,5.3,55,0.4921
2005-01-17T23:00:00Z,1.9,143,4.2,58.1,0.4832
2005-01-18T00:00:00Z,1.6,142,3.4,60.9,0.4809
2005-01-18T01:00:00Z,1.4,131,3,60.2,0.4639
2005-01-18T02:00:00Z,1,105,3.2,58.8,0.4578
2005-01-18T05:00:00Z,0.8,87,3.1,59.7,0.4604
2005-01-18T06:00:00Z,0.9,106,4.2,57.1,0.4743
2005-01-18T07:00:00Z,1.5,140,3.4,58.5,0.4608
2005-01-18T08:00:00Z,3.1,167,3.9,57.3,0.4661
2005-01-18T09:00:00Z,5.1,175,4.3,56.8,0.4768
2005-01-18T10:00:00Z,5.8,235,5.6,52.9,0.4841
2005-01-18T11:00:00Z,3.8,196,5.5,54.9,0.4985
2005-01-18T12:00:00Z,4.4,211,5.1,64.3,0.5697
2005-01-18T13:00:00Z,4.9,234,5.5,66.1,0.601
2005-01-18T14:00:00Z,5.2,240,5.5,69.3,0.6331
2005-01-18T15:00:00Z,4.6,243,5,75.5,0.6667
2005-01-18T16:00:00Z,4.8,224,5.2,76.2,0.6796
2005-01-18T17:00:00Z,4.9,240,5.3,77.4,0.6954
2005-01-18T18:00:00Z,4.9,215,5,79.6,0.7022
2005-01-18T19:00:00Z,5.5,216,5.1,83,0.7352
2005-01-18T20:00:00Z,4.2,184,6.4,82.9,0.8022
2005-01-18T21:00:00Z,1.5,152,10.3,74,0.9237
2005-01-18T22:00:00Z,0.1,104,11.3,71.8,0.9577
2005-01-18T23:00:00Z,0.2,104,9.8,81.9,0.9923
2005-01-19T00:00:00Z,0.9,124,9.5,83.8,0.9972
2005-01-19T01:00:00Z,1,127,9.9,81,0.9885
2005-01-19T02:00:00Z,0.4,109,9.9,79.8,0.9725
2005-01-19T04:00:00Z,-200,73,4.8,75.7,0.659
2005-01-19T05:00:00Z,-200,52,4.7,78.9,0.682
2005-01-19T06:00:00Z,-200,57,5,75,0.6627
2005-01-19T07:00:00Z,0.1,89,5.6,69.5,0.6362
2005-01-19T08:00:00Z,0.7,128,7,64.9,0.6512
2005-01-19T09:00:00Z,1.2,152,7.1,65.4,0.6644
2005-01-19T10:00:00Z,0.2,128,6.4,67.4,0.6537
2005-01-19T11:00:00Z,-200,124,5.3,75.9,0.6824
2005-01-19T12:00:00Z,-200,117,6.3,73,0.7024
2005-01-19T13:00:00Z,0.3,110,8.6,63.3,0.7073
2005-01-19T14:00:00Z,0.6,128,10,55,0.6753
2005-01-19T15:00:00Z,0.2,114,9.4,53.6,0.6333
2005-01-19T16:00:00Z,0.2,110,9.2,55,0.6402
2005-01-19T17:00:00Z,0.7,112,8.7,55.1,0.6228
2005-01-19T18:00:00Z,1.8,130,8.9,54.4,0.62
2005-01-19T19:00:00Z,2.2,135,8.6,53.6,0.5992
2005-01-19T20:00:00Z,2.3,141,9,50.4,0.5809
2005-01-19T21:00:00Z,2.6,141,9.2,49.8,0.5808
2005-01-19T22:00:00Z,1.1,95,8.8,52.1,0.5918
2005-01-19T23:00:00Z,1.2,97,8.8,50.9,0.5781
2005-01-20T00:00:00Z,1.8,112,8.7,51.1,0.5755
2005-01-20T01:00:00Z,1.1,74,8.6,51.5,0.5772
2005-01-20T02:00:00Z,0.9,62,8.5,51.9,0.5766
2005-01-20T04:00:00Z,0.6,40,7.8,54.2,0.5755
2005-01-20T05:00:00Z,0.6,45,7.1,56,0.569
2005-01-20T06:00:00Z,0.9,93,7,57.6,0.5784
2005-01-20T07:00:00Z,1,104,7.5,55.3,0.5734
2005-01-20T08:00:00Z,3.4,162,7,56.3,0.566
2005-01-20T09:00:00Z,4.2,169,7.6,53.5,0.5605
2005-01-20T10:00:00Z,4.4,190,8.3,50.5,0.5558
2005-01-20T11:00:00Z,2.9,170,12.4,37.1,0.5329
2005-01-20T12:00:00Z,2.6,151,13.9,32.3,0.5117
2005-01-20T13:00:00Z,2.6,150,14.4,28.9,0.4723
2005-01-20T14:00:00Z,3,154,14.8,25.4,0.4259
2005-01-20T15:00:00Z,2.3,140,15.1,20.8,0.3536
2005-01-20T16:00:00Z,3,167,15.4,23.5,0.4076
2005-01-20T17:00:00Z,4.5,204,13.7,28.1,0.4381
2005-01-20T18:00:00Z,6,210,11.5,37.5,0.5068
2005-01-20T19:00:00Z,4.3,182,10.4,42.3,0.5337
2005-01-20T20:00:00Z,3.4,165,9.9,44,0.5381
2005-01-20T21:00:00Z,2.8,150,8.7,48.3,0.5458
2005-01-20T22:00:00Z,2.1,132,8.1,49.9,0.5417
2005-01-20T23:00:00Z,1.7,120,7.3,52.8,0.5419
2005-01-21T00:00:00Z,1.8,119,8,52.2,0.5623
2005-01-21T01:00:00Z,1.6,110,6.8,56.4,0.5609
2005-01-21T02:00:00Z,1.4,94,6.7,57.4,0.5654
2005-01-21T05:00:00Z,1.3,117,5.5,66.5,0.6054
2005-01-21T06:00:00Z,1.6,121,5.9,65.8,0.6178
2005-01-21T07:00:00Z,2.4,138,6.4,63.9,0.6192
2005-01-21T08:00:00Z,4.5,174,7.2,62.2,0.6351
2005-01-21T09:00:00Z,5.7,179,7.9,60,0.6406
2005-01-21T10:00:00Z,4.3,175,8.3,58.5,0.6403
2005-01-21T11:00:00Z,4.2,183,9.3,54.5,0.6415
2005-01-21T12:00:00Z,4.5,189,10.2,53.1,0.6608
2005-01-21T13:00:00Z,5,198,11.1,51.4,0.679
2005-01-21T14:00:00Z,2.9,142,12.8,46.9,0.6919
2005-01-21T15:00:00Z,3,139,13.1,48,0.7181
2005-01-21T16:00:00Z,3.3,99,13.5,51.5,0.793
2005-01-21T17:00:00Z,1.4,135,13.4,51.2,0.7808
2005-01-21T18:00:00Z,2.3,223,12.1,55.3,0.7777
2005-01-21T19:00:00Z,1.6,194,12,56.5,0.7924
2005-01-21T20:00:00Z,4.9,244,10.4,64.4,0.8123
2005-01-21T21:00:00Z,6.4,243,9.4,69.1,0.815
2005-01-21T22:00:00Z,3.5,230,8.9,71,0.8115
2005-01-21T23:00:00Z,1.7,207,8.1,73.8,0.7968
2005-01-22T00:00:00Z,2.6,223,7.3,76.8,0.7904
2005-01-22T01:00:00Z,1.6,216,7.3,76.7,0.7862
2005-01-22T02:00:00Z,1.5,198,7.1,77.3,0.7826
2005-01-22T04:00:00Z,0.5,126,7,77.8,0.7848
2005-01-22T05:00:00Z,0.9,144,5.7,80.5,0.7416
2005-01-22T06:00:00Z,0.4,183,5.2,81.4,0.7276
2005-01-22T07:00:00Z,0.5,193,5.6,80.4,0.7349
2005-01-22T08:00:00Z,0.8,196,6.3,78.8,0.7544
2005-01-22T09:00:00Z,1.4,208,6.9,76.9,0.7682
2005-01-22T10:00:00Z,1.6,217,9.2,67.7,0.79
2005-01-22T11:00:00Z,1.5,246,11.6,59.8,0.8152
2005-01-22T12:00:00Z,1,204,14,52,0.8288
2005-01-22T13:00:00Z,1,192,15,50.2,0.8495
2005-01-22T14:00:00Z,1.3,186,14.9,49.9,0.8394
2005-01-22T15:00:00Z,0.1,133,15.8,33.8,0.6034
2005-01-22T16:00:00Z,-200,126,15.4,29.3,0.5068
2005-01-22T17:00:00Z,-200,138,14.4,25.7,0.4193
2005-01-22T18:00:00Z,0.1,148,13.4,27.2,0.4157
2005-01-22T19:00:00Z,0.4,167,12.2,28.7,0.4077
2005-01-22T20:00:00Z,0.7,175,11.3,25.7,0.3422
2005-01-22T21:00:00Z,2.7,224,9.7,31.9,0.3848
2005-01-22T22:00:00Z,2.1,215,8.4,36.5,0.4035
2005-01-22T23:00:00Z,1.3,196,8.2,36.8,0.4016
2005-01-23T00:00:00Z,0.8,195,8,36,0.3872
2005-01-23T01:00:00Z,-200,181,7,39.9,0.4006
2005-01-23T02:00:00Z,-200,150,5.7,44.3,0.4093
2005-01-23T04:00:00Z,-200,139,4.2,50.8,0.4234
2005-01-23T05:00:00Z,-200,74,4.6,45.1,0.3861
2005-01-23T06:00:00Z,-200,73,2.7,53.3,0.4006
2005-01-23T07:00:00Z,-200,77,3.1,51,0.3947
2005-01-23T08:00:00Z,-200,98,2.5,54.1,0.4017
2005-01-23T09:00:00Z,-200,121,3.1,53.5,0.4123
2005-01-23T10:00:00Z,-200,162,5,47.5,0.418
2005-01-23T11:00:00Z,-200,178,5.8,43.4,0.4032
2005-01-23T12:00:00Z,-200,206,7.1,42.8,0.4327
2005-01-23T13:00:00Z,-200,191,7.9,41.6,0.4459
2005-01-23T14:00:00Z,-200,175,8.1,41.2,0.448
2005-01-23T15:00:00Z,-200,169,8.3,41.3,0.4533
2005-01-23T16:00:00Z,-200,180,8.9,49.1,0.5629
2005-01-23T17:00:00Z,-200,124,7.1,66,0.6678
2005-01-23T18:00:00Z,-200,130,5.7,75.1,0.6942
2005-01-23T19:00:00Z,-200,141,5.4,77.6,0.7031
2005-01-23T20:00:00Z,-200,157,5.4,78.2,0.7074
2005-01-23T21:00:00Z,-200,123,7.3,68.1,0.6979
2005-01-23T22:00:00Z,-200,104,5.8,74.4,0.6924
2005-01-23T23:00:00Z,-200,134,6.2,72.3,0.6887
2005-01-24T00:00:00Z,-200,105,5.9,72.7,0.6791
2005-01-24T01:00:00Z,-200,121,5,76.5,0.6728
2005-01-24T02:00:00Z,0.1,136,4,80.4,0.663
2005-01-24T04:00:00Z,-200,48,5.8,59.5,0.5519
2005-01-24T05:00:00Z,0.3,40,6.6,51.3,0.5026
2005-01-24T06:00:00Z,0.5,67,7,47.2,0.4745
2005-01-24T07:00:00Z,0.6,104,6.6,47.9,0.4686
2005-01-24T08:00:00Z,1.8,169,7.2,49.8,0.5061
2005-01-24T09:00:00Z,2,203,6.9,52.8,0.5293
2005-01-24T10:00:00Z,1.4,183,8.7,46.7,0.5249
2005-01-24T11:00:00Z,0.6,151,10,40.6,0.4971
2005-01-24T12:00:00Z,0.5,138,11.8,35.4,0.4877
2005-01-24T13:00:00Z,0.7,127,10.7,37.2,0.4788
2005-01-24T15:00:00Z,1.1,148,10.7,33.1,0.4256
2005-01-24T16:00:00Z,1.3,172,10.6,34.2,0.4375
2005-01-24T17:00:00Z,1,163,8.9,38.1,0.4341
2005-01-24T18:00:00Z,1.5,180,7.8,39.7,0.4206
2005-01-24T19:00:00Z,1.5,169,7.3,42.2,0.4341
2005-01-24T20:00:00Z,1.2,152,6.9,42.5,0.4257
2005-01-24T21:00:00Z,0.3,107,6.6,43.2,0.4247
2005-01-24T22:00:00Z,-200,75,6.4,41.7,0.4034
2005-01-24T23:00:00Z,-200,58,6.1,42.6,0.4041
2005-01-25T00:00:00Z,-200,57,5.9,41.8,0.3928
2005-01-25T01:00:00Z,-200,44,5.7,41.5,0.3836
2005-01-25T02:00:00Z,-200,29,5.5,42.4,0.3867
2005-01-25T04:00:00Z,-200,19,4.3,51.6,0.4323
2005-01-25T05:00:00Z,-200,20,3.7,56.3,0.453
2005-01-25T06:00:00Z,-200,35,3.3,58.1,0.4559
2005-01-25T07:00:00Z,-200,60,3.9,47.3,0.3862
2005-01-25T08:00:00Z,0.2,115,4.3,45.9,0.3843
2005-01-25T09:00:00Z,0.7,157,4.2,50.1,0.4168
2005-01-25T10:00:00Z,0.5,147,3.4,62.7,0.4943
2005-01-25T11:00:00Z,0.4,188,5,51.4,0.4534
2005-01-25T12:00:00Z,0.3,126,5.7,44.1,0.4063
2005-01-25T13:00:00Z,0.3,114,5.2,44.5,0.3968
2005-01-25T14:00:00Z,0.4,123,4.7,48.6,0.4194
2005-01-25T15:00:00Z,0.2,107,4.5,51,0.4327
2005-01-25T16:00:00Z,0.4,121,5.1,50.1,0.4432
2005-01-25T17:00:00Z,0.4,118,5,50.4,0.443
2005-01-25T18:00:00Z,0.7,134,4.3,56.4,0.4721
2005-01-25T19:00:00Z,1,142,4.3,56.7,0.476
2005-01-25T20:00:00Z,1.1,133,4.3,57,0.4771
2005-01-25T21:00:00Z,0.3,106,3.5,60.3,0.4782
2005-01-25T22:00:00Z,0.1,87,4.1,52.5,0.4351
2005-01-25T23:00:00Z,-200,67,3.9,50.6,0.4127
2005-01-26T00:00:00Z,-200,55,3.9,47.7,0.3901
2005-01-26T01:00:00Z,-200,49,4,47.8,0.3939
2005-01-26T02:00:00Z,-200,30,3.9,50.9,0.4144
2005-01-26T04:00:00Z,-200,20,3.3,52.8,0.4137
2005-01-26T05:00:00Z,-200,17,2.7,53.9,0.4062
2005-01-26T06:00:00Z,-200,35,2.8,54.4,0.411
2005-01-26T07:00:00Z,-200,71,3.6,49,0.3915
2005-01-26T08:00:00Z,0.3,136,3.3,50.2,0.3934
2005-01-26T09:00:00Z,0.6,163,3.5,47.5,0.3778
2005-01-26T10:00:00Z,0.3,143,4.3,49.4,0.4136
2005-01-26T11:00:00Z,0.1,134,4.5,48.4,0.4131
2005-01-26T12:00:00Z,0.1,130,4.3,50,0.4199
2005-01-26T13:00:00Z,0.2,122,4.3,49.7,0.4166
2005-01-26T14:00:00Z,0.5,129,4.9,45.3,0.3955
2005-01-26T15:00:00Z,0.3,132,5.6,42.4,0.3884
2005-01-26T16:00:00Z,0.3,133,5.7,43.1,0.3984
2005-01-26T17:00:00Z,0.3,126,4.8,49.7,0.4305
2005-01-26T18:00:00Z,1,177,5.1,43,0.3821
2005-01-26T19:00:00Z,1.4,185,5.3,44.4,0.397
2005-01-26T20:00:00Z,1.4,169,4.9,47.9,0.418
2005-01-26T21:00:00Z,1.1,151,4.7,50.8,0.4398
2005-01-26T22:00:00Z,0.4,114,4.6,54.8,0.4704
2005-01-26T23:00:00Z,0.2,90,4,56.8,0.4688
2005-01-27T00:00:00Z,0.2,87,4.2,46.8,0.39
2005-01-27T01:00:00Z,0.2,83,4.5,42,0.3571
2005-01-27T02:00:00Z,0.2,74,4.1,42.1,0.3487
2005-01-27T04:00:00Z,-200,28,4.4,42.2,0.3571
2005-01-27T05:00:00Z,0.4,26,4.1,45.9,0.3804
2005-01-27T06:00:00Z,0.5,61,4.3,42.5,0.3556
2005-01-27T07:00:00Z,0.7,91,4.6,38.1,0.3267
2005-01-27T08:00:00Z,1.9,184,4.6,39.4,0.3367
2005-01-27T09:00:00Z,2.4,204,4.8,41.9,0.3634
2005-01-27T10:00:00Z,2,185,5.9,40.2,0.376
2005-01-27T11:00:00Z,1.3,125,7,38.4,0.3861
2005-01-27T12:00:00Z,1,104,6.6,40.2,0.3944
2005-01-27T13:00:00Z,1.2,115,6.6,41.2,0.4046
2005-01-27T14:00:00Z,1.5,126,7.3,36.8,0.3779
2005-01-27T15:00:00Z,1.3,125,7.3,35,0.3584
2005-01-27T16:00:00Z,1.5,139,7,33.5,0.3367
2005-01-27T17:00:00Z,1.5,142,6.5,32.4,0.3155
2005-01-27T18:00:00Z,2.1,170,5.7,33.9,0.3131
2005-01-27T19:00:00Z,2.6,195,5,36.1,0.3178
2005-01-27T20:00:00Z,3,202,4.7,38.3,0.3306
2005-01-27T21:00:00Z,2,168,4.5,39.9,0.339
2005-01-27T22:00:00Z,1.4,128,4.3,41.1,0.3451
2005-01-27T23:00:00Z,1.3,115,4,43.1,0.3551
2005-01-28T00:00:00Z,1.2,111,3.7,46,0.3701
2005-01-28T01:00:00Z,1.1,97,3.3,47.4,0.3716
2005-01-28T02:00:00Z,0.9,77,3,49.1,0.3774
2005-01-28T04:00:00Z,0.6,51,3.6,48,0.3835
2005-01-28T05:00:00Z,0.5,49,4,47.8,0.3919
2005-01-28T06:00:00Z,0.6,79,4.1,48.1,0.3975
2005-01-28T07:00:00Z,0.7,92,4.1,47.4,0.3926
2005-01-28T08:00:00Z,1.6,167,4.2,48.7,0.4073
2005-01-28T09:00:00Z,2.2,206,4.1,49.8,0.4117
2005-01-28T10:00:00Z,1.8,184,4.3,48.4,0.4043
2005-01-28T11:00:00Z,1.5,176,4.6,49.7,0.4271
2005-01-28T12:00:00Z,1.8,191,4.5,49.6,0.421
2005-01-28T13:00:00Z,1.4,147,4.4,48.4,0.4087
2005-01-28T14:00:00Z,2.1,174,4.7,47.2,0.4075
2005-01-28T15:00:00Z,1.6,167,4.2,49.5,0.4118
2005-01-28T16:00:00Z,1.3,138,3.4,50.7,0.3991
2005-01-29T02:00:00Z,0.7,60,1.9,49.7,0.3528
2005-01-29T04:00:00Z,0.5,34,1.4,53.8,0.36870000000000003
2005-01-29T05:00:00Z,0.5,31,1,54.7,0.3657
2005-01-29T06:00:00Z,0.4,37,1.4,52.3,0.3591
2005-01-29T07:00:00Z,0.5,58,1.6,51,0.3561
2005-01-29T08:00:00Z,0.8,92,1.4,53.1,0.3642
2005-01-29T09:00:00Z,1.1,110,1.7,54.1,0.3785
2005-01-29T10:00:00Z,1.1,101,2.5,51,0.3778
2005-01-29T11:00:00Z,1.1,96,2.9,48.7,0.3706
2005-01-29T12:00:00Z,1.1,102,3.6,45.8,0.3674
2005-01-29T13:00:00Z,1.1,96,3.1,48.1,0.3722
2005-01-29T14:00:00Z,1.2,102,3.4,46.6,0.3668
2005-01-29T15:00:00Z,1,88,3.7,45.8,0.3697
2005-01-29T16:00:00Z,1.2,87,4.4,43.7,0.3688
2005-01-29T17:00:00Z,1.3,115,4,44.9,0.3689
2005-01-29T18:00:00Z,1.4,118,3.3,46.8,0.3671
2005-01-29T19:00:00Z,1.3,134,3.1,48.1,0.3707
2005-01-29T20:00:00Z,1.4,125,2.8,49,0.37
2005-01-29T21:00:00Z,1.5,140,3.1,47.4,0.3661
2005-01-29T22:00:00Z,1,83,2.9,49,0.3725
2005-01-29T23:00:00Z,1,73,2.8,49.1,0.3726
2005-01-30T00:00:00Z,1.1,92,2.9,49.7,0.3782
2005-01-30T01:00:00Z,1.3,109,3.8,46.5,0.3762
2005-01-30T02:00:00Z,1,82,3.2,46.9,0.3658
2005-01-30T04:00:00Z,-200,83,3.1,44.8,0.3473
2005-01-30T05:00:00Z,0.6,50,3.1,44.4,0.342
2005-01-30T06:00:00Z,0.5,44,3,43.4,0.3337
2005-01-30T07:00:00Z,0.4,49,2.8,43.8,0.3308
2005-01-30T08:00:00Z,0.5,62,2.7,43.2,0.3259
2005-01-30T09:00:00Z,0.7,85,3.3,42.3,0.3299
2005-01-30T10:00:00Z,0.8,82,4.6,39,0.333
2005-01-30T11:00:00Z,0.8,77,5.6,37.5,0.3426
2005-01-30T12:00:00Z,1,92,7.2,34.2,0.3488
2005-01-30T13:00:00Z,0.9,95,6.9,35.6,0.3561
2005-01-30T14:00:00Z,0.9,95,8.2,30.1,0.3281
2005-01-30T15:00:00Z,0.9,76,7.6,27.9,0.2927
2005-01-30T16:00:00Z,1,95,7.9,25.9,0.2774
2005-01-30T17:00:00Z,1,118,7.8,28.3,0.3017
2005-01-30T18:00:00Z,1.1,123,6.3,28.8,0.2772
2005-01-30T19:00:00Z,1.2,140,5.4,30.1,0.2726
2005-01-30T20:00:00Z,1.6,163,5,31.1,0.273
2005-01-30T21:00:00Z,1.7,164,4.6,33.8,0.2898
2005-01-30T22:00:00Z,1.1,120,4.3,36.6,0.3064
2005-01-30T23:00:00Z,1.3,130,4,39,0.3203
2005-01-31T00:00:00Z,1.7,145,2.9,42.8,0.3276
2005-01-31T01:00:00Z,1.5,126,3.4,38.9,0.3076
2005-01-31T02:00:00Z,0.8,61,4,36.4,0.2982
2005-01-31T04:00:00Z,0.4,37,3.7,37.7,0.3024
2005-01-31T05:00:00Z,0.4,37,3.4,38.9,0.3075
2005-01-31T06:00:00Z,0.4,50,3.7,37.5,0.3012
2005-01-31T07:00:00Z,0.7,109,3.7,35.2,0.2833
2005-01-31T08:00:00Z,1.8,198,3.7,33.9,0.2732
2005-01-31T10:00:00Z,3.5,283,6.6,34.4,0.3359
2005-01-31T11:00:00Z,2.8,256,10,22.4,0.2753
2005-01-31T12:00:00Z,3.1,261,11.9,18.6,0.2581
2005-01-31T13:00:00Z,2.5,181,12.5,17.2,0.2477
2005-01-31T14:00:00Z,2.7,194,13.2,17.3,0.2606
2005-01-31T15:00:00Z,2.9,214,13.5,18.7,0.2872
2005-01-31T16:00:00Z,3.2,204,14.1,18.2,0.2908
2005-01-31T17:00:00Z,4.1,228,13,20.3,0.303
2005-01-31T18:00:00Z,6.1,270,10.4,24.7,0.3116
2005-01-31T19:00:00Z,6.8,285,8.6,29.8,0.3344
2005-01-31T20:00:00Z,6.8,282,7.3,36.8,0.3771
2005-01-31T21:00:00Z,3.7,235,6.3,39.4,0.3795
2005-01-31T22:00:00Z,2.1,208,5.4,43.5,0.3922
2005-01-31T23:00:00Z,1.4,161,5.1,45.6,0.4056
2005-02-01T00:00:00Z,1.3,146,4.2,49.4,0.412
2005-02-01T01:00:00Z,1.1,123,4.1,50.1,0.415
2005-02-01T02:00:00Z,1,109,4.1,51.5,0.4263
2005-02-01T04:00:00Z,0.8,115,2.5,64.8,0.4807
2005-02-01T05:00:00Z,0.9,114,1.8,68.9,0.4878
2005-02-01T06:00:00Z,1.1,122,2,64.9,0.4661
2005-02-01T07:00:00Z,1.6,149,2.2,65.3,0.473
2005-02-01T08:00:00Z,3.7,187,3.1,64,0.4938
2005-02-01T09:00:00Z,4.8,198,3.7,61.7,0.4967
2005-02-01T10:00:00Z,4.1,196,4.4,58.8,0.4979
2005-02-01T11:00:00Z,4.5,218,5.8,54.1,0.502
2005-02-01T12:00:00Z,4.5,227,7.3,50.8,0.5226
2005-02-01T13:00:00Z,3.7,181,9.5,47.2,0.5589
2005-02-01T14:00:00Z,4.2,179,11.8,44.4,0.6118
2005-02-01T15:00:00Z,3.3,151,12.7,45.5,0.6648
2005-02-01T16:00:00Z,3.2,162,13.5,44.8,0.6898
2005-02-01T17:00:00Z,3.6,165,12.3,48.9,0.6967
2005-02-01T18:00:00Z,3.5,173,10.8,40.3,0.5201
2005-02-01T19:00:00Z,4.1,188,9.4,36.7,0.4324
2005-02-01T20:00:00Z,4,186,8.3,39.5,0.4318
2005-02-01T21:00:00Z,3.3,172,7.8,41.3,0.4389
2005-02-01T22:00:00Z,3,150,7.3,43.8,0.4505
2005-02-01T23:00:00Z,2.6,137,6.7,47.6,0.4688
2005-02-02T00:00:00Z,2.6,133,6.6,51.2,0.5007
2005-02-02T01:00:00Z,2.6,122,6.4,52.6,0.5074
2005-02-02T02:00:00Z,2.9,130,5.3,57.8,0.5177
2005-02-02T04:00:00Z,2.5,121,3.3,66.8,0.5215
2005-02-02T05:00:00Z,2,115,3.7,62.9,0.5059
2005-02-02T06:00:00Z,2.2,125,2.6,67.5,0.5034
2005-02-02T07:00:00Z,2.4,136,3.5,60.9,0.4857
2005-02-02T08:00:00Z,4,174,2.7,63.4,0.4787
2005-02-02T09:00:00Z,6.7,224,2.8,64.2,0.4859
2005-02-02T10:00:00Z,5.6,230,5.8,53.1,0.4942
2005-02-02T11:00:00Z,4.3,205,9.7,40.1,0.4832
2005-02-02T12:00:00Z,4,204,12.7,30,0.4398
2005-02-02T13:00:00Z,2.6,139,13.7,20.7,0.3221
2005-02-02T14:00:00Z,2.2,133,13.7,19.9,0.3114
2005-02-02T15:00:00Z,1.9,127,14.1,18.1,0.2884
2005-02-02T16:00:00Z,1.8,124,14.5,18,0.2956
2005-02-02T17:00:00Z,3.1,158,13.2,20.4,0.3074
2005-02-02T18:00:00Z,4.8,171,10.5,25.1,0.3194
2005-02-02T19:00:00Z,5.8,193,8.9,31.4,0.3597
2005-02-02T20:00:00Z,5.9,195,8.2,36.2,0.3953
2005-02-02T21:00:00Z,4.1,212,6.7,39.6,0.3906
2005-02-02T22:00:00Z,1.8,193,5.8,42,0.3904
2005-02-02T23:00:00Z,1.7,167,4.9,45.9,0.3999
2005-02-03T00:00:00Z,1.7,156,4.5,47.9,0.4079
2005-02-03T01:00:00Z,1.5,153,3.9,51.6,0.4226
2005-02-03T02:00:00Z,1.1,128,3.4,54.7,0.4323
2005-02-03T04:00:00Z,-200,96,2,60.8,0.4337
2005-02-03T05:00:00Z,0.3,105,1.2,63.7,0.4327
2005-02-03T06:00:00Z,0.4,130,2.1,60.3,0.4368
2005-02-03T07:00:00Z,0.6,134,1.3,63.1,0.4322
2005-02-03T08:00:00Z,3,275,1.3,64.8,0.441
2005-02-03T09:00:00Z,5.6,309,2.1,62.2,0.4491
2005-02-03T10:00:00Z,4.9,322,5.1,50.8,0.4499
2005-02-03T11:00:00Z,3.5,333,8.5,39.7,0.4425
2005-02-03T12:00:00Z,2.2,235,11.5,33,0.4476
2005-02-03T13:00:00Z,2.7,241,12.2,34.3,0.4864
2005-02-03T14:00:00Z,2.7,214,13.5,35,0.5396
2005-02-03T15:00:00Z,2.1,174,14.9,34.9,0.5869
2005-02-03T16:00:00Z,2,157,15.7,34.5,0.6111
2005-02-03T17:00:00Z,2.4,170,14.7,37.2,0.618
2005-02-03T18:00:00Z,6.7,212,12.2,44.8,0.6342
2005-02-03T19:00:00Z,6.4,249,10.3,52.4,0.6578
2005-02-03T20:00:00Z,3.9,231,9.3,55.5,0.6503
2005-02-03T21:00:00Z,2.7,216,8.3,57.6,0.6304
2005-02-03T22:00:00Z,3,217,6.3,65.1,0.6237
2005-02-03T23:00:00Z,2.1,203,6.5,63.1,0.6132
2005-02-04T00:00:00Z,1.2,161,6,62.7,0.589
2005-02-04T01:00:00Z,1.2,147,5.1,65.4,0.5797
2005-02-04T02:00:00Z,0.7,111,4.7,64.6,0.5568
2005-02-04T04:00:00Z,0.8,115,5,63.5,0.5575
2005-02-04T05:00:00Z,0.4,80,3.9,65.5,0.5367
2005-02-04T06:00:00Z,0.7,122,1.8,74.5,0.5271
2005-02-04T07:00:00Z,1.4,186,1.8,73.7,0.5198
2005-02-04T08:00:00Z,4,306,2.3,70.9,0.5182
2005-02-04T09:00:00Z,3.9,301,4.4,61.1,0.5176
2005-02-04T10:00:00Z,3.1,274,7.7,49.8,0.5267
2005-02-04T11:00:00Z,3.2,247,12.1,36.9,0.5212
2005-02-04T12:00:00Z,1.5,169,15,28.5,0.4821
2005-02-04T13:00:00Z,1.2,138,14.5,28.3,0.4665
2005-02-04T14:00:00Z,1.9,149,12.9,31.8,0.4707
2005-02-04T15:00:00Z,1.5,165,12.1,32.3,0.4548
2005-02-04T16:00:00Z,1.4,156,11.3,33.5,0.4476
2005-02-04T17:00:00Z,1.9,184,11.4,32.6,0.4373
2005-02-04T18:00:00Z,2.2,197,9.1,37.8,0.4372
2005-02-04T19:00:00Z,3,204,8.1,41,0.4458
2005-02-04T20:00:00Z,2.6,207,7.7,41.9,0.4409
2005-02-04T21:00:00Z,2.8,208,7.1,43.9,0.4433
2005-02-04T22:00:00Z,1.6,174,6.3,45.8,0.4408
2005-02-04T23:00:00Z,1.3,157,6,46.1,0.4351
2005-02-05T00:00:00Z,1.6,166,5.5,49,0.4471
2005-02-05T01:00:00Z,1.5,167,4.9,52,0.4548
2005-02-05T02:00:00Z,1.3,154,4.1,54.7,0.4536
2005-02-05T04:00:00Z,2,164,1.5,66.2,0.4571
2005-02-05T05:00:00Z,1.3,149,1,67.7,0.4523
2005-02-05T06:00:00Z,0.9,150,0.8,69.9,0.4591
2005-02-05T07:00:00Z,1.4,205,1.3,67.2,0.4598
2005-02-05T08:00:00Z,3.1,283,2,63.6,0.4564
2005-02-05T09:00:00Z,4.1,310,4.1,52.7,0.4345
2005-02-05T10:00:00Z,1.3,200,7.5,39.2,0.4091
2005-02-05T11:00:00Z,0.9,147,9,34.5,0.398
2005-02-05T12:00:00Z,1,128,9.2,34.5,0.4025
2005-02-05T13:00:00Z,1,121,9.3,33.8,0.3981
2005-02-05T14:00:00Z,1.1,129,9.3,33.1,0.3874
2005-02-05T15:00:00Z,0.8,110,9.7,30.8,0.3716
2005-02-05T16:00:00Z,1,126,9.6,31.1,0.3718
2005-02-05T17:00:00Z,0.9,121,8.6,32.8,0.3669
2005-02-05T18:00:00Z,0.9,142,7.2,35,0.3567
2005-02-05T19:00:00Z,1.6,174,6.4,36.8,0.3566
2005-02-05T20:00:00Z,1.4,168,6,40.2,0.3773
2005-02-05T21:00:00Z,1.4,180,5.5,42.6,0.3874
2005-02-05T22:00:00Z,1.1,157,4.9,43.7,0.3809
2005-02-05T23:00:00Z,1.2,162,4.2,43.2,0.3605
2005-02-06T00:00:00Z,1.8,173,4,39.2,0.3228
2005-02-06T01:00:00Z,1.4,176,3.7,40.1,0.323
2005-02-06T02:00:00Z,1.4,172,3.1,47.1,0.3638
2005-02-06T04:00:00Z,-200,108,0.8,53.8,0.3542
2005-02-06T05:00:00Z,0.8,88,1.2,51.9,0.3515
2005-02-06T06:00:00Z,0.7,85,1,52.2,0.3489
2005-02-06T07:00:00Z,0.7,88,0.6,53.3,0.3467
2005-02-06T08:00:00Z,0.6,94,0.8,52.8,0.3468
2005-02-06T09:00:00Z,0.8,115,0.3,53.7,0.3424
2005-02-06T10:00:00Z,1.3,137,4.1,42.9,0.3551
2005-02-06T11:00:00Z,2,212,8,33.3,0.3591
2005-02-06T12:00:00Z,1.7,173,10.7,25.2,0.3242
2005-02-06T13:00:00Z,1.2,135,11.1,23.5,0.3105
2005-02-06T14:00:00Z,1,100,10.6,26,0.332
2005-02-06T15:00:00Z,0.8,78,10.3,27.7,0.3481
2005-02-06T16:00:00Z,1,100,10.2,28.3,0.3516
2005-02-06T17:00:00Z,1.4,150,9.2,29.9,0.3479
2005-02-06T18:00:00Z,1.1,142,6.9,36.4,0.3635
2005-02-06T19:00:00Z,1.6,165,6,38,0.3584
2005-02-06T20:00:00Z,1.8,179,5.8,36.4,0.3385
2005-02-06T21:00:00Z,1.4,149,5.8,35.4,0.3286
2005-02-06T22:00:00Z,1.1,126,5.4,36.6,0.3304
2005-02-06T23:00:00Z,1,120,5.1,37.9,0.3358
2005-02-07T00:00:00Z,1.1,110,4.8,38,0.33
2005-02-07T01:00:00Z,1,92,4.5,38.1,0.3249
2005-02-07T02:00:00Z,0.8,78,4.3,38.1,0.3207
2005-02-07T04:00:00Z,0.6,65,3.8,41,0.3327
2005-02-07T05:00:00Z,0.6,73,3.3,44.6,0.3499
2005-02-07T06:00:00Z,0.6,85,3.6,44.5,0.3574
2005-02-07T07:00:00Z,0.8,133,3.4,47,0.3713
2005-02-07T08:00:00Z,2.3,246,2.9,49.5,0.3775
2005-02-07T09:00:00Z,2.8,281,5.6,40.5,0.3704
2005-02-07T10:00:00Z,2.1,222,7.5,33.8,0.352
2005-02-07T11:00:00Z,1.7,182,10.8,25.2,0.3251
2005-02-07T12:00:00Z,1.4,154,12.9,20.6,0.3045
2005-02-07T13:00:00Z,1.6,168,12.2,21.4,0.3033
2005-02-07T14:00:00Z,1.4,149,12,21.9,0.3069
2005-02-07T15:00:00Z,1.3,156,12.2,24,0.3392
2005-02-07T16:00:00Z,1.4,156,12,24.3,0.3393
2005-02-07T17:00:00Z,1.7,187,10.5,27.8,0.3525
2005-02-07T18:00:00Z,1.9,194,8.7,33.9,0.3832
2005-02-07T19:00:00Z,2.3,204,7.8,37.6,0.4004
2005-02-07T20:00:00Z,2,174,7.2,39.4,0.4032
2005-02-07T21:00:00Z,1.6,154,7.1,39.6,0.4019
2005-02-07T22:00:00Z,1,117,7.1,39.6,0.4001
2005-02-07T23:00:00Z,0.9,98,7.2,39.3,0.4004
2005-02-08T00:00:00Z,0.9,90,6.9,39.6,0.3966
2005-02-08T01:00:00Z,0.9,74,7,39.8,0.4006
2005-02-08T02:00:00Z,0.5,49,7.1,40.5,0.409
2005-02-08T04:00:00Z,0.5,54,6,42.9,0.404
2005-02-08T05:00:00Z,0.6,69,6.4,42.7,0.4126
2005-02-08T06:00:00Z,0.6,92,6.1,43.6,0.4129
2005-02-08T07:00:00Z,1,146,5.9,45.1,0.4211
2005-02-08T08:00:00Z,2.1,224,6,46.4,0.4367
2005-02-08T09:00:00Z,2.9,253,6.6,43.7,0.4273
2005-02-08T10:00:00Z,2.2,225,8.7,36.3,0.4074
2005-02-08T11:00:00Z,1.6,180,10.5,33.4,0.4246
2005-02-08T12:00:00Z,1.8,194,11.4,27.8,0.3748
2005-02-08T13:00:00Z,1.5,158,12.7,27.4,0.4011
2005-02-08T14:00:00Z,2.2,184,13.3,23.3,0.354
2005-02-08T15:00:00Z,1.6,165,13.9,20.7,0.3271
2005-02-08T16:00:00Z,1.5,156,13.6,20,0.3093
2005-02-11T21:00:00Z,4,207,8.5,50.9,0.5664
2005-02-11T22:00:00Z,4,213,8.3,53.3,0.5843
2005-02-11T23:00:00Z,3.6,192,7.1,58.1,0.5885
2005-02-12T00:00:00Z,4.2,211,5.8,64.3,0.5964
2005-02-12T01:00:00Z,4.3,229,5.3,66.8,0.5979
2005-02-12T02:00:00Z,3.6,216,5,66.6,0.5871
2005-02-12T04:00:00Z,-200,146,5.1,65.9,0.5827
2005-02-12T05:00:00Z,1.4,136,4.1,69,0.5735
2005-02-12T06:00:00Z,1.4,156,4.6,67.6,0.5778
2005-02-12T07:00:00Z,1.6,176,5.2,65.5,0.5836
2005-02-12T08:00:00Z,2.3,224,6,62.8,0.5929
2005-02-12T09:00:00Z,2.4,207,7.1,59.3,0.6005
2005-02-12T10:00:00Z,2.7,221,7.8,58,0.6136
2005-02-12T11:00:00Z,3.4,229,9,54.7,0.6271
2005-02-12T12:00:00Z,3.1,208,10,53.1,0.6495
2005-02-12T13:00:00Z,3.6,207,10.8,52,0.6738
2005-02-12T14:00:00Z,3.8,216,11,51.4,0.6746
2005-02-12T15:00:00Z,3.3,224,11,51.4,0.6725
2005-02-12T16:00:00Z,3.4,225,10.9,52,0.6796
2005-02-12T17:00:00Z,3.7,227,11.1,52,0.6869
2005-02-12T18:00:00Z,4.6,248,11,53.6,0.7033
2005-02-12T19:00:00Z,5,251,11,55.1,0.7221
2005-02-12T20:00:00Z,5.7,265,11.4,55.4,0.7471
2005-02-12T21:00:00Z,5.2,262,11.1,56.9,0.7506
2005-02-12T22:00:00Z,5,241,10.2,60,0.7461
2005-02-12T23:00:00Z,4.5,231,10.1,59.9,0.7379
2005-02-13T00:00:00Z,4.1,229,9.9,63.2,0.7706
2005-02-13T01:00:00Z,4.1,221,9.4,73.4,0.8662
2005-02-13T02:00:00Z,3.1,180,9.4,77.7,0.9203
2005-02-13T04:00:00Z,2.8,140,8.9,81.3,0.9277
2005-02-13T05:00:00Z,2.9,153,8.5,82.9,0.9243
2005-02-13T06:00:00Z,2.6,150,8.3,84,0.9234
2005-02-13T07:00:00Z,2.6,145,8.1,85,0.9221
2005-02-13T08:00:00Z,2.8,149,8.7,83.7,0.9423
2005-02-13T09:00:00Z,3.3,155,9.5,82.4,0.976
2005-02-13T10:00:00Z,3.2,158,11,78.2,1.022
2005-02-13T11:00:00Z,3.3,188,14.1,67.9,1.0859
2005-02-13T12:00:00Z,1.5,154,16.3,56.6,1.0422
2005-02-13T13:00:00Z,1.2,107,18.7,48,1.0259
2005-02-13T14:00:00Z,1.1,92,19.5,39.3,0.882
2005-02-13T15:00:00Z,1.7,106,19.9,34.1,0.782
2005-02-13T16:00:00Z,1,90,19.4,32.4,0.7239
2005-02-13T17:00:00Z,1,100,17.1,35.8,0.6944
2005-02-13T18:00:00Z,2.6,132,15.5,40.7,0.7103
2005-02-13T19:00:00Z,2.5,211,14.8,42.8,0.7182
2005-02-13T20:00:00Z,2.1,179,13.9,43.8,0.6937
2005-02-13T21:00:00Z,1,116,13.7,42.9,0.6687
2005-02-13T22:00:00Z,1.3,143,12.5,47.8,0.6877
2005-02-13T23:00:00Z,1.5,142,11.8,53.4,0.7366
2005-02-14T00:00:00Z,1.4,135,10.9,55.9,0.7312
2005-02-14T01:00:00Z,1.6,136,10.1,58.9,0.7301
2005-02-14T02:00:00Z,1.1,109,9.8,61.2,0.7413
2005-02-14T04:00:00Z,0.5,62,8.3,67.2,0.7382
2005-02-14T05:00:00Z,0.4,49,7.7,68.9,0.728
2005-02-14T06:00:00Z,0.7,81,6.9,70,0.6997
2005-02-14T07:00:00Z,0.7,104,9,37.3,0.4297
2005-02-14T08:00:00Z,2.3,176,9.4,44.9,0.5296
2005-02-14T09:00:00Z,2.5,193,10.3,45.4,0.5666
2005-02-14T10:00:00Z,1.7,168,11.5,39.6,0.5372
2005-02-14T11:00:00Z,2.5,123,11.7,36.9,0.506
2005-02-14T12:00:00Z,2.1,111,11.8,36.2,0.4999
2005-02-14T13:00:00Z,1.1,120,12,38.7,0.5402
2005-02-14T14:00:00Z,1.3,123,13.7,30.3,0.4724
2005-02-14T15:00:00Z,1.1,115,12.6,30.6,0.4443
2005-02-14T16:00:00Z,1.1,120,13,27.4,0.4085
2005-02-14T17:00:00Z,1.4,140,13.6,22.7,0.3529
2005-02-14T18:00:00Z,2.3,185,11.8,23,0.3171
2005-02-14T19:00:00Z,4.2,212,10.7,19.9,0.2547
2005-02-14T20:00:00Z,3.5,200,10.4,18,0.2269
2005-02-14T21:00:00Z,3,191,9.7,20.6,0.2488
2005-02-14T22:00:00Z,1.7,169,9.4,24.8,0.2923
2005-02-14T23:00:00Z,1.6,139,8.8,31.2,0.3533
2005-02-15T00:00:00Z,1,102,8.7,31.2,0.3521
2005-02-15T01:00:00Z,0.8,76,8.5,30.4,0.3391
2005-02-15T02:00:00Z,0.6,56,8,32.9,0.353
2005-02-15T04:00:00Z,-200,30,6.9,39.1,0.3901
2005-02-15T05:00:00Z,0.3,28,6.9,39.8,0.3966
2005-02-15T06:00:00Z,0.4,56,6.1,40.8,0.3868
2005-02-15T07:00:00Z,0.5,94,6,41.5,0.3896
2005-02-15T08:00:00Z,1.5,196,6.1,39.9,0.3781
2005-02-15T09:00:00Z,2.1,220,6.5,39.5,0.3865
2005-02-15T10:00:00Z,1.6,168,9.4,32.7,0.3855
2005-02-15T11:00:00Z,1,133,11.3,24.9,0.3318
2005-02-15T12:00:00Z,1.2,134,12.8,19.8,0.2933
2005-02-15T13:00:00Z,1.3,138,12.3,19.3,0.274
2005-02-15T14:00:00Z,1.4,135,12,19.3,0.2716
2005-02-15T15:00:00Z,1,111,11.9,19.2,0.2677
2005-02-15T16:00:00Z,1.4,124,12.1,20.7,0.2906
2005-02-15T17:00:00Z,1.5,158,11.5,22.1,0.2987
2005-02-15T18:00:00Z,2.4,181,10.4,23.1,0.2905
2005-02-15T19:00:00Z,2.8,185,9.5,25.2,0.2996
2005-02-15T20:00:00Z,3.1,187,8.9,26.9,0.3069
2005-02-15T21:00:00Z,3.1,196,8.2,30.1,0.327
2005-02-15T22:00:00Z,2,174,7.4,31.8,0.3287
2005-02-15T23:00:00Z,2.1,182,6.6,37.5,0.3664
2005-02-16T00:00:00Z,1.9,182,6.3,40.1,0.3842
2005-02-16T01:00:00Z,2.5,193,5.2,44.2,0.3943
2005-02-16T02:00:00Z,2,174,4.4,47.5,0.4017
2005-02-16T04:00:00Z,1.1,142,3.3,52.2,0.4074
2005-02-16T05:00:00Z,0.8,137,3.2,52.4,0.4071
2005-02-16T06:00:00Z,0.9,140,3.6,51.7,0.4123
2005-02-16T07:00:00Z,1.6,201,3.5,54.2,0.4297
2005-02-16T08:00:00Z,3.6,288,5.2,48.3,0.4304
2005-02-16T09:00:00Z,3.3,260,7.8,37.6,0.3994
2005-02-16T10:00:00Z,2.1,206,8.9,33.8,0.385
2005-02-16T11:00:00Z,1.3,98,9.1,33,0.3827
2005-02-16T12:00:00Z,1.1,138,9.1,34.5,0.3994
2005-02-16T13:00:00Z,1.5,139,9.6,31.3,0.3763
2005-02-16T14:00:00Z,1.5,137,8.5,36.3,0.4026
2005-02-16T15:00:00Z,1.6,155,9.3,34.6,0.405
2005-02-16T16:00:00Z,1.5,155,8.9,37.9,0.4318
2005-02-16T17:00:00Z,1.6,148,8.2,41.8,0.4563
2005-02-16T18:00:00Z,2.2,153,7.4,44.5,0.4582
2005-02-16T19:00:00Z,3.4,171,7,43.4,0.4366
2005-02-16T20:00:00Z,5.6,227,6.6,43.4,0.4241
2005-02-16T21:00:00Z,5.2,251,5.9,44.3,0.4137
2005-02-16T22:00:00Z,2.8,216,5,46.6,0.4099
2005-02-16T23:00:00Z,2.4,200,5.8,40.3,0.374
2005-02-17T00:00:00Z,2.7,192,5.4,43.8,0.3945
2005-02-17T01:00:00Z,2.6,187,5.7,42.1,0.3883
2005-02-17T02:00:00Z,2.3,173,5.7,42.1,0.3885
2005-02-17T04:00:00Z,0.6,64,5.7,46.6,0.4298
2005-02-17T05:00:00Z,0.5,46,6.9,45,0.4499
2005-02-17T06:00:00Z,0.5,51,6.9,42.2,0.4224
2005-02-17T07:00:00Z,1,115,6.4,43.8,0.423
2005-02-17T08:00:00Z,2.6,238,6.6,44.6,0.4383
2005-02-17T09:00:00Z,2.7,202,7.7,42.1,0.444
2005-02-17T10:00:00Z,1.8,167,10.1,36.7,0.4536
2005-02-17T11:00:00Z,1.2,139,9,41.4,0.4775
2005-02-17T12:00:00Z,1.3,147,8.7,42.5,0.4787
2005-02-17T13:00:00Z,1.4,130,8.3,47.8,0.5238
2005-02-17T14:00:00Z,1.8,143,8.9,45.5,0.5208
2005-02-17T15:00:00Z,1.3,143,8.9,46.1,0.5256
2005-02-17T16:00:00Z,1.4,136,9,44.9,0.5173
2005-02-17T17:00:00Z,1.4,143,9.3,42.3,0.4974
2005-02-17T18:00:00Z,2.4,177,8.4,45.2,0.4977
2005-02-17T19:00:00Z,2.8,198,7.6,47.8,0.5013
2005-02-17T20:00:00Z,3.3,200,7.4,47.2,0.4871
2005-02-17T21:00:00Z,2.5,191,7.4,46.9,0.4854
2005-02-17T22:00:00Z,2.1,169,6.9,48.2,0.4832
2005-02-17T23:00:00Z,1.2,106,7.1,47.9,0.4867
2005-02-18T00:00:00Z,1.2,105,6.9,48.7,0.4874
2005-02-18T01:00:00Z,1.3,130,6.8,48.2,0.4792
2005-02-18T02:00:00Z,1,82,6.3,49.6,0.4787
2005-02-18T04:00:00Z,-200,45,6.4,49.8,0.4814
2005-02-18T05:00:00Z,0.4,35,6.9,48.1,0.4796
2005-02-18T06:00:00Z,0.5,60,6.4,50.2,0.485
2005-02-18T07:00:00Z,0.7,90,6.4,50.7,0.4886
2005-02-18T08:00:00Z,2.1,205,6.9,48.8,0.4903
2005-02-18T09:00:00Z,2.5,199,8.4,44.6,0.4922
2005-02-18T10:00:00Z,2,153,10.8,37.1,0.4794
2005-02-18T11:00:00Z,1.4,163,11.2,36.2,0.4818
2005-02-18T12:00:00Z,1.3,152,11.8,34.4,0.4758
2005-02-18T13:00:00Z,1.4,146,11.5,33.1,0.4479
2005-02-18T14:00:00Z,1.6,146,10.9,32.6,0.426
2005-02-18T15:00:00Z,1.7,134,11.3,31.7,0.4249
2005-02-18T16:00:00Z,1.8,164,11.6,30.9,0.4223
2005-02-18T17:00:00Z,2.4,141,11.1,32.2,0.4243
2005-02-18T18:00:00Z,2.8,204,9.7,36,0.4333
2005-02-18T19:00:00Z,3.3,210,8.5,39,0.4336
2005-02-18T20:00:00Z,4.8,250,8.3,40.3,0.4411
2005-02-18T21:00:00Z,2.8,202,8,41.3,0.4448
2005-02-18T22:00:00Z,2.4,190,7,44.2,0.4446
2005-02-18T23:00:00Z,2.9,236,5.4,51.8,0.4698
2005-02-19T00:00:00Z,2.7,250,4.1,55,0.4558
2005-02-19T01:00:00Z,2.1,219,3.1,57.8,0.4462
2005-02-19T02:00:00Z,1.5,156,3.1,56.7,0.4388
2005-02-19T04:00:00Z,0.9,98,2.3,58.9,0.4317
2005-02-19T05:00:00Z,0.8,89,1.9,60,0.4276
2005-02-19T06:00:00Z,0.8,104,1.9,60.3,0.4293
2005-02-19T07:00:00Z,1.1,148,0.9,64.6,0.4294
2005-02-19T08:00:00Z,1.9,194,0.6,65,0.4231
2005-02-19T09:00:00Z,2.5,231,2.1,59.9,0.4338
2005-02-19T10:00:00Z,2.2,200,3.1,57.2,0.4402
2005-02-19T11:00:00Z,2.1,217,4.2,54,0.4483
2005-02-19T12:00:00Z,2.3,210,7.4,43.8,0.4538
2005-02-19T13:00:00Z,1.2,126,11.2,34.5,0.4586
2005-02-19T14:00:00Z,1.2,118,13.8,32.4,0.5084
2005-02-19T15:00:00Z,1.1,114,12.4,34.9,0.5002
2005-02-19T16:00:00Z,1.1,117,12.8,31.9,0.4684
2005-02-19T17:00:00Z,1.4,140,13.5,29.1,0.4486
2005-02-19T18:00:00Z,1.7,168,11.6,33.3,0.454
2005-02-19T19:00:00Z,2.5,202,10.9,34.9,0.4568
2005-02-19T20:00:00Z,2.7,211,10.4,37.3,0.4708
2005-02-19T21:00:00Z,3.1,231,9.7,39.7,0.4792
2005-02-19T22:00:00Z,2.8,214,9.1,41.9,0.4857
2005-02-19T23:00:00Z,1.9,181,9.3,41.9,0.4927
2005-02-20T00:00:00Z,1.9,173,9.4,44.7,0.5279
2005-02-20T01:00:00Z,1.7,169,8.5,45.8,0.5108
2005-02-20T02:00:00Z,2.2,174,7.8,50,0.53
2005-02-20T04:00:00Z,1.5,130,8.2,46.9,0.5099
2005-02-20T05:00:00Z,0.8,72,8.4,48.6,0.5375
2005-02-20T06:00:00Z,0.5,40,8,54.7,0.5883
2005-02-20T07:00:00Z,0.5,56,7.8,55.7,0.5914
2005-02-20T08:00:00Z,0.7,81,8,53.8,0.5796
2005-02-20T09:00:00Z,0.7,81,8.8,50.7,0.5752
2005-02-20T10:00:00Z,0.9,88,10.1,47.6,0.587
2005-02-20T11:00:00Z,1,94,10.6,45.8,0.5838
2005-02-20T12:00:00Z,1.1,97,9.1,56.2,0.6515
2005-02-20T13:00:00Z,1.1,112,7.9,66.5,0.7124
2005-02-20T14:00:00Z,1,104,8,65,0.6991
2005-02-20T15:00:00Z,1.1,107,8.4,61,0.6721
2005-02-20T16:00:00Z,1.3,114,8.6,57.3,0.6429
2005-02-20T17:00:00Z,1.2,115,8.4,56.3,0.6227
2005-02-20T18:00:00Z,1.3,127,8,57.7,0.6222
2005-02-20T19:00:00Z,1.1,119,7.1,62.6,0.6341
2005-02-20T20:00:00Z,1.5,149,7.4,59.3,0.6123
2005-02-20T21:00:00Z,1.4,140,7.7,56.9,0.5994
2005-02-20T22:00:00Z,1.1,105,7.7,54.4,0.5753
2005-02-20T23:00:00Z,1.3,116,7.7,53,0.5572
2005-02-21T00:00:00Z,1.4,112,6.7,62.8,0.6188
2005-02-21T01:00:00Z,1.1,80,6.6,61.9,0.6056
2005-02-21T02:00:00Z,0.8,59,5.7,70.3,0.6498
2005-02-21T04:00:00Z,-200,36,4,81.5,0.6712
2005-02-21T05:00:00Z,0.5,49,3.9,81.5,0.6653
2005-02-21T06:00:00Z,0.6,63,3.3,84.3,0.6617
2005-02-21T07:00:00Z,1.2,123,4.2,80.9,0.6742
2005-02-21T08:00:00Z,2.2,164,5.1,75,0.6646
2005-02-21T09:00:00Z,2.9,218,4.6,77.6,0.6651
2005-02-21T10:00:00Z,2.9,254,3.8,84.3,0.6811
2005-02-21T11:00:00Z,2,210,6.2,77.4,0.7383
2005-02-21T12:00:00Z,1.7,208,7.7,67.6,0.7133
2005-02-21T13:00:00Z,2.2,204,8.1,64.8,0.7039
2005-02-21T14:00:00Z,1.8,172,8.1,64,0.6942
2005-02-21T15:00:00Z,1.6,157,6.9,71.3,0.7118
2005-02-21T16:00:00Z,1.9,181,7,73.7,0.7425
2005-02-21T17:00:00Z,2.2,194,7.3,70,0.7195
2005-02-21T18:00:00Z,2.2,193,5.8,77.8,0.7223
2005-02-21T19:00:00Z,4.9,252,5.4,80.9,0.7293
2005-02-21T20:00:00Z,6.3,283,5.5,79.8,0.7261
2005-02-21T21:00:00Z,2.7,208,5.6,74,0.6808
2005-02-21T22:00:00Z,1.4,143,5.6,71.9,0.6604
2005-02-21T23:00:00Z,1.2,124,6.4,70.7,0.6848
2005-02-22T00:00:00Z,0.8,89,6.3,70.1,0.6733
2005-02-22T01:00:00Z,0.8,85,4.4,80.5,0.6825
2005-02-22T02:00:00Z,0.7,66,3.9,83.1,0.6787
2005-02-22T04:00:00Z,0.4,46,3.4,85.4,0.6736
2005-02-22T05:00:00Z,0.5,60,3.3,84.5,0.6608
2005-02-22T06:00:00Z,0.9,117,3.4,84.5,0.664
2005-02-22T07:00:00Z,1.5,178,3.4,84.5,0.6677
2005-02-22T08:00:00Z,3.8,295,4.1,82.7,0.682
2005-02-22T09:00:00Z,5.4,243,4.6,80.3,0.6889
2005-02-22T10:00:00Z,3.5,255,6.1,74,0.7025
2005-02-22T11:00:00Z,1.7,201,9.1,58.4,0.6787
2005-02-22T12:00:00Z,2,208,11.4,48.9,0.658
2005-02-22T13:00:00Z,2.1,212,8.3,64.4,0.7072
2005-02-22T14:00:00Z,3,238,6.5,71,0.6903
2005-02-22T15:00:00Z,2.1,201,6.6,71.1,0.6973
2005-02-22T16:00:00Z,2.5,218,7.4,69.3,0.7165
2005-02-22T17:00:00Z,2.2,222,6.4,70.6,0.6834
2005-02-22T18:00:00Z,2.4,206,5.8,72.5,0.6718
2005-02-22T19:00:00Z,3.6,251,5.6,71.6,0.6556
2005-02-22T20:00:00Z,2.6,190,4.2,77.8,0.6491
2005-02-22T21:00:00Z,2.7,218,4.3,79.5,0.6648
2005-02-22T22:00:00Z,1.4,150,4.5,75.5,0.6429
2005-02-22T23:00:00Z,0.9,111,4.4,77.1,0.6523
2005-02-23T00:00:00Z,1.5,142,4.2,78.2,0.6506
2005-02-23T01:00:00Z,1.1,119,4,79.3,0.6517
2005-02-23T02:00:00Z,0.8,87,3.9,78.7,0.643
2005-02-23T04:00:00Z,0.6,70,3.2,82.8,0.6426
2005-02-23T05:00:00Z,0.6,68,4.1,76,0.6304
2005-02-23T06:00:00Z,0.6,66,4.2,75.9,0.6311
2005-02-23T07:00:00Z,0.7,117,4.5,76.3,0.648
2005-02-23T08:00:00Z,1.7,197,4.4,79.1,0.6687
2005-02-23T09:00:00Z,1.9,198,4.3,79.8,0.6706
2005-02-23T10:00:00Z,1.4,167,3.1,83,0.6419
2005-02-23T11:00:00Z,1.3,180,2.8,83.9,0.6326
2005-02-23T12:00:00Z,1.2,169,3.9,79.5,0.6482
2005-02-23T13:00:00Z,1.9,210,5.1,74.5,0.6621
2005-02-23T14:00:00Z,2.5,232,5.7,72.5,0.6686
2005-02-23T15:00:00Z,2.3,223,5.6,74.6,0.6826
2005-02-23T16:00:00Z,2.3,224,5.4,75.9,0.6875
2005-02-23T17:00:00Z,2.5,238,4.9,78.2,0.6826
2005-02-23T18:00:00Z,2.8,249,4.8,79,0.6845
2005-02-23T19:00:00Z,2.7,223,4.8,78.6,0.6826
2005-02-23T20:00:00Z,3.1,244,4.6,78.2,0.6686
2005-02-23T21:00:00Z,2.9,243,4.2,79.7,0.6647
2005-02-23T22:00:00Z,2.6,226,4.3,78.9,0.6621
2005-02-23T23:00:00Z,1.5,167,4.2,77.9,0.6479
2005-02-24T00:00:00Z,1.6,172,3.2,83,0.645
2005-02-24T01:00:00Z,1.1,120,5.1,74.5,0.6626
2005-02-24T02:00:00Z,0.9,100,4,80.8,0.6666
2005-02-24T04:00:00Z,-200,86,2.9,85.3,0.6503
2005-02-24T05:00:00Z,0.6,81,3.3,84.5,0.6612
2005-02-24T06:00:00Z,0.8,131,3.6,84.4,0.6724
2005-02-24T07:00:00Z,1.5,170,3.8,83.8,0.6771
2005-02-24T08:00:00Z,3.1,267,4.1,82.5,0.6819
2005-02-24T09:00:00Z,3.8,269,3.9,83.9,0.6847
2005-02-24T10:00:00Z,2.7,244,4.1,83.9,0.6967
2005-02-24T11:00:00Z,1.8,232,4.6,82,0.6997
2005-02-24T12:00:00Z,1.4,196,5.5,79.5,0.7238
2005-02-24T13:00:00Z,1.7,195,6.7,76.2,0.7519
2005-02-24T14:00:00Z,1.9,189,7.9,69,0.7394
2005-02-24T15:00:00Z,2.2,212,8.5,66.3,0.7387
2005-02-24T16:00:00Z,3,267,7.6,70.8,0.7399
2005-02-24T17:00:00Z,3,262,7.2,72.4,0.7372
2005-02-24T18:00:00Z,3.9,270,6.7,74.2,0.7326
2005-02-24T19:00:00Z,4,260,6.1,75.8,0.7184
2005-02-24T20:00:00Z,3.9,265,6.3,74.9,0.7187
2005-02-24T21:00:00Z,3.5,262,6,78,0.7345
2005-02-24T22:00:00Z,2.4,227,5.6,81.2,0.7443
2005-02-24T23:00:00Z,2.1,192,5.5,81.5,0.7393
2005-02-25T00:00:00Z,2.5,202,5.3,84.1,0.753
2005-02-25T01:00:00Z,2.1,189,5.2,83.9,0.7487
2005-02-25T02:00:00Z,1.5,157,5.1,83.5,0.7416
2005-02-25T04:00:00Z,1,97,5,82.5,0.7265
2005-02-25T05:00:00Z,0.8,100,5,82.8,0.7273
2005-02-25T06:00:00Z,1,146,5.2,80.7,0.7219
2005-02-25T07:00:00Z,1.4,175,5.3,80.2,0.7179
2005-02-25T10:00:00Z,4.2,190,8.3,67.4,0.7384
2005-02-25T11:00:00Z,3.3,166,10.8,52.1,0.6746
2005-02-25T12:00:00Z,1.7,153,13,40.3,0.6028
2005-02-25T13:00:00Z,2.1,167,10.9,44.8,0.5849
2005-02-25T14:00:00Z,2.2,137,11.5,42.1,0.5706
2005-02-25T15:00:00Z,1.8,140,12.5,38.5,0.5568
2005-02-25T16:00:00Z,2,150,12.6,38.5,0.5586
2005-02-25T17:00:00Z,2.3,152,12.3,38.4,0.5488
2005-02-25T18:00:00Z,2.8,177,10.2,43.1,0.5366
2005-02-25T19:00:00Z,3.4,189,8.6,48.2,0.5385
2005-02-25T20:00:00Z,4,195,7.8,50.8,0.5384
2005-02-25T21:00:00Z,2.3,179,7.3,52.8,0.5404
2005-02-25T22:00:00Z,2.7,188,6.2,62.4,0.5958
2005-02-25T23:00:00Z,2.7,170,5.1,68.2,0.6033
2005-02-26T00:00:00Z,2.8,161,4.7,69,0.5936
2005-02-26T01:00:00Z,2.1,145,4,69.8,0.5756
2005-02-26T02:00:00Z,1.9,136,3.4,71.3,0.5626
2005-02-26T04:00:00Z,1.7,122,2.3,75.1,0.5514
2005-02-26T05:00:00Z,1.3,115,3.8,66.2,0.5359
2005-02-26T06:00:00Z,0.9,103,4.6,60.5,0.5173
2005-02-26T07:00:00Z,1,108,5.7,54.3,0.5022
2005-02-26T08:00:00Z,1,124,6.2,51.3,0.488
2005-02-26T09:00:00Z,1.5,133,6.7,49.5,0.4892
2005-02-26T10:00:00Z,1.5,124,8.8,45,0.5114
2005-02-26T11:00:00Z,1.4,116,9.6,43.5,0.5202
2005-02-26T12:00:00Z,2.4,113,9.8,43.3,0.5238
2005-02-26T13:00:00Z,2.8,117,9.9,43.5,0.53
2005-02-26T14:00:00Z,2.9,118,9.8,44.1,0.5332
2005-02-26T15:00:00Z,2.6,108,9.7,45.1,0.5417
2005-02-26T16:00:00Z,2.5,98,9,47.3,0.542
2005-02-26T17:00:00Z,2.7,117,7.4,56,0.5797
2005-02-26T18:00:00Z,2.8,126,6.4,61.7,0.5956
2005-02-26T19:00:00Z,3,142,6.8,58,0.5758
2005-02-26T20:00:00Z,3.7,157,7.3,56.7,0.5806
2005-02-26T21:00:00Z,3.5,161,7.2,56.7,0.579
2005-02-26T22:00:00Z,3.8,169,6.7,59.1,0.5848
2005-02-26T23:00:00Z,4.3,166,5.9,62.1,0.5808
2005-02-27T00:00:00Z,4.8,189,6.3,60.4,0.5811
2005-02-27T01:00:00Z,4.2,184,5.5,60.2,0.5458
2005-02-27T02:00:00Z,3.3,145,4.6,64.4,0.5525
2005-02-27T04:00:00Z,-200,119,2.8,70.9,0.5383
2005-02-27T05:00:00Z,1,87,3.7,65.9,0.5295
2005-02-27T06:00:00Z,0.9,77,1.6,74.3,0.5168
2005-02-27T07:00:00Z,1.1,112,1.4,76.3,0.5261
2005-02-27T08:00:00Z,1.1,118,2.5,69.5,0.5172
2005-02-27T09:00:00Z,1.2,124,3.7,64.8,0.5208
2005-02-27T10:00:00Z,1.7,144,7.8,49.9,0.5307
2005-02-27T11:00:00Z,1.6,128,11.2,37.1,0.4936
2005-02-27T12:00:00Z,1.4,120,12.6,30.6,0.446
2005-02-27T13:00:00Z,1.8,131,10.3,32.9,0.4131
2005-02-27T14:00:00Z,1.1,115,10,35.5,0.4346
2005-02-27T15:00:00Z,0.9,82,8.8,40,0.4538
2005-02-27T16:00:00Z,1.1,100,8.3,40.3,0.4431
2005-02-27T17:00:00Z,1.1,111,7.9,38.9,0.4141
2005-02-27T18:00:00Z,1.2,132,6.8,41,0.4072
2005-02-27T19:00:00Z,1.6,155,6,42,0.3962
2005-02-27T20:00:00Z,2.6,181,5.5,43.5,0.3963
2005-02-27T21:00:00Z,1.5,155,4.6,46.8,0.4001
2005-02-27T22:00:00Z,1,105,4.5,48,0.4085
2005-02-27T23:00:00Z,1.3,119,4.3,48.6,0.4069
2005-02-28T00:00:00Z,1.6,150,4,50,0.4115
2005-02-28T01:00:00Z,1,94,4,52.9,0.4338
2005-02-28T02:00:00Z,0.6,56,4,51,0.42
2005-02-28T04:00:00Z,0.3,28,3.8,48,0.3879
2005-02-28T05:00:00Z,0.3,25,3.6,50.3,0.4022
2005-02-28T06:00:00Z,0.3,31,2.8,52.6,0.3972
2005-02-28T07:00:00Z,0.4,66,2.5,52.7,0.3908
2005-02-28T08:00:00Z,1,111,2.7,50.5,0.3804
2005-02-28T09:00:00Z,1.2,122,2.7,49.4,0.3714
2005-02-28T10:00:00Z,1,115,3.3,45.2,0.354
2005-02-28T11:00:00Z,0.9,123,3.1,43.3,0.3354
2005-02-28T12:00:00Z,0.8,119,3.7,38.8,0.3123
2005-02-28T13:00:00Z,1.1,125,4,36.8,0.3016
2005-02-28T14:00:00Z,1,110,3.7,35,0.2823
2005-02-28T15:00:00Z,0.8,111,3.4,32.4,0.2563
2005-02-28T16:00:00Z,0.9,114,3.3,33.1,0.2592
2005-02-28T17:00:00Z,0.9,114,2.6,35.1,0.2618
2005-02-28T18:00:00Z,2,140,2.1,36.6,0.2634
2005-02-28T19:00:00Z,2.4,141,1.6,37.9,0.2645
2005-02-28T20:00:00Z,2.5,142,1.4,38,0.2615
2005-02-28T21:00:00Z,1.6,123,1,36.6,0.2456
2005-02-28T22:00:00Z,0.9,90,1.1,35.4,0.2382
2005-02-28T23:00:00Z,0.7,79,1,34.3,0.2292
2005-03-01T00:00:00Z,0.6,69,1,37.4,0.2487
2005-03-01T01:00:00Z,0.6,60,0.7,41.2,0.2693
2005-03-01T02:00:00Z,0.4,37,0.2,40.6,0.2566
2005-03-01T04:00:00Z,0.2,27,-0.1,37.5,0.2326
2005-03-01T05:00:00Z,0.2,30,-0.3,38.4,0.2347
2005-03-01T06:00:00Z,0.2,33,-0.6,40.1,0.2404
2005-03-01T07:00:00Z,0.5,84,-0.6,41.4,0.2478
2005-03-01T08:00:00Z,1.5,147,-0.2,40.2,0.2478
2005-03-01T09:00:00Z,1.9,143,0.6,36.8,0.2388
2005-03-01T10:00:00Z,1.4,122,2.8,30.3,0.2294
2005-03-01T11:00:00Z,0.9,109,3.1,29.1,0.224
2005-03-01T12:00:00Z,0.7,95,3.3,29.2,0.2288
2005-03-01T13:00:00Z,0.8,94,3.1,31,0.2386
2005-03-01T14:00:00Z,1,102,3.2,30.8,0.2399
2005-03-01T15:00:00Z,0.9,107,3.3,31.5,0.2464
2005-03-01T16:00:00Z,1,113,4.1,28.6,0.2363
2005-03-01T17:00:00Z,0.9,110,3.9,29.2,0.2378
2005-03-01T18:00:00Z,1.4,116,1.9,35,0.2494
2005-03-01T19:00:00Z,2.1,148,1.8,35.4,0.2497
2005-03-01T20:00:00Z,2.8,156,1.4,36.5,0.2503
2005-03-01T21:00:00Z,2.2,159,0.8,36.3,0.2388
2005-03-01T22:00:00Z,1,116,0.6,34.1,0.221
2005-03-01T23:00:00Z,1.1,110,0.3,31.9,0.2031
2005-03-02T00:00:00Z,0.9,102,0.2,30.2,0.191
2005-03-02T01:00:00Z,0.8,93,0,29.7,0.1847
2005-03-02T02:00:00Z,0.6,67,-0.1,31.9,0.1975
2005-03-02T04:00:00Z,-200,75,-1.4,44.9,0.2536
2005-03-02T05:00:00Z,0.4,73,-1.3,46.3,0.2635
2005-03-02T06:00:00Z,0.5,96,-1.2,47.2,0.27
2005-03-02T07:00:00Z,0.7,110,-1.3,47.5,0.2702
2005-03-02T08:00:00Z,2.4,150,-1.9,51.4,0.2801
2005-03-02T09:00:00Z,2.8,169,-0.5,45.9,0.2763
2005-03-02T10:00:00Z,2,181,4.6,32.5,0.2783
2005-03-02T11:00:00Z,2.2,187,7.5,24.3,0.2528
2005-03-02T12:00:00Z,1.4,146,9.6,18.8,0.2246
2005-03-02T13:00:00Z,1.2,131,9.3,18.4,0.2157
2005-03-02T14:00:00Z,1.9,161,9.7,18.6,0.2244
2005-03-02T15:00:00Z,1.3,143,10.1,16.7,0.2062
2005-03-02T16:00:00Z,2,176,11.8,13.5,0.1862
2005-03-02T17:00:00Z,2,178,11.6,15.3,0.2086
2005-03-02T18:00:00Z,3.4,207,9.1,19.2,0.2225
2005-03-02T19:00:00Z,5.1,240,7.2,25.6,0.2611
2005-03-02T20:00:00Z,5.3,236,6.1,34,0.3237
2005-03-02T21:00:00Z,2.8,199,5.1,36.4,0.323
2005-03-02T22:00:00Z,1.6,170,4.8,39.6,0.344
2005-03-02T23:00:00Z,1.4,153,5,39.6,0.3479
2005-03-03T00:00:00Z,1.4,140,4.1,41.7,0.3456
2005-03-03T01:00:00Z,1.4,138,4.4,43.3,0.3656
2005-03-03T02:00:00Z,1.1,117,3.8,45.9,0.3728
2005-03-03T04:00:00Z,1,119,3.4,56.3,0.4455
2005-03-03T05:00:00Z,1,108,2.9,67.9,0.5183
2005-03-03T06:00:00Z,1.2,121,2.8,74.1,0.5618
2005-03-03T07:00:00Z,1.4,136,2.9,75.6,0.5742
2005-03-03T08:00:00Z,3,175,3.8,72.4,0.5867
2005-03-03T09:00:00Z,4.2,211,5.9,50.2,0.4706
2005-03-03T10:00:00Z,2.1,186,7.3,39.4,0.4035
2005-03-03T11:00:00Z,2,177,3.6,75.9,0.6055
2005-03-03T12:00:00Z,1.6,147,3.6,78.6,0.6283
2005-03-03T13:00:00Z,1.4,150,5.3,69.2,0.6213
2005-03-03T14:00:00Z,1.6,148,6.1,66,0.6255
2005-03-03T15:00:00Z,1.5,151,6,70.1,0.6577
2005-03-03T16:00:00Z,1.7,151,6.3,72.1,0.6907
2005-03-03T17:00:00Z,1.9,165,6.3,75.7,0.7252
2005-03-03T18:00:00Z,3.8,197,5.6,80.4,0.7382
2005-03-03T19:00:00Z,5.4,228,4.9,82.4,0.7201
2005-03-03T20:00:00Z,4.2,196,4.3,84,0.7051
2005-03-03T21:00:00Z,3.8,192,4.3,83.6,0.7025
2005-03-03T22:00:00Z,2.3,161,4.6,82.5,0.7066
2005-03-03T23:00:00Z,2.1,156,4.4,82,0.6938
2005-03-04T00:00:00Z,2.3,158,4.3,80.9,0.6791
2005-03-04T01:00:00Z,2.3,154,4.1,81.2,0.6721
2005-03-04T02:00:00Z,1.7,138,3.9,80.9,0.6613
2005-03-04T04:00:00Z,0.6,92,4.5,65.1,0.5547
2005-03-04T05:00:00Z,0.9,103,4,75.2,0.6161
2005-03-04T06:00:00Z,1.1,117,3.7,76.4,0.6164
2005-03-04T07:00:00Z,1.9,139,3.1,77.3,0.5985
2005-03-04T08:00:00Z,3.7,167,3.7,74.4,0.5992
2005-03-04T09:00:00Z,6.1,205,5,69.4,0.6118
2005-03-04T10:00:00Z,4.6,216,6.5,60.9,0.5919
2005-03-04T11:00:00Z,3.3,192,7.6,59.8,0.6245
2005-03-04T12:00:00Z,3.3,188,8.6,57.6,0.6471
2005-03-04T13:00:00Z,3.4,189,10.9,52.4,0.6826
2005-03-04T14:00:00Z,3.6,192,12.3,48.3,0.6871
2005-03-04T15:00:00Z,3.9,194,12.5,43.4,0.6298
2005-03-04T16:00:00Z,4.8,217,11.9,42.3,0.5902
2005-03-04T17:00:00Z,3.9,178,12.3,41.2,0.5867
2005-03-04T18:00:00Z,3.6,183,10.8,48.1,0.6235
2005-03-04T19:00:00Z,3.6,189,8.9,52.5,0.5996
2005-03-04T20:00:00Z,4.6,225,8.4,54.7,0.6057
2005-03-04T21:00:00Z,2.3,175,7.5,58.7,0.6112
2005-03-04T22:00:00Z,1.6,153,6.9,60,0.5977
2005-03-04T23:00:00Z,1.8,156,6.6,61.3,0.5995
2005-03-05T00:00:00Z,2.2,172,6.3,59.8,0.5761
2005-03-05T01:00:00Z,2.1,164,5.4,65.8,0.5935
2005-03-05T02:00:00Z,1.7,157,5.8,59.6,0.5523
2005-03-05T04:00:00Z,-200,136,4.4,63.9,0.5385
2005-03-05T05:00:00Z,1.1,110,4.2,62.5,0.5191
2005-03-05T06:00:00Z,1.1,128,3.1,68.6,0.5302
2005-03-05T07:00:00Z,0.8,132,4.6,54.6,0.4682
2005-03-05T08:00:00Z,1.3,156,5,54.5,0.4788
2005-03-05T09:00:00Z,2.3,185,7,48.1,0.4847
2005-03-05T10:00:00Z,1.1,121,10,37.7,0.4643
2005-03-05T11:00:00Z,1.1,117,13,30.3,0.452
2005-03-05T12:00:00Z,1.5,133,14,28.1,0.4476
2005-03-05T13:00:00Z,1.6,136,13.3,28.9,0.4399
2005-03-05T14:00:00Z,2.2,162,13.4,29,0.4436
2005-03-05T15:00:00Z,1.5,132,13.5,28.3,0.4374
2005-03-05T16:00:00Z,1.8,162,13,29.7,0.442
2005-03-05T17:00:00Z,2,159,11.6,38.7,0.5271
2005-03-05T18:00:00Z,1.9,156,8.6,56.3,0.6312
2005-03-05T19:00:00Z,2.5,177,8.5,57.9,0.6435
2005-03-05T20:00:00Z,2.6,185,7.8,63.4,0.6735
2005-03-05T21:00:00Z,3.2,199,7.2,69.5,0.7084
2005-03-05T22:00:00Z,2.2,166,6.5,74.7,0.7248
2005-03-05T23:00:00Z,1.9,152,6.5,73.9,0.7224
2005-03-06T00:00:00Z,2.4,170,6.8,72.1,0.7143
2005-03-06T01:00:00Z,1.8,160,7,60,0.6055
2005-03-06T02:00:00Z,0.9,100,7.2,47.8,0.487
2005-03-06T04:00:00Z,0.7,57,6.8,52.9,0.5245
2005-03-06T05:00:00Z,0.6,48,5.8,65,0.6029
2005-03-06T06:00:00Z,0.5,32,5.8,59.4,0.5502
2005-03-06T07:00:00Z,0.6,72,5.5,58.3,0.529
2005-03-06T08:00:00Z,0.6,86,5.9,54.8,0.5119
2005-03-06T09:00:00Z,0.7,79,7.3,48.7,0.5007
2005-03-06T10:00:00Z,0.7,87,9.4,39.9,0.4707
2005-03-06T11:00:00Z,0.9,85,11.2,33.8,0.449
2005-03-06T12:00:00Z,1,97,12.3,29.9,0.4255
2005-03-06T13:00:00Z,1,96,14.8,23.7,0.3945
2005-03-06T14:00:00Z,1.4,113,13.1,26.6,0.399
2005-03-06T15:00:00Z,3,163,13.3,25.7,0.3914
2005-03-06T16:00:00Z,1.5,146,12,27.7,0.3885
2005-03-06T17:00:00Z,1.7,167,11.5,30.1,0.4067
2005-03-06T18:00:00Z,2.3,162,10.1,33.2,0.4115
2005-03-06T19:00:00Z,2.5,194,8.6,38.1,0.4282
2005-03-06T20:00:00Z,2.1,185,8,41.2,0.4433
2005-03-06T21:00:00Z,1.5,158,7.5,43.8,0.4551
2005-03-06T22:00:00Z,1.4,156,6.8,46.9,0.465
2005-03-06T23:00:00Z,1.4,157,6.1,46.3,0.4394
2005-03-07T00:00:00Z,1.4,141,5.6,45.5,0.4187
2005-03-07T01:00:00Z,1.2,116,5.4,48.8,0.4393
2005-03-07T02:00:00Z,0.9,84,5.1,51.2,0.4534
2005-03-07T04:00:00Z,0.4,34,5.2,57.2,0.5094
2005-03-07T05:00:00Z,0.4,45,4.5,63.1,0.5381
2005-03-07T06:00:00Z,0.5,59,5.2,54.5,0.486
2005-03-07T07:00:00Z,0.7,99,5.6,51.3,0.4712
2005-03-07T08:00:00Z,1.5,165,5.9,45.4,0.4244
2005-03-07T09:00:00Z,1.9,168,6.9,41.3,0.4145
2005-03-07T10:00:00Z,1.6,169,8.6,34.2,0.3834
2005-03-07T11:00:00Z,1.4,162,9.6,27.7,0.3308
2005-03-07T12:00:00Z,1.3,155,10.6,25.3,0.3224
2005-03-07T13:00:00Z,1.3,136,10.2,25.6,0.3181
2005-03-07T14:00:00Z,1.2,124,10,25.2,0.3079
2005-03-07T15:00:00Z,1.3,158,9.7,25.7,0.3088
2005-03-07T16:00:00Z,1.4,167,9.7,26.8,0.3226
2005-03-07T17:00:00Z,1.7,176,9.4,27.3,0.3216
2005-03-07T18:00:00Z,2.5,204,7.9,28,0.2999
2005-03-07T19:00:00Z,3.8,209,6.9,30.7,0.3066
2005-03-07T20:00:00Z,4.2,224,6.1,33.3,0.3152
2005-03-07T21:00:00Z,2.8,211,5,37.4,0.329
2005-03-07T22:00:00Z,1.5,174,4.2,40.9,0.3417
2005-03-07T23:00:00Z,1.8,181,3.9,43.5,0.3538
2005-03-08T00:00:00Z,1.5,157,3,47.7,0.3658
2005-03-08T01:00:00Z,1.5,154,2.5,52.1,0.3855
2005-03-08T02:00:00Z,1.2,147,2,53.5,0.3831
2005-03-08T04:00:00Z,-200,101,0.5,59.4,0.3841
2005-03-08T05:00:00Z,0.7,114,1.4,56.8,0.3903
2005-03-08T06:00:00Z,0.7,134,0.9,58.4,0.388
2005-03-08T07:00:00Z,1.3,144,0.3,61,0.3881
2005-03-08T08:00:00Z,3.4,182,0.9,59.1,0.3913
2005-03-08T09:00:00Z,5.5,223,4.1,47.9,0.3959
2005-03-08T10:00:00Z,4.1,219,7.7,34.6,0.3652
2005-03-08T11:00:00Z,3,215,10.9,25.7,0.3341
2005-03-08T12:00:00Z,1.9,191,13.7,17.4,0.2715
2005-03-08T13:00:00Z,1.8,162,14,16.8,0.2672
2005-03-08T14:00:00Z,2.1,165,14.1,17,0.2729
2005-03-08T15:00:00Z,2.3,171,15,15.8,0.2678
2005-03-08T16:00:00Z,2.3,164,16.5,14.9,0.2775
2005-03-08T17:00:00Z,2,168,15.8,16.7,0.2972
2005-03-08T18:00:00Z,3.1,204,13.2,23.9,0.3597
2005-03-08T19:00:00Z,5.1,242,11,33.8,0.4436
2005-03-08T20:00:00Z,5.9,246,9.5,39,0.4644
2005-03-08T21:00:00Z,3.2,215,8.5,42.4,0.4716
2005-03-08T22:00:00Z,2.4,206,7.5,44,0.4564
2005-03-08T23:00:00Z,1.4,167,6.6,46,0.4505
2005-03-09T00:00:00Z,1.4,145,5.5,49.6,0.4526
2005-03-09T01:00:00Z,1.3,133,4.9,52.2,0.4567
2005-03-09T02:00:00Z,1,117,4.6,53.5,0.4584
2005-03-09T04:00:00Z,0.8,90,3.8,56.8,0.4614
2005-03-09T05:00:00Z,0.9,112,2.3,63.5,0.463
2005-03-09T06:00:00Z,0.9,120,2,64.9,0.4657
2005-03-09T07:00:00Z,1.7,141,2,65.3,0.4688
2005-03-09T08:00:00Z,4.3,190,3.3,61.6,0.4829
2005-03-09T09:00:00Z,6,215,5.7,52.5,0.4851
2005-03-09T10:00:00Z,3.8,215,8.3,43.5,0.4774
2005-03-09T11:00:00Z,3.3,235,10.5,38.9,0.4926
2005-03-09T12:00:00Z,2.3,194,14.5,33.4,0.5488
2005-03-09T13:00:00Z,2.4,159,15.7,34.6,0.6147
2005-03-09T14:00:00Z,2.2,123,16.1,36.3,0.6593
2005-03-09T15:00:00Z,1.9,121,17.3,34.5,0.6728
2005-03-09T16:00:00Z,1.7,102,17.6,34.1,0.6781
2005-03-09T17:00:00Z,1.9,114,18,33.1,0.6779
2005-03-09T18:00:00Z,3.8,168,14.6,41,0.6792
2005-03-09T19:00:00Z,5.3,207,12.8,46.2,0.6794
2005-03-09T20:00:00Z,5.9,199,11.5,53.9,0.7312
2005-03-09T21:00:00Z,5.5,192,10.6,58.8,0.7512
2005-03-09T22:00:00Z,2,148,9.7,60,0.7238
2005-03-09T23:00:00Z,1.8,137,8.3,64.2,0.7071
2005-03-10T00:00:00Z,1.6,123,7.8,65.5,0.6961
2005-03-10T01:00:00Z,1.3,109,7.5,65.9,0.6868
2005-03-10T02:00:00Z,1.1,98,6.1,72.1,0.6847
2005-03-10T04:00:00Z,1,94,4,80.9,0.667
2005-03-10T05:00:00Z,0.8,95,4.2,79.1,0.6611
2005-03-10T06:00:00Z,0.9,101,5.3,73.2,0.6577
2005-03-10T07:00:00Z,1.3,100,4.3,76.1,0.6395
2005-03-10T08:00:00Z,4.1,150,4.8,74.6,0.647
2005-03-10T09:00:00Z,3.9,168,7.5,64.5,0.6702
2005-03-10T10:00:00Z,3.5,199,11.7,49.3,0.6772
2005-03-10T11:00:00Z,2.7,168,14.7,41.2,0.6857
2005-03-10T12:00:00Z,2.3,161,17.4,33.2,0.6535
2005-03-10T14:00:00Z,2.1,145,19.1,18.1,0.3955
2005-03-10T15:00:00Z,2.2,148,19.5,15.3,0.3431
2005-03-10T16:00:00Z,1.8,131,20.2,14.4,0.337
2005-03-10T17:00:00Z,1.9,137,19.8,16,0.3632
2005-03-10T18:00:00Z,2.7,163,16.5,21.6,0.4012
2005-03-10T19:00:00Z,4.7,219,14.5,18.3,0.2996
2005-03-10T20:00:00Z,5.4,245,12.8,22.8,0.3364
2005-03-10T21:00:00Z,4.2,229,11.5,35.9,0.4862
2005-03-10T22:00:00Z,2.1,184,9.5,34.6,0.411
2005-03-10T23:00:00Z,1.4,151,8.3,38.2,0.4203
2005-03-11T00:00:00Z,1.4,133,7.7,41.7,0.4387
2005-03-11T01:00:00Z,1.4,135,6.8,44.9,0.4472
2005-03-11T02:00:00Z,1,111,5.7,49.4,0.4551
2005-03-11T03:00:00Z,0.8,90,5.7,50.1,0.4629
2005-03-11T04:00:00Z,-200,91,4.4,56.4,0.4761
2005-03-11T05:00:00Z,0.7,89,4.9,55.2,0.4807
2005-03-11T06:00:00Z,0.6,89,4.5,56.3,0.48
2005-03-11T07:00:00Z,0.2,117,3.8,59.7,0.4839
2005-03-11T08:00:00Z,1.5,141,4.3,58.6,0.4915
2005-03-11T09:00:00Z,3.5,189,7.1,50,0.5067
2005-03-11T10:00:00Z,3,211,11.1,38.4,0.5066
2005-03-11T12:00:00Z,1,162,17.2,30.6,0.5949
2005-03-11T13:00:00Z,1.5,172,17.8,33.3,0.6741
2005-03-11T14:00:00Z,2.2,182,18.8,31.8,0.6853
2005-03-11T15:00:00Z,1.7,180,19.3,29.9,0.6604
2005-03-11T16:00:00Z,1.1,156,18.8,31.5,0.6752
2005-03-11T17:00:00Z,1.3,168,18.2,28.1,0.5817
2005-03-11T18:00:00Z,1.5,181,16,35.3,0.6356
2005-03-11T19:00:00Z,3.4,226,13.8,43.6,0.6825
2005-03-11T20:00:00Z,3.8,231,12.9,48.8,0.725
2005-03-11T21:00:00Z,2.8,222,12.8,49.3,0.7277
2005-03-11T22:00:00Z,0.8,165,12.2,50.9,0.7202
2005-03-11T23:00:00Z,0.5,151,10.6,55.9,0.7138
2005-03-12T00:00:00Z,1,174,10.3,55.9,0.7014
2005-03-12T01:00:00Z,0.4,145,10.2,55.8,0.6927
2005-03-12T02:00:00Z,0.4,147,10,57.3,0.7015
2005-03-12T03:00:00Z,0.3,134,10.2,57.9,0.7191
2005-03-12T04:00:00Z,-200,85,10.3,59.4,0.7459
2005-03-12T05:00:00Z,-200,55,9.8,68.9,0.8329
2005-03-12T06:00:00Z,-200,65,9.2,75.3,0.8764
2005-03-12T07:00:00Z,-200,84,9.4,73.1,0.8621
2005-03-12T08:00:00Z,0.1,88,10.6,66.1,0.8444
2005-03-12T09:00:00Z,0.2,109,12.6,58.5,0.8517
2005-03-12T10:00:00Z,0.6,130,15,48.6,0.8253
2005-03-12T11:00:00Z,0.7,137,14.2,51.5,0.8313
2005-03-12T12:00:00Z,0.6,145,15.1,48.6,0.8266
2005-03-12T13:00:00Z,0.3,128,18,35.4,0.7233
2005-03-12T14:00:00Z,0.5,129,17.9,35.3,0.7184
2005-03-12T15:00:00Z,0.2,105,17.7,35,0.7014
2005-03-12T16:00:00Z,0.4,114,17.6,35.5,0.7065
2005-03-12T17:00:00Z,0.7,146,17.5,34.1,0.6775
2005-03-12T18:00:00Z,0.9,156,15.6,40,0.7018
2005-03-12T19:00:00Z,0.8,152,14,47.8,0.7582
2005-03-12T20:00:00Z,2.4,201,13.2,51.4,0.776
2005-03-12T21:00:00Z,3.3,221,12,56.1,0.7832
2005-03-12T22:00:00Z,0.9,157,11.6,54.7,0.7454
2005-03-12T23:00:00Z,0.1,114,12,53.3,0.7472
2005-03-13T00:00:00Z,0.1,107,12.5,55.4,0.79990000000000006
2005-03-13T01:00:00Z,0.1,113,12.3,56,0.7958
2005-03-13T02:00:00Z,0.2,118,12.4,53.4,0.7669
2005-03-13T03:00:00Z,-200,69,12.7,51.8,0.7574
2005-03-13T04:00:00Z,-200,63,13.2,49.7,0.7503
2005-03-13T05:00:00Z,-200,61,12.3,55.9,0.7966
2005-03-13T06:00:00Z,-200,42,13.3,50.1,0.7624
2005-03-13T07:00:00Z,-200,68,12.3,51.8,0.7384
2005-03-13T08:00:00Z,-200,120,12.9,50.4,0.7448
2005-03-13T09:00:00Z,0.1,112,12.9,49.9,0.7406
2005-03-13T10:00:00Z,0.3,148,13.9,47.3,0.7479
2005-03-13T11:00:00Z,1,160,13.5,51.6,0.7931
2005-03-13T12:00:00Z,1.6,164,13.2,56.2,0.8499
2005-03-13T13:00:00Z,1.4,159,14.2,57.8,0.9292
2005-03-13T14:00:00Z,0.3,110,17.2,46.2,0.8989
2005-03-13T15:00:00Z,0.1,82,19.9,36.6,0.8406
2005-03-13T16:00:00Z,0.3,102,19.7,37.1,0.8399
2005-03-13T17:00:00Z,0.5,119,19,37.4,0.8122
2005-03-13T18:00:00Z,0.8,135,16.4,43.5,0.8055
2005-03-13T19:00:00Z,3.2,215,15.1,49.8,0.8458
2005-03-13T20:00:00Z,2.8,211,14.8,51,0.8507
2005-03-13T21:00:00Z,1,172,14.6,51.6,0.8508
2005-03-13T22:00:00Z,0.9,166,13.7,52.1,0.8121
2005-03-13T23:00:00Z,0.9,168,13.2,55.6,0.8412
2005-03-14T00:00:00Z,0.4,134,13.2,55.9,0.8465
2005-03-14T01:00:00Z,0.4,122,11.7,62.1,0.8535
2005-03-14T02:00:00Z,0.3,123,9.9,68.9,0.8388
2005-03-14T03:00:00Z,0.1,104,9.8,68,0.8227
2005-03-14T04:00:00Z,-200,90,8.9,71.9,0.8202
2005-03-14T05:00:00Z,0.8,85,8.4,74.5,0.8241
2005-03-14T06:00:00Z,1,103,9.2,71,0.8299
2005-03-14T07:00:00Z,1.6,127,9.9,67.6,0.8239
2005-03-14T08:00:00Z,3.5,163,10.8,64.4,0.8328
2005-03-14T09:00:00Z,4,155,11.7,61.7,0.8483
2005-03-14T10:00:00Z,3.5,170,13.7,51.9,0.8106
2005-03-14T11:00:00Z,1.6,141,16.3,43.5,0.7988
2005-03-14T12:00:00Z,1.5,123,17.9,38.8,0.7883
2005-03-14T13:00:00Z,1.5,124,19.3,35.5,0.7876
2005-03-14T14:00:00Z,1.7,126,20.1,32.9,0.7672
2005-03-14T15:00:00Z,1.6,128,20,33,0.7625
2005-03-14T16:00:00Z,2.4,158,20.2,32.2,0.7526
2005-03-14T17:00:00Z,3.4,177,18.9,34.4,0.7436
2005-03-14T18:00:00Z,5.4,225,17.9,37.6,0.7624
2005-03-14T19:00:00Z,6.5,234,16.7,43.4,0.8168
2005-03-14T20:00:00Z,6.5,227,15.9,47.9,0.8573
2005-03-14T21:00:00Z,4,192,15.3,52.6,0.906
2005-03-14T22:00:00Z,2.1,158,13.7,58.5,0.9146
2005-03-14T23:00:00Z,1.6,149,12.7,62.8,0.9198
2005-03-15T00:00:00Z,1.5,140,12.2,65,0.9193
2005-03-15T01:00:00Z,0.7,79,13,61.2,0.9105
2005-03-15T02:00:00Z,0.7,69,11.1,66.1,0.8738
2005-03-15T03:00:00Z,0.6,72,10.1,69.8,0.8619
2005-03-15T04:00:00Z,0.5,58,11.6,61,0.8299
2005-03-15T05:00:00Z,0.4,59,10.1,64.5,0.7968
2005-03-15T06:00:00Z,0.6,88,9.3,67.9,0.7969
2005-03-15T07:00:00Z,0.9,110,10.1,64.3,0.7934
2005-03-15T08:00:00Z,2.6,151,10.4,62.7,0.7909
2005-03-15T09:00:00Z,3.3,158,13,53.9,0.8036
2005-03-15T10:00:00Z,4,194,16.4,44.6,0.8242
2005-03-15T11:00:00Z,3.1,181,19.1,36.7,0.8044
2005-03-15T12:00:00Z,2.2,161,21,30.6,0.7508
2005-03-15T13:00:00Z,2.1,143,22.1,27.6,0.7254
2005-03-15T14:00:00Z,2.2,142,22.2,25.5,0.6752
2005-03-15T15:00:00Z,1.9,146,23.6,23.2,0.6665
2005-03-15T16:00:00Z,2.5,166,23.6,22.9,0.6571
2005-03-15T17:00:00Z,2.9,172,22.8,24.6,0.6736
2005-03-15T18:00:00Z,3.9,196,20.3,29.7,0.6973
2005-03-15T19:00:00Z,6.3,243,18,36,0.7345
2005-03-15T20:00:00Z,7.4,248,16.4,41.9,0.7759
2005-03-15T21:00:00Z,5.7,233,14.9,47.6,0.8003
2005-03-15T22:00:00Z,2.3,174,13.8,49.6,0.7793
2005-03-15T23:00:00Z,1.5,149,13.2,51.6,0.7765
2005-03-16T00:00:00Z,1.4,134,11.8,56.9,0.7836
2005-03-16T01:00:00Z,1.1,123,11.4,58,0.7818
2005-03-16T02:00:00Z,0.9,111,11.3,58,0.7742
2005-03-16T03:00:00Z,0.7,93,10.7,59.6,0.7673
2005-03-16T04:00:00Z,0.6,97,9,65.4,0.7532
2005-03-16T05:00:00Z,0.6,86,8,68.9,0.7402
2005-03-16T06:00:00Z,0.8,99,7.5,70.9,0.7358
2005-03-16T07:00:00Z,1,99,7.6,69.2,0.7238
2005-03-16T08:00:00Z,2.1,129,8.7,64.3,0.7257
2005-03-16T09:00:00Z,4.2,161,11.7,54.3,0.7459
2005-03-16T10:00:00Z,4.3,202,15.9,42.2,0.7553
2005-03-16T11:00:00Z,3.2,200,19.3,34.7,0.7681
2005-03-16T12:00:00Z,2.8,194,23.1,27.3,0.7615
2005-03-16T13:00:00Z,2.4,173,26.1,20.8,0.6959
2005-03-16T14:00:00Z,2.5,169,26.8,17.9,0.6249
2005-03-16T15:00:00Z,2.9,188,28.4,16,0.6095
2005-03-16T16:00:00Z,3,211,28.8,15.1,0.5877
2005-03-16T17:00:00Z,3.6,210,27.9,15.6,0.5782
2005-03-16T18:00:00Z,3.5,193,24.1,20.6,0.6075
2005-03-16T19:00:00Z,4.8,227,21,28,0.6904
2005-03-16T20:00:00Z,4.4,223,18.4,38.8,0.8152
2005-03-16T21:00:00Z,4.9,229,16.9,42.9,0.8222
2005-03-16T22:00:00Z,2.9,194,15.5,45,0.7895
2005-03-16T23:00:00Z,2.1,171,14.3,49.6,0.8049
2005-03-17T00:00:00Z,1.6,147,14.7,48,0.7977
2005-03-17T01:00:00Z,1.2,111,13.3,51.4,0.7821
2005-03-17T02:00:00Z,0.9,104,12.6,53.7,0.7793
2005-03-17T03:00:00Z,0.7,90,11.5,56.8,0.7706
2005-03-17T04:00:00Z,-200,81,10.1,61.9,0.7631
2005-03-17T05:00:00Z,0.5,69,9.8,61.8,0.7523
2005-03-17T06:00:00Z,0.6,84,9,64.3,0.7417
2005-03-17T07:00:00Z,1.3,123,7.9,68.4,0.7324
2005-03-17T08:00:00Z,3.8,166,9.5,62.6,0.7444
2005-03-17T09:00:00Z,5.6,189,13.2,51,0.7704
2005-03-17T10:00:00Z,4.4,217,16.9,40.3,0.7717
2005-03-17T11:00:00Z,3,196,20.8,31.3,0.7617
2005-03-17T12:00:00Z,2.2,189,24.3,24.7,0.7407
2005-03-17T13:00:00Z,2,174,26.7,22.6,0.7785
2005-03-17T14:00:00Z,2.2,161,27.1,21.7,0.7636
2005-03-17T15:00:00Z,2.1,158,28.3,17.9,0.6769
2005-03-17T16:00:00Z,2.2,161,27.8,20,0.7378
2005-03-17T17:00:00Z,1.9,147,26.2,19.4,0.6491
2005-03-17T18:00:00Z,2.7,165,22.7,24.4,0.6661
2005-03-17T19:00:00Z,3.9,214,20.2,29.3,0.686
2005-03-17T20:00:00Z,5.6,228,17.3,35.2,0.6907
2005-03-17T21:00:00Z,4.9,240,16.1,38.7,0.7023
2005-03-17T22:00:00Z,2.2,188,14.6,44.5,0.7337
2005-03-17T23:00:00Z,1.9,173,13.7,48.6,0.7555
2005-03-18T00:00:00Z,1.4,150,12.4,52.2,0.7513
2005-03-18T01:00:00Z,1.3,134,11.9,53.4,0.7414
2005-03-18T02:00:00Z,1.1,132,10.4,58.4,0.7367
2005-03-18T03:00:00Z,0.9,117,8.9,63.5,0.7268
2005-03-18T04:00:00Z,0.9,103,8.2,65.9,0.7168
2005-03-18T05:00:00Z,0.7,99,7.7,67.1,0.7074
2005-03-18T06:00:00Z,0.8,106,7.2,68.6,0.6978
2005-03-18T07:00:00Z,1.2,113,7.5,66.7,0.6943
2005-03-18T08:00:00Z,2.9,141,8.7,61.6,0.696
2005-03-18T09:00:00Z,5.4,180,12,51,0.7131
2005-03-18T10:00:00Z,4.3,192,15.4,42.5,0.7379
2005-03-18T11:00:00Z,3.1,187,18.8,33.5,0.7186
2005-03-18T12:00:00Z,2.4,169,22.2,28.1,0.7426
2005-03-18T13:00:00Z,2.3,161,24.7,25.5,0.7785
2005-03-18T14:00:00Z,2.3,160,25,23.4,0.7301
2005-03-18T15:00:00Z,2.3,177,25.9,21.9,0.7209
2005-03-18T16:00:00Z,3.4,219,25.6,21.7,0.7039
2005-03-18T17:00:00Z,3.7,212,25.1,21.8,0.6854
2005-03-18T18:00:00Z,4.1,225,22.1,25.6,0.6728
2005-03-18T19:00:00Z,5.6,240,19.1,32.5,0.7112
2005-03-18T20:00:00Z,5.3,223,16.7,42.5,0.8002
2005-03-18T21:00:00Z,4.9,241,15.5,48.3,0.8439
2005-03-18T22:00:00Z,2,159,13.3,60.5,0.9168
2005-03-18T23:00:00Z,1.9,150,12.1,67.6,0.9539
2005-03-19T00:00:00Z,2.2,163,11.8,68.3,0.9432
2005-03-19T01:00:00Z,1.9,155,11.6,68.3,0.9314
2005-03-19T02:00:00Z,1.1,119,11.8,67.9,0.9362
2005-03-19T03:00:00Z,1,94,12.3,65.8,0.9374
2005-03-19T04:00:00Z,0.9,80,12.2,66.9,0.9496
2005-03-19T05:00:00Z,0.9,83,12.1,67.3,0.948
2005-03-19T06:00:00Z,0.7,79,11.8,67.1,0.9274
2005-03-19T07:00:00Z,1,96,11.9,65.6,0.9129
2005-03-19T08:00:00Z,2,141,12.2,65.6,0.93
2005-03-19T09:00:00Z,2.7,153,12.8,64.4,0.9448
2005-03-19T10:00:00Z,2.5,156,13.4,62,0.9498
2005-03-19T11:00:00Z,2.4,162,14.5,57,0.9333
2005-03-19T12:00:00Z,2.2,164,15.8,51.3,0.9144
2005-03-19T13:00:00Z,2.1,160,17.5,46,0.9104
2005-03-19T14:00:00Z,1.8,140,19.5,40.2,0.901
2005-03-19T15:00:00Z,1.4,119,21.2,35.9,0.8943
2005-03-19T16:00:00Z,2.1,153,21.7,35.1,0.8993
2005-03-19T17:00:00Z,1.7,139,20.5,38.4,0.9161
2005-03-19T18:00:00Z,1.9,156,18.2,45.9,0.9488
2005-03-19T19:00:00Z,2.7,183,16.2,53,0.9722
2005-03-19T20:00:00Z,3.2,185,15,57.6,0.9777
2005-03-19T21:00:00Z,3.3,200,14.1,60.8,0.9716
2005-03-19T22:00:00Z,2.3,163,13.2,65.6,0.9882
2005-03-19T23:00:00Z,1.9,154,13.5,63.8,0.9797
2005-03-20T00:00:00Z,1.9,151,13.6,63.4,0.9794
2005-03-20T01:00:00Z,1.9,149,13.6,63.5,0.9857
2005-03-20T02:00:00Z,1.5,131,13.4,64.8,0.988
2005-03-20T03:00:00Z,1.1,94,13.2,64.8,0.9801
2005-03-20T04:00:00Z,-200,66,13,65.3,0.9704
2005-03-20T05:00:00Z,0.8,69,12.6,65.9,0.9583
2005-03-20T06:00:00Z,0.6,57,13.1,64,0.9591
2005-03-20T07:00:00Z,0.7,78,12.4,66.2,0.95
2005-03-20T08:00:00Z,0.7,84,13.3,62.4,0.946
2005-03-20T09:00:00Z,1,97,14,59.7,0.9491
2005-03-20T10:00:00Z,1.5,123,15.4,54,0.9385
2005-03-20T11:00:00Z,2.4,166,17,47.5,0.9146
2005-03-20T12:00:00Z,1.6,130,18.6,42.6,0.904
2005-03-20T13:00:00Z,1.2,109,21.5,35,0.8886
2005-03-20T14:00:00Z,0.9,82,21.3,35.6,0.8924
2005-03-20T15:00:00Z,0.9,73,23.1,32.1,0.8973
2005-03-20T16:00:00Z,1.1,91,22.1,34.5,0.9035
2005-03-20T17:00:00Z,1.4,109,21.5,35.7,0.905
2005-03-20T18:00:00Z,1.7,128,19.3,41.6,0.923
2005-03-20T19:00:00Z,2.9,155,17.3,47.8,0.9363
2005-03-20T20:00:00Z,4,176,16,54.9,0.9934
2005-03-20T21:00:00Z,4,179,15.6,58,1.0197
2005-03-20T22:00:00Z,1.9,124,14.8,61.3,1.025
2005-03-20T23:00:00Z,1.5,105,13.8,63.4,0.9916
2005-03-21T00:00:00Z,1.5,99,13.1,66.1,0.9913
2005-03-21T01:00:00Z,1.6,104,13.3,66.4,1.0128
2005-03-21T02:00:00Z,1.1,95,13.3,67,1.0207
2005-03-21T03:00:00Z,0.8,81,13.1,68.6,1.0288
2005-03-21T04:00:00Z,0.7,68,12.2,72.4,1.0224
2005-03-21T05:00:00Z,0.6,69,11.6,73.8,1.0054
2005-03-21T06:00:00Z,0.7,73,12.9,67.5,0.999
2005-03-21T07:00:00Z,1.3,113,12.8,68,1.0023
2005-03-21T08:00:00Z,3.2,141,13.5,63.9,0.9875
2005-03-21T09:00:00Z,6.1,174,14.7,59.8,0.9928
2005-03-21T10:00:00Z,4.3,178,15.9,56.6,1.0147
2005-03-21T11:00:00Z,2.6,163,18.3,49.4,1.0264
2005-03-21T12:00:00Z,2,143,19.8,44.2,1.0091
2005-03-21T13:00:00Z,1.8,127,21.6,39.6,1.009
2005-03-21T14:00:00Z,2.1,131,23.3,35.8,1.0086
2005-03-21T15:00:00Z,2.1,135,23.8,33.4,0.9699
2005-03-21T16:00:00Z,2,131,22.8,35.3,0.9693
2005-03-21T17:00:00Z,2.6,153,22.8,34.9,0.9576
2005-03-21T18:00:00Z,4.5,198,20.9,39.3,0.9615
2005-03-21T19:00:00Z,6.4,232,18.6,46.4,0.9867
2005-03-21T20:00:00Z,6,224,17.2,52.7,1.0285
2005-03-21T21:00:00Z,3.8,183,15.3,61,1.054
2005-03-21T22:00:00Z,2.1,144,14.2,65.4,1.0497
2005-03-21T23:00:00Z,1.2,117,13.8,65.2,1.0275
2005-03-22T00:00:00Z,1.3,106,13.3,65.6,0.9969
2005-03-22T01:00:00Z,1.5,121,12.6,67.9,0.9886
2005-03-22T02:00:00Z,0.9,87,12.8,64.5,0.9493
2005-03-22T03:00:00Z,0.7,62,12.8,63.6,0.936
2005-03-22T04:00:00Z,0.5,70,12,65.2,0.9103
2005-03-22T05:00:00Z,0.6,66,10.6,70.8,0.9033
2005-03-22T06:00:00Z,0.7,88,10.9,69.2,0.9033
2005-03-22T07:00:00Z,0.9,93,10.3,70.9,0.8907
2005-03-22T08:00:00Z,2.2,116,11.8,66.3,0.9174
2005-03-22T09:00:00Z,4.7,151,14.1,58.9,0.9447
2005-03-22T10:00:00Z,4.5,169,16.5,51.6,0.9601
2005-03-22T11:00:00Z,3.1,166,20.2,42.1,0.984
2005-03-22T12:00:00Z,2.8,160,21.7,39,0.9979
2005-03-22T13:00:00Z,2.4,145,23.5,35,0.9977
2005-03-22T14:00:00Z,2.5,131,23.5,34.2,0.9748
2005-03-22T15:00:00Z,2,130,25.5,28.3,0.9124
2005-03-22T16:00:00Z,1.7,122,25.5,24.7,0.7928
2005-03-22T17:00:00Z,1.7,113,22.9,29.2,0.8055
2005-03-22T18:00:00Z,3.3,156,21.3,32.9,0.8209
2005-03-22T19:00:00Z,4.5,198,20.1,42.4,0.988
2005-03-22T20:00:00Z,5.8,175,18.6,46.6,0.9858
2005-03-22T21:00:00Z,4.3,141,17.4,50.6,0.9989
2005-03-22T22:00:00Z,3,101,16.4,57.2,1.0574
2005-03-22T23:00:00Z,2.8,102,16.3,59.4,1.0895
2005-03-23T00:00:00Z,2.7,119,16,60.2,1.0844
2005-03-23T01:00:00Z,2.4,110,15.6,61.6,1.0859
2005-03-23T02:00:00Z,2.2,87,15.4,62,1.0793
2005-03-23T03:00:00Z,2,66,15.2,63.5,1.0881
2005-03-23T04:00:00Z,-200,65,14.5,66.4,1.0919
2005-03-23T05:00:00Z,0.5,63,15,64.8,1.1007
2005-03-23T06:00:00Z,0.7,71,14.2,68.3,1.0988
2005-03-23T07:00:00Z,1.2,103,14,68.6,1.0918
2005-03-23T08:00:00Z,3.9,144,15.4,63.4,1.1045
2005-03-23T09:00:00Z,4.9,158,17.8,53.3,1.0736
2005-03-23T10:00:00Z,4.6,169,19.4,47.5,1.061
2005-03-23T11:00:00Z,3.4,184,21.4,38.7,0.9724
2005-03-23T12:00:00Z,2,143,22.9,29.3,0.8077
2005-03-23T13:00:00Z,1.9,133,24.2,26.5,0.7869
2005-03-23T14:00:00Z,2.4,141,24.5,23.1,0.6968
2005-03-23T15:00:00Z,2.4,153,23.1,22.8,0.6346
2005-03-23T16:00:00Z,2.2,149,23.3,23.8,0.6738
2005-03-23T17:00:00Z,2.5,159,23.2,23.3,0.6562
2005-03-23T18:00:00Z,3.9,181,22.7,25.5,0.6944
2005-03-23T19:00:00Z,6.2,227,21,29.2,0.7192
2005-03-23T20:00:00Z,7.2,230,19.5,35.6,0.7978
2005-03-23T21:00:00Z,3.9,194,18.8,37.3,0.8031
2005-03-23T22:00:00Z,2.4,172,17.7,39.7,0.799
2005-03-23T23:00:00Z,2.3,158,16.7,45.2,0.8506
2005-03-24T00:00:00Z,1.9,144,15.9,47,0.8434
2005-03-24T01:00:00Z,1.7,133,15.1,50.2,0.8543
2005-03-24T02:00:00Z,0.9,109,15.3,49.2,0.8493
2005-03-24T03:00:00Z,0.7,94,13.1,56.1,0.8416
2005-03-24T04:00:00Z,0.5,73,13.3,54.4,0.8287
2005-03-24T05:00:00Z,0.4,76,12.4,58.3,0.8364
2005-03-24T06:00:00Z,0.4,74,12.9,56,0.8292
2005-03-24T07:00:00Z,0.7,73,11.9,59.6,0.8294
2005-03-24T08:00:00Z,3.1,107,13.4,55.1,0.8444
2005-03-24T09:00:00Z,3.4,115,16.1,46.4,0.8436
2005-03-24T10:00:00Z,3.5,132,17.9,42.2,0.8557
2005-03-24T11:00:00Z,3.2,155,18.2,43.2,0.8926
2005-03-24T12:00:00Z,3.2,140,16,67.9,1.2217
2005-03-24T13:00:00Z,3.3,147,17.6,59.7,1.188
2005-03-24T14:00:00Z,3,161,20.9,43.4,1.0618
2005-03-24T15:00:00Z,2,123,24.1,33.3,0.9881
2005-03-24T16:00:00Z,2.3,142,22.9,35.2,0.9694
2005-03-24T17:00:00Z,2.2,143,22.2,36.2,0.956
2005-03-24T18:00:00Z,2.7,153,21.3,37.8,0.9462
2005-03-24T19:00:00Z,5.9,200,20.1,43.2,1.0051
2005-03-24T20:00:00Z,7.5,232,18.8,49.1,1.0538
2005-03-24T21:00:00Z,5,201,18.2,52.2,1.0795
2005-03-24T22:00:00Z,4,175,17.4,57.3,1.1288
2005-03-24T23:00:00Z,2.7,159,17,56.6,1.0902
2005-03-25T00:00:00Z,2,135,16.2,66.3,1.208
2005-03-25T01:00:00Z,1.5,128,15.3,73.3,1.2655
2005-03-25T02:00:00Z,1,109,15.2,73.3,1.2556
2005-03-25T03:00:00Z,1,101,13.9,80.4,1.2694
2005-03-25T04:00:00Z,0.9,96,13.6,82.8,1.2817
2005-03-25T05:00:00Z,0.8,87,13.7,82,1.277
2005-03-25T06:00:00Z,0.6,81,13.7,78,1.2174
2005-03-25T07:00:00Z,1,100,14.1,75.5,1.2065
2005-03-25T08:00:00Z,3.2,146,14.8,73.6,1.2331
2005-03-25T09:00:00Z,4.3,158,16,67.8,1.2276
2005-03-25T10:00:00Z,2.7,136,18.4,59.2,1.2398
2005-03-25T11:00:00Z,1.6,117,20.4,50.5,1.1954
2005-03-25T12:00:00Z,1.4,140,21.3,46.6,1.1628
2005-03-25T13:00:00Z,2.3,169,20.4,49.8,1.1765
2005-03-25T14:00:00Z,2.1,163,21.1,47.8,1.1813
2005-03-25T15:00:00Z,1.4,144,21.5,47.8,1.206
2005-03-25T16:00:00Z,3.4,153,21.7,47.4,1.2184
2005-03-25T17:00:00Z,3.8,164,21,49.8,1.2208
2005-03-25T18:00:00Z,4.9,174,20.4,51.9,1.2261
2005-03-25T19:00:00Z,5.7,196,19.4,56.3,1.25
2005-03-25T20:00:00Z,5.5,189,18.8,58.3,1.2514
2005-03-25T21:00:00Z,3.9,155,18.2,61,1.2634
2005-03-25T22:00:00Z,3.1,137,17.7,63.3,1.2729
2005-03-25T23:00:00Z,2,117,17.7,63.5,1.27
2005-03-26T00:00:00Z,2.5,128,17.1,66.9,1.2926
2005-03-26T01:00:00Z,2.2,124,16.8,69,1.3135
2005-03-26T02:00:00Z,1.5,108,16.6,70,1.3078
2005-03-26T03:00:00Z,1.2,89,16.1,71.3,1.2955
2005-03-26T04:00:00Z,-200,92,16.2,71.2,1.3013
2005-03-26T05:00:00Z,0.8,84,16.3,69.8,1.2853
2005-03-26T06:00:00Z,0.1,83,16.1,70,1.2739
2005-03-26T07:00:00Z,1.1,80,16.1,69.5,1.2623
2005-03-26T08:00:00Z,1.7,93,16.5,68.1,1.2653
2005-03-26T09:00:00Z,2.1,106,17.4,65,1.2775
2005-03-26T10:00:00Z,2.3,115,18.4,60.2,1.2623
2005-03-26T11:00:00Z,2.1,124,19.1,57.5,1.2569
2005-03-26T12:00:00Z,1.9,113,21.2,48.4,1.2028
2005-03-26T13:00:00Z,1.7,104,22.3,43.9,1.1695
2005-03-26T14:00:00Z,1.3,85,23.7,39.4,1.1366
2005-03-26T15:00:00Z,1.3,94,23.1,41.2,1.1523
2005-03-26T16:00:00Z,1.6,99,25.7,35.7,1.1626
2005-03-26T17:00:00Z,2.2,112,24.3,38.4,1.1503
2005-03-26T18:00:00Z,2.3,122,21.9,45.1,1.1687
2005-03-26T19:00:00Z,2.2,119,19.7,51.8,1.1779
2005-03-26T20:00:00Z,2,119,18.7,54.5,1.1644
2005-03-26T21:00:00Z,2.3,127,17.8,58.1,1.1742
2005-03-26T22:00:00Z,2.2,126,17.3,60.8,1.1885
2005-03-26T23:00:00Z,1.6,111,16.5,63.8,1.1873
2005-03-27T00:00:00Z,1.6,102,16.3,65.2,1.1982
2005-03-27T01:00:00Z,1.3,93,16.5,63.8,1.1896
2005-03-27T02:00:00Z,1,78,16.6,63,1.1784
2005-03-27T03:00:00Z,1,74,16.2,64.3,1.1729
2005-03-27T04:00:00Z,1,68,15.9,65.1,1.1654
2005-03-27T05:00:00Z,0.8,68,15.8,65.4,1.1629
2005-03-27T06:00:00Z,0.7,61,15.8,65.9,1.1792
2005-03-27T07:00:00Z,1.1,76,15.6,67.7,1.1911
2005-03-27T08:00:00Z,1.1,78,15.2,71.5,1.2228
2005-03-27T09:00:00Z,1.1,79,14.5,80.8,1.3224
2005-03-27T10:00:00Z,1.4,90,15.2,81.4,1.393
2005-03-27T11:00:00Z,1.3,89,15.9,77.3,1.3838
2005-03-27T12:00:00Z,1.5,97,17.5,67.1,1.3342
2005-03-27T13:00:00Z,1.3,91,18.1,62.8,1.2916
2005-03-27T14:00:00Z,0.8,62,18.6,62.1,1.3224
2005-03-27T15:00:00Z,0.9,66,16.2,71.9,1.3171
2005-03-27T16:00:00Z,1.4,104,15.4,75.2,1.3024
2005-03-27T17:00:00Z,1.8,126,14.4,80.8,1.3182
2005-03-27T18:00:00Z,1.6,122,13.8,83.5,1.3154
2005-03-27T19:00:00Z,1.8,121,13.9,83.6,1.3208
2005-03-27T20:00:00Z,2.1,126,14.2,82.3,1.3219
2005-03-27T21:00:00Z,1.9,115,14.1,81.4,1.3046
2005-03-27T22:00:00Z,1.7,116,14.4,79,1.2917
2005-03-27T23:00:00Z,1.9,120,14.6,77.7,1.2834
2005-03-28T00:00:00Z,1.6,111,14.4,78.6,1.2839
2005-03-28T01:00:00Z,1.2,101,14.4,78,1.2741
2005-03-28T02:00:00Z,1,92,14.1,79.1,1.2665
2005-03-28T03:00:00Z,1,78,13.7,80.6,1.2528
2005-03-28T04:00:00Z,0.8,63,13.9,79.6,1.2616
2005-03-28T05:00:00Z,0.6,63,13.8,79,1.2425
2005-03-28T06:00:00Z,0.6,63,13.9,78,1.2346
2005-03-28T07:00:00Z,1,84,14.1,77.8,1.2445
2005-03-28T08:00:00Z,1,89,15,73.2,1.2413
2005-03-28T09:00:00Z,1.3,101,16.4,67.3,1.2451
2005-03-28T10:00:00Z,1.5,115,17.8,61.7,1.2436
2005-03-28T11:00:00Z,1.6,111,20.8,50.4,1.2213
2005-03-28T12:00:00Z,1.4,96,21.6,46.8,1.1959
2005-03-28T13:00:00Z,1.4,87,23.1,41.3,1.1506
2005-03-28T14:00:00Z,1.2,81,23.6,39.4,1.132
2005-03-28T15:00:00Z,1.3,85,25.1,34,1.068
2005-03-28T16:00:00Z,1.4,98,24.7,35.6,1.0882
2005-03-28T17:00:00Z,1.6,109,24.2,38.1,1.1357
2005-03-28T18:00:00Z,2.8,150,22.7,42.4,1.154
2005-03-28T19:00:00Z,3.7,175,19.6,47.8,1.0781
2005-03-28T20:00:00Z,2.9,157,17.6,54.4,1.0839
2005-03-28T21:00:00Z,1.8,130,16.2,60.6,1.1089
2005-03-28T22:00:00Z,1.6,120,15.2,65.8,1.1288
2005-03-28T23:00:00Z,1.7,114,14.5,68.9,1.1298
2005-03-29T00:00:00Z,1.5,100,14.3,68.5,1.1122
2005-03-29T01:00:00Z,1,83,14.7,66.4,1.1006
2005-03-29T02:00:00Z,0.8,72,13.4,70.4,1.0793
2005-03-29T03:00:00Z,0.5,51,14.2,65.1,1.0495
2005-03-29T04:00:00Z,-200,46,13.7,68.2,1.0611
2005-03-29T05:00:00Z,0.5,58,13.7,67.8,1.0575
2005-03-29T06:00:00Z,1,86,12.9,71.8,1.0657
2005-03-29T07:00:00Z,3,122,13.2,69.9,1.0543
2005-03-29T08:00:00Z,5.1,140,14.4,65.8,1.0727
2005-03-29T09:00:00Z,4.3,146,15.3,63.3,1.092
2005-03-29T10:00:00Z,3.3,152,17.7,55.6,1.112
2005-03-29T11:00:00Z,2.4,147,19.6,49.4,1.1176
2005-03-29T12:00:00Z,2.4,134,18.1,58.3,1.2013
2005-03-29T13:00:00Z,2.5,136,18,57.9,1.1826
2005-03-29T14:00:00Z,2.3,142,18.6,55,1.1696
2005-03-29T15:00:00Z,2.7,153,18.3,57.9,1.2047
2005-03-29T16:00:00Z,2.7,153,18.3,54.8,1.1403
2005-03-29T17:00:00Z,3.3,155,18.3,53.9,1.1252
2005-03-29T18:00:00Z,3.9,181,18.5,54.6,1.1515
2005-03-29T19:00:00Z,2.6,151,17.1,61.5,1.191
2005-03-29T20:00:00Z,3.2,159,16.4,62.5,1.1531
2005-03-29T21:00:00Z,2.3,151,15.2,64.2,1.0983
2005-03-29T22:00:00Z,1.4,127,14.6,67.3,1.1102
2005-03-29T23:00:00Z,1.1,107,13.5,70.8,1.0928
2005-03-30T00:00:00Z,1.2,101,13,71.9,1.0697
2005-03-30T01:00:00Z,0.9,80,13,70.2,1.0457
2005-03-30T02:00:00Z,0.7,68,11.6,74.9,1.0224
2005-03-30T03:00:00Z,0.5,61,12.5,67.4,0.9722
2005-03-30T04:00:00Z,0.4,56,11.5,71.5,0.9684
2005-03-30T05:00:00Z,0.5,70,10.2,77.9,0.9692
2005-03-30T06:00:00Z,0.8,78,11,73.1,0.9554
2005-03-30T07:00:00Z,2.3,106,10.7,73.6,0.9439
2005-03-30T08:00:00Z,2.9,117,12.1,67.3,0.9499
2005-03-30T09:00:00Z,3.1,144,15.1,58.6,0.9982
2005-03-30T10:00:00Z,2.7,158,18.6,49.5,1.052
2005-03-30T11:00:00Z,1.8,137,20.9,42.5,1.037
2005-03-30T12:00:00Z,1.9,130,23.6,34.8,0.9986
2005-03-30T13:00:00Z,1.8,125,25.6,28.5,0.9199
2005-03-30T14:00:00Z,1.8,124,26.1,26.3,0.875
2005-03-30T15:00:00Z,1.8,125,26.6,24.9,0.8525
2005-03-30T16:00:00Z,1.7,135,25.1,28.5,0.8932
2005-03-30T17:00:00Z,3.2,179,24.1,32.1,0.9504
2005-03-30T18:00:00Z,3.4,183,21.5,39.1,0.9914
2005-03-30T19:00:00Z,4.2,193,19.3,46.2,1.023
2005-03-30T20:00:00Z,3.5,185,18.2,52.6,1.0911
2005-03-30T21:00:00Z,2,147,16.8,58.2,1.1022
2005-03-30T22:00:00Z,1.4,117,16,61.9,1.115
2005-03-30T23:00:00Z,1.5,112,15.3,65.4,1.126
2005-03-31T00:00:00Z,1.2,101,14.5,67.8,1.1171
2005-03-31T01:00:00Z,1.1,93,14.2,68.6,1.1068
2005-03-31T02:00:00Z,0.7,64,13.9,68.7,1.0892
2005-03-31T03:00:00Z,0.6,61,13.1,72.5,1.0911
2005-03-31T04:00:00Z,0.5,54,12.9,72.7,1.076
2005-03-31T05:00:00Z,0.6,64,12.3,74.2,1.0583
2005-03-31T06:00:00Z,0.9,80,12.6,71.5,1.038
2005-03-31T07:00:00Z,4,133,12.7,69.6,1.0206
2005-03-31T08:00:00Z,4.1,170,16.8,51.6,0.9818
2005-03-31T09:00:00Z,1.9,139,20.3,40.1,0.9439
2005-03-31T10:00:00Z,1.3,124,21,37.3,0.9139
2005-03-31T11:00:00Z,1.2,118,21,36.9,0.9089
2005-03-31T12:00:00Z,1.2,108,22.8,33,0.904
2005-03-31T13:00:00Z,1.2,100,24,30.3,0.8925
2005-03-31T14:00:00Z,0.9,91,22.6,33.2,0.9007
2005-03-31T15:00:00Z,1,89,22.5,32.9,0.8846
2005-03-31T16:00:00Z,1.1,102,21.5,33.8,0.8575
2005-03-31T17:00:00Z,1.5,114,21.4,36.4,0.9172
2005-03-31T18:00:00Z,2.1,124,20,38.9,0.8974
2005-03-31T19:00:00Z,2.1,136,17.8,45.2,0.9123
2005-03-31T20:00:00Z,1.5,118,16.3,47.3,0.8686
2005-03-31T21:00:00Z,1,93,16.3,44.8,0.8244
2005-03-31T22:00:00Z,0.8,72,15.6,47.1,0.8273
2005-03-31T23:00:00Z,0.8,69,15.1,47.6,0.8139
2005-04-01T00:00:00Z,0.7,61,15.1,44.5,0.7569
2005-04-01T01:00:00Z,0.6,50,14.6,43,0.7108
2005-04-01T02:00:00Z,0.5,35,14.5,43.7,0.7163
2005-04-01T03:00:00Z,0.5,29,13.6,46.7,0.7245
2005-04-01T04:00:00Z,-200,41,13.7,48.8,0.7606
2005-04-01T05:00:00Z,0.5,66,13.5,50.6,0.7783
2005-04-01T06:00:00Z,0.6,89,13.7,47.4,0.7412
2005-04-01T07:00:00Z,1.5,150,13.7,45.9,0.7154
2005-04-01T08:00:00Z,1.9,150,16.1,41,0.7435
2005-04-01T09:00:00Z,1.3,127,16.1,41.5,0.7559
2005-04-01T10:00:00Z,1,120,16.5,40.8,0.757
2005-04-01T11:00:00Z,1,123,18.9,33.8,0.7312
2005-04-01T12:00:00Z,1.1,115,19.2,29.5,0.648
2005-04-01T13:00:00Z,1.3,122,19.9,26.3,0.6054
2005-04-01T14:00:00Z,1,111,19.2,27,0.5934
2005-04-01T15:00:00Z,1.1,119,19.4,25.3,0.5625
2005-04-01T16:00:00Z,1.4,137,18.9,26.2,0.5667
2005-04-01T17:00:00Z,1.5,147,19.3,24.7,0.5483
2005-04-01T18:00:00Z,1.6,154,17.1,25.3,0.4881
2005-04-01T19:00:00Z,2.2,160,15.6,26.2,0.4604
2005-04-01T20:00:00Z,1.4,134,13.8,30.6,0.479
2005-04-01T21:00:00Z,0.9,110,13.1,31.7,0.4756
2005-04-01T22:00:00Z,0.8,99,13.2,31.8,0.4798
2005-04-01T23:00:00Z,1.1,127,13.6,30.8,0.4779
2005-04-02T00:00:00Z,1.5,174,13.1,32,0.4817
2005-04-02T01:00:00Z,1.1,127,12.7,33.6,0.4902
2005-04-02T02:00:00Z,0.6,81,12.2,35.6,0.5038
2005-04-02T03:00:00Z,0.5,70,11.9,35.6,0.4945
2005-04-02T04:00:00Z,0.4,49,11.2,38.3,0.5099
2005-04-02T05:00:00Z,0.4,44,11,40.5,0.5316
2005-04-02T06:00:00Z,0.6,107,10.7,42.8,0.5489
2005-04-02T07:00:00Z,0.9,141,11.1,43.3,0.572
2005-04-02T08:00:00Z,0.9,121,14.2,36.9,0.5939
2005-04-02T09:00:00Z,0.8,103,15.6,33.3,0.5861
2005-04-02T10:00:00Z,1,102,16.3,30,0.5514
2005-04-02T11:00:00Z,0.8,95,17,26.1,0.5036
2005-04-02T12:00:00Z,0.8,93,19.3,22.3,0.495
2005-04-02T13:00:00Z,1,95,20.5,21.9,0.5215
2005-04-02T14:00:00Z,0.8,80,22,20.2,0.5274
2005-04-02T15:00:00Z,0.8,81,21.7,20.9,0.5367
2005-04-02T16:00:00Z,0.9,106,21.6,20.8,0.5292
2005-04-02T17:00:00Z,1.1,113,21,22.3,0.5468
2005-04-02T18:00:00Z,1.1,117,18.6,26.6,0.5631
2005-04-02T19:00:00Z,1.2,124,15.5,33.9,0.5957
2005-04-02T20:00:00Z,1.1,122,14.3,38,0.6162
2005-04-02T21:00:00Z,0.8,87,13.5,39.4,0.6089
2005-04-02T22:00:00Z,0.7,79,13.1,41.3,0.6184
2005-04-02T23:00:00Z,0.7,93,13.5,37.8,0.5815
2005-04-03T00:00:00Z,0.8,102,13.5,37.4,0.5745
2005-04-03T01:00:00Z,0.8,86,12.7,40.8,0.5977
2005-04-03T02:00:00Z,0.7,77,12,44.2,0.6177
2005-04-03T03:00:00Z,0.8,88,10.5,48.7,0.6164
2005-04-03T04:00:00Z,0.5,64,10.1,49.7,0.6122
2005-04-03T05:00:00Z,0.3,46,9.6,51,0.6082
2005-04-03T06:00:00Z,0.4,55,9.1,52.4,0.6074
2005-04-03T07:00:00Z,0.6,84,8.9,52.7,0.6034
2005-04-03T08:00:00Z,0.7,89,13.5,40,0.6168
2005-04-03T09:00:00Z,1.2,118,17.8,30.7,0.6205
2005-04-03T10:00:00Z,1.4,113,21.1,23.7,0.5875
2005-04-03T11:00:00Z,1.3,115,24,19.3,0.5673
2005-04-03T12:00:00Z,1.4,124,26.5,16.4,0.5594
2005-04-03T13:00:00Z,1,86,28.7,13.7,0.5302
2005-04-03T14:00:00Z,1,87,28.5,13.1,0.5002
2005-04-03T15:00:00Z,1.1,100,30,11.1,0.4624
2005-04-03T16:00:00Z,1.3,132,29.4,10.4,0.4192
2005-04-03T17:00:00Z,1.4,156,28.9,9.9,0.3866
2005-04-03T18:00:00Z,1.2,138,22.8,21.7,0.5945
2005-04-03T19:00:00Z,2.7,181,19.9,33,0.7608
2005-04-03T20:00:00Z,2.5,187,17.5,40.7,0.8073
2005-04-03T21:00:00Z,1.5,158,16.4,46.6,0.8642
2005-04-03T22:00:00Z,1.6,153,15.5,49,0.8579
2005-04-03T23:00:00Z,1.2,128,14.3,52.5,0.8497
2005-04-04T00:00:00Z,0.9,93,14.2,51.4,0.8275
2005-04-04T01:00:00Z,0.6,58,13.8,51.2,0.8058
2005-04-04T02:00:00Z,0.5,55,12.1,56.3,0.7927
2005-04-04T03:00:00Z,0.4,51,11.3,58.9,0.7888
2005-04-04T04:00:00Z,-200,43,11.8,56,0.7743
2005-04-04T05:00:00Z,0.5,53,10.4,59.9,0.755
2005-04-04T06:00:00Z,1.1,93,9.5,63.1,0.7531
2005-04-04T07:00:00Z,4,155,9.7,61.9,0.7446
2005-04-04T08:00:00Z,5,174,13.5,48.9,0.7553
2005-04-04T09:00:00Z,3.9,187,18.2,36.3,0.7487
2005-04-04T10:00:00Z,3.1,190,21.9,29.3,0.7568
2005-04-04T11:00:00Z,2.4,179,24.3,23.7,0.7119
2005-04-04T12:00:00Z,2.4,175,26.9,18.3,0.6406
2005-04-04T13:00:00Z,2.1,156,28.3,13.5,0.5139
2005-04-04T14:00:00Z,2.2,168,28.5,13.1,0.5028
